user_id,total_hours,avg_hours,max_hours,unique_games,purchase_count,total_interactions,hours_per_game,purchase_ratio
5250,225.5,8.351851851851851,144.0,21,21,27,10.738095238095237,0.7777777777777778
76767,1227.0,21.910714285714285,365.0,36,36,56,34.083333333333336,0.6428571428571429
86540,255.0,2.6288659793814433,113.0,82,82,97,3.1097560975609757,0.845360824742268
103360,0.0,0.0,0.0,10,10,10,0.0,1.0
144736,0.1,0.011111111111111112,0.1,8,8,9,0.0125,0.8888888888888888
181212,2.2,0.15714285714285717,1.8,12,12,14,0.18333333333333335,0.8571428571428571
229911,390.5,8.677777777777777,165.0,27,27,45,14.462962962962964,0.6
298950,3745.4,8.629953917050692,1019.0,259,259,434,14.461003861003862,0.5967741935483871
299153,0.0,0.0,0.0,14,14,14,0.0,1.0
381543,3.0,0.2727272727272727,3.0,10,10,11,0.3,0.9090909090909091
547685,512.6,17.086666666666666,489.0,25,25,30,20.504,0.8333333333333334
554278,281.0,7.594594594594595,216.0,28,28,37,10.035714285714286,0.7567567567567568
561758,1040.9,4.6468750000000005,147.0,144,144,224,7.228472222222223,0.6428571428571429
577614,36.0,4.0,36.0,8,8,9,4.5,0.8888888888888888
604988,0.0,0.0,0.0,8,8,8,0.0,1.0
622362,71.0,5.071428571428571,35.0,10,10,14,7.1,0.7142857142857143
635733,0.6,0.06666666666666667,0.6,8,8,9,0.075,0.8888888888888888
683019,42.9,2.86,38.0,13,13,15,3.3,0.8666666666666667
714122,3.5,0.2692307692307692,1.6,10,10,13,0.35,0.7692307692307693
748719,1487.2,33.04888888888889,1329.0,30,30,45,49.57333333333334,0.6666666666666666
835015,0.0,0.0,0.0,8,8,8,0.0,1.0
861238,1.9,0.15833333333333333,0.7,9,9,12,0.2111111111111111,0.75
871990,134.2,8.946666666666665,131.0,12,12,15,11.183333333333332,0.8
937567,1.4000000000000001,0.0736842105263158,1.1,17,17,19,0.0823529411764706,0.8947368421052632
948368,88.5,5.205882352941177,83.0,14,14,17,6.321428571428571,0.8235294117647058
975449,2165.0,3.7327586206896552,458.0,378,378,580,5.727513227513228,0.6517241379310345
976129,0.5,0.05555555555555555,0.5,8,8,9,0.0625,0.8888888888888888
983600,55.0,4.230769230769231,55.0,12,12,13,4.583333333333333,0.9230769230769231
994489,1396.2,48.1448275862069,1087.0,23,23,29,60.70434782608696,0.7931034482758621
1006880,0.0,0.0,0.0,8,8,8,0.0,1.0
1024319,12.1,1.3444444444444443,12.1,8,8,9,1.5125,0.8888888888888888
1072465,102.7,4.890476190476191,75.0,15,15,21,6.846666666666667,0.7142857142857143
1129452,671.4,19.18285714285714,257.0,22,22,35,30.518181818181816,0.6285714285714286
1135775,1.3,0.14444444444444446,1.3,8,8,9,0.1625,0.8888888888888888
1268792,0.5,0.05555555555555555,0.5,8,8,9,0.0625,0.8888888888888888
1364546,553.9,50.35454545454545,553.0,9,9,11,61.544444444444444,0.8181818181818182
1423371,241.0,24.1,241.0,9,9,10,26.77777777777778,0.9
1601069,0.0,0.0,0.0,8,8,8,0.0,1.0
1601773,0.0,0.0,0.0,10,10,10,0.0,1.0
1603625,0.0,0.0,0.0,8,8,8,0.0,1.0
1612666,167.1,3.7133333333333334,28.0,28,28,45,5.9678571428571425,0.6222222222222222
1665511,0.0,0.0,0.0,8,8,8,0.0,1.0
1699101,0.5,0.05555555555555555,0.5,8,8,9,0.0625,0.8888888888888888
1713646,0.7,0.05384615384615384,0.7,12,12,13,0.05833333333333333,0.9230769230769231
1834453,197.0,14.071428571428571,175.0,12,12,14,16.416666666666668,0.8571428571428571
1851828,0.0,0.0,0.0,10,10,10,0.0,1.0
1936551,826.3,3.4864978902953583,53.0,151,151,237,5.4721854304635755,0.6371308016877637
1950243,505.4,4.176859504132231,71.0,77,77,121,6.5636363636363635,0.6363636363636364
1971801,0.0,0.0,0.0,10,10,10,0.0,1.0
2039434,79.3,4.173684210526315,69.0,16,16,19,4.95625,0.8421052631578947
2083767,469.4,5.047311827956989,196.0,61,61,93,7.695081967213114,0.6559139784946236
2087859,0.0,0.0,0.0,14,14,14,0.0,1.0
2110581,292.5,4.642857142857143,140.0,35,35,63,8.357142857142858,0.5555555555555556
2184507,6.2,0.41333333333333333,5.2,12,12,15,0.5166666666666667,0.8
2259650,2067.4,6.7342019543973946,557.0,196,196,307,10.54795918367347,0.6384364820846905
2382003,0.0,0.0,0.0,8,8,8,0.0,1.0
2428602,474.4,27.905882352941177,473.0,15,15,17,31.626666666666665,0.8823529411764706
2531540,84.6,2.3499999999999996,72.0,29,29,36,2.9172413793103447,0.8055555555555556
2613043,0.2,0.022222222222222223,0.2,8,8,9,0.025,0.8888888888888888
2643609,769.5,9.865384615384615,286.0,49,49,78,15.704081632653061,0.6282051282051282
2753525,1238.6,7.201162790697674,176.0,115,115,172,10.770434782608694,0.6686046511627907
3001740,0.0,0.0,0.0,10,10,10,0.0,1.0
3054990,60.0,6.666666666666667,60.0,8,8,9,7.5,0.8888888888888888
3238976,5.5,0.6111111111111112,5.5,8,8,9,0.6875,0.8888888888888888
3244702,68.5,4.566666666666666,63.0,12,12,15,5.708333333333333,0.8
3249166,23.0,2.5555555555555554,23.0,8,8,9,2.875,0.8888888888888888
3347312,0.8,0.08888888888888889,0.8,8,8,9,0.1,0.8888888888888888
3372923,0.0,0.0,0.0,10,10,10,0.0,1.0
3449240,2038.8,13.153548387096773,618.0,98,98,155,20.804081632653062,0.632258064516129
3450426,2.7,0.2076923076923077,2.0,8,8,13,0.3375,0.6153846153846154
3498717,0.2,0.015384615384615385,0.2,12,12,13,0.016666666666666666,0.9230769230769231
3527485,529.9,13.944736842105263,455.0,23,23,38,23.039130434782606,0.6052631578947368
3614782,0.0,0.0,0.0,14,14,14,0.0,1.0
3663009,0.9,0.06923076923076923,0.9,12,12,13,0.075,0.9230769230769231
3674653,772.0,85.77777777777777,772.0,8,8,9,96.5,0.8888888888888888
3747293,8.1,0.6230769230769231,8.1,12,12,13,0.6749999999999999,0.9230769230769231
3783783,1460.9,31.758695652173916,882.0,27,27,46,54.10740740740741,0.5869565217391305
3897969,0.2,0.022222222222222223,0.2,8,8,9,0.025,0.8888888888888888
3974133,0.0,0.0,0.0,8,8,8,0.0,1.0
3979930,395.6,8.990909090909092,145.0,27,27,44,14.651851851851852,0.6136363636363636
4064412,1394.7,92.98,1312.0,11,11,15,126.7909090909091,0.7333333333333333
4156158,9.7,1.0777777777777777,9.7,8,8,9,1.2125,0.8888888888888888
4318904,0.0,0.0,0.0,8,8,8,0.0,1.0
4325465,0.6,0.06666666666666667,0.6,8,8,9,0.075,0.8888888888888888
4485779,1697.0,188.55555555555554,1697.0,8,8,9,212.125,0.8888888888888888
4595423,22.7,0.6305555555555555,11.8,27,27,36,0.8407407407407407,0.75
4603800,1.6,0.14545454545454548,1.6,10,10,11,0.16,0.9090909090909091
4677023,2.8,0.3111111111111111,2.8,8,8,9,0.35,0.8888888888888888
4812175,4.4,0.44000000000000006,4.2,8,8,10,0.55,0.8
4824107,579.5,12.877777777777778,273.0,31,31,45,18.693548387096776,0.6888888888888889
4834220,2070.6,42.25714285714285,474.0,33,33,49,62.74545454545454,0.673469387755102
4877411,280.8,16.51764705882353,238.0,12,12,17,23.400000000000002,0.7058823529411765
4897767,1.6,0.17777777777777778,1.6,8,8,9,0.2,0.8888888888888888
4986667,72.0,8.0,72.0,8,8,9,9.0,0.8888888888888888
5217749,10.8,0.8307692307692308,10.8,12,12,13,0.9,0.9230769230769231
5220782,80.2,4.01,39.0,16,16,20,5.0125,0.8
5232588,7.2,0.6545454545454545,6.5,8,8,11,0.9,0.7272727272727273
5270060,16.3,0.7086956521739131,12.2,18,18,23,0.9055555555555556,0.782608695652174
5307960,4.3,0.47777777777777775,4.3,8,8,9,0.5375,0.8888888888888888
5314150,0.0,0.0,0.0,7,7,7,0.0,1.0
5387470,2401.2,22.441121495327103,1055.0,72,72,107,33.349999999999994,0.6728971962616822
5600822,6.6,0.5076923076923077,6.6,12,12,13,0.5499999999999999,0.9230769230769231
5689496,9.9,0.7615384615384616,9.9,12,12,13,0.8250000000000001,0.9230769230769231
5759284,10.1,1.1222222222222222,10.1,8,8,9,1.2625,0.8888888888888888
5860071,126.5,5.75,75.0,15,15,22,8.433333333333334,0.6818181818181818
5949488,237.4,10.790909090909091,228.0,17,17,22,13.964705882352941,0.7727272727272727
5976642,122.5,6.805555555555555,55.0,13,13,18,9.423076923076923,0.7222222222222222
5990132,538.2,5.914285714285715,185.0,53,53,91,10.154716981132076,0.5824175824175825
6144819,507.7,10.802127659574468,212.0,33,33,47,15.384848484848485,0.7021276595744681
6216773,0.0,0.0,0.0,3,3,3,0.0,1.0
6252885,91.0,5.055555555555555,51.0,14,14,18,6.5,0.7777777777777778
6394150,0.0,0.0,0.0,3,3,3,0.0,1.0
6439568,363.4,21.376470588235293,251.0,11,11,17,33.03636363636363,0.6470588235294118
6656519,1.6,0.4,1.6,3,3,4,0.5333333333333333,0.75
6717871,339.1,1.9947058823529413,86.0,121,121,170,2.8024793388429754,0.711764705882353
6820462,9.3,0.775,7.0,9,9,12,1.0333333333333334,0.75
6928806,955.7,18.378846153846155,702.0,32,32,52,29.865625,0.6153846153846154
6979578,118.3,19.716666666666665,107.0,3,3,6,39.43333333333333,0.5
7015471,660.1,11.7875,328.0,39,39,56,16.925641025641028,0.6964285714285714
7020135,353.7,20.805882352941175,307.0,14,14,17,25.264285714285712,0.8235294117647058
7094039,1.6,0.26666666666666666,0.8,3,3,6,0.5333333333333333,0.5
7163917,64.2,2.3777777777777778,33.0,20,20,27,3.21,0.7407407407407407
7203603,1431.9,28.638,449.0,33,33,50,43.39090909090909,0.66
7249363,54.2,3.1882352941176473,38.0,11,11,17,4.927272727272728,0.6470588235294118
7273540,541.0,41.61538461538461,463.0,11,11,13,49.18181818181818,0.8461538461538461
7418489,330.4,19.435294117647057,213.0,12,12,17,27.53333333333333,0.7058823529411765
7431946,670.3,10.004477611940297,148.0,40,40,67,16.7575,0.5970149253731343
7440594,1207.7,9.899180327868853,288.0,81,81,122,14.909876543209878,0.6639344262295082
7507458,0.0,0.0,0.0,8,8,8,0.0,1.0
7519923,35.0,8.75,35.0,3,3,4,11.666666666666666,0.75
7527129,1.1,0.061111111111111116,1.1,17,17,18,0.06470588235294118,0.9444444444444444
7585698,0.5,0.045454545454545456,0.5,10,10,11,0.05,0.9090909090909091
7617325,0.0,0.0,0.0,8,8,8,0.0,1.0
7736384,671.0,61.0,478.0,9,9,11,74.55555555555556,0.8181818181818182
7757631,94.0,10.444444444444445,94.0,8,8,9,11.75,0.8888888888888888
7907686,682.7,3.969186046511628,175.0,117,117,172,5.835042735042736,0.6802325581395349
7923954,0.3,0.03333333333333333,0.3,8,8,9,0.0375,0.8888888888888888
7955670,3927.9,119.02727272727273,2060.0,21,21,33,187.04285714285714,0.6363636363636364
7987640,0.0,0.0,0.0,3,3,3,0.0,1.0
8013465,3.9,0.3,3.9,12,12,13,0.325,0.9230769230769231
8100868,10.2,1.1333333333333333,10.2,8,8,9,1.275,0.8888888888888888
8259307,126.1,0.8406666666666667,55.0,93,93,150,1.3559139784946237,0.62
8277694,1.3,0.325,1.3,3,3,4,0.43333333333333335,0.75
8311704,25.0,0.7142857142857143,13.6,26,26,35,0.9615384615384616,0.7428571428571429
8334557,0.2,0.014285714285714287,0.2,13,13,14,0.015384615384615385,0.9285714285714286
8415723,0.0,0.0,0.0,8,8,8,0.0,1.0
8542204,284.1,3.5962025316455697,129.0,44,44,79,6.456818181818182,0.5569620253164557
8567888,1.3,0.1,1.3,12,12,13,0.10833333333333334,0.9230769230769231
8585433,5856.6,13.250226244343892,1672.0,316,316,442,18.53354430379747,0.7149321266968326
8763960,621.9,77.7375,613.0,4,4,8,155.475,0.5
8776918,3508.8,38.55824175824176,729.0,60,60,91,58.480000000000004,0.6593406593406593
8784496,100.4,2.008,33.0,34,34,50,2.9529411764705884,0.68
8795607,314.0,4.617647058823529,119.0,48,48,68,6.541666666666667,0.7058823529411765
8817922,0.0,0.0,0.0,7,7,7,0.0,1.0
8865447,6.8999999999999995,0.6272727272727272,4.6,8,8,11,0.8624999999999999,0.7272727272727273
8949216,226.0,9.826086956521738,115.0,16,16,23,14.125,0.6956521739130435
8978697,0.0,0.0,0.0,8,8,8,0.0,1.0
9065641,0.7,0.06999999999999999,0.4,8,8,10,0.0875,0.8
9128105,2210.1,5.057437070938215,206.0,276,276,437,8.007608695652173,0.631578947368421
9134079,129.3,9.946153846153846,117.0,10,10,13,12.930000000000001,0.7692307692307693
9180659,1199.5,14.808641975308642,321.0,46,46,81,26.07608695652174,0.5679012345679012
9209946,46.1,2.0954545454545457,41.0,17,17,22,2.711764705882353,0.7727272727272727
9245216,123.0,3.727272727272727,86.0,25,25,33,4.92,0.7575757575757576
9365873,1.0,0.07142857142857142,0.3,10,10,14,0.1,0.7142857142857143
9439949,0.0,0.0,0.0,8,8,8,0.0,1.0
9544834,101.6,7.815384615384615,101.0,10,10,13,10.16,0.7692307692307693
9548378,0.0,0.0,0.0,3,3,3,0.0,1.0
9563573,391.5,5.29054054054054,132.0,50,50,74,7.83,0.6756756756756757
9740704,27.1,1.9357142857142857,23.0,11,11,14,2.463636363636364,0.7857142857142857
9759887,0.3,0.03333333333333333,0.3,8,8,9,0.0375,0.8888888888888888
9811609,0.0,0.0,0.0,8,8,8,0.0,1.0
9823354,2738.9,8.66740506329114,243.0,187,187,316,14.646524064171123,0.5917721518987342
9845449,62.7,1.6945945945945946,21.0,26,26,37,2.411538461538462,0.7027027027027027
9946133,1935.9,45.02093023255814,1229.0,26,26,43,74.45769230769231,0.6046511627906976
10064100,1.9,0.31666666666666665,1.7,4,4,6,0.475,0.6666666666666666
10095386,34.0,6.8,34.0,4,4,5,8.5,0.8
10144413,0.0,0.0,0.0,7,7,7,0.0,1.0
10144504,5.7,0.5181818181818182,5.0,8,8,11,0.7125,0.7272727272727273
10162301,407.9,6.686885245901639,41.0,38,38,61,10.734210526315788,0.6229508196721312
10181060,44.6,2.3473684210526318,27.0,11,11,19,4.054545454545455,0.5789473684210527
10216256,2.7,0.2076923076923077,2.7,12,12,13,0.225,0.9230769230769231
10218563,2022.1,16.574590163934424,568.0,82,82,122,24.659756097560976,0.6721311475409836
10253354,2610.4,7.251111111111111,272.0,228,228,360,11.449122807017543,0.6333333333333333
10262121,0.0,0.0,0.0,6,6,6,0.0,1.0
10267553,0.0,0.0,0.0,4,4,4,0.0,1.0
10302000,4849.5,73.47727272727273,2503.0,42,42,66,115.46428571428571,0.6363636363636364
10385370,169.4,7.058333333333334,59.0,17,17,24,9.964705882352941,0.7083333333333334
10450544,1511.5,7.872395833333333,817.0,118,118,192,12.809322033898304,0.6145833333333334
10478285,201.0,25.125,188.0,5,5,8,40.2,0.625
10515535,0.1,0.02,0.1,4,4,5,0.025,0.8
10595342,49.3,6.1625,46.0,4,4,8,12.325,0.5
10599862,11651.7,26.785517241379313,1061.0,257,257,435,45.33735408560312,0.5908045977011495
10608804,3.0,0.2,1.8,13,13,15,0.23076923076923078,0.8666666666666667
10714039,17.5,3.5,17.5,4,4,5,4.375,0.8
10809782,0.8,0.16,0.8,4,4,5,0.2,0.8
10810391,0.0,0.0,0.0,6,6,6,0.0,1.0
10854426,0.7,0.09999999999999999,0.7,6,6,7,0.11666666666666665,0.8571428571428571
10856494,2622.7,218.5583333333333,1423.0,7,7,12,374.6714285714285,0.5833333333333334
10868970,2.9,0.58,2.9,4,4,5,0.725,0.8
10869571,23.4,1.5599999999999998,23.0,13,13,15,1.7999999999999998,0.8666666666666667
10934310,4.2,0.525,1.8,4,4,8,1.05,0.5
10964000,29.0,5.8,29.0,4,4,5,7.25,0.8
11024186,537.5,20.673076923076923,277.0,15,15,26,35.833333333333336,0.5769230769230769
11080937,0.0,0.0,0.0,4,4,4,0.0,1.0
11149819,2816.7,7.024189526184538,585.0,287,287,401,9.814285714285713,0.71571072319202
11151885,1.8,0.13846153846153847,1.8,12,12,13,0.15,0.9230769230769231
11161178,2898.4,11.501587301587302,918.0,169,169,252,17.150295857988166,0.6706349206349206
11200326,0.0,0.0,0.0,4,4,4,0.0,1.0
11207650,623.7,7.514457831325302,289.0,52,52,83,11.99423076923077,0.6265060240963856
11300897,191.0,4.658536585365853,78.0,26,26,41,7.346153846153846,0.6341463414634146
11373749,3943.2,5.983611532625189,762.0,455,455,659,8.666373626373627,0.6904400606980273
11403772,6009.9,6.662860310421285,2443.0,588,588,902,10.220918367346938,0.6518847006651884
11408688,0.0,0.0,0.0,4,4,4,0.0,1.0
11414203,1.0,0.14285714285714285,0.7,4,4,7,0.25,0.5714285714285714
11504910,0.0,0.0,0.0,4,4,4,0.0,1.0
11613587,0.0,0.0,0.0,7,7,7,0.0,1.0
11650340,0.0,0.0,0.0,4,4,4,0.0,1.0
11713535,23.0,2.5555555555555554,23.0,8,8,9,2.875,0.8888888888888888
11718802,87.0,10.875,87.0,7,7,8,12.428571428571429,0.875
11731710,3980.0,24.567901234567902,1243.0,105,105,162,37.904761904761905,0.6481481481481481
11794760,1756.2,5.720521172638437,839.0,209,209,307,8.40287081339713,0.6807817589576547
11807754,1278.8,32.78974358974359,576.0,22,22,39,58.127272727272725,0.5641025641025641
11813637,2799.1,29.777659574468085,2341.0,57,57,94,49.10701754385965,0.6063829787234043
11940338,807.9,4.9262195121951216,131.0,100,100,164,8.079,0.6097560975609756
11952990,1425.7,11.225984251968505,289.0,80,80,127,17.82125,0.6299212598425197
11970504,920.2,6.572857142857143,68.0,84,84,140,10.954761904761906,0.6
11973378,0.8,0.16,0.8,4,4,5,0.2,0.8
11978743,616.5,2.5475206611570247,170.0,196,196,242,3.145408163265306,0.8099173553719008
12034137,0.0,0.0,0.0,4,4,4,0.0,1.0
12070928,34.0,4.25,34.0,7,7,8,4.857142857142857,0.875
12130111,803.3,12.956451612903225,219.0,39,39,62,20.597435897435897,0.6290322580645161
12144171,1452.5,8.697604790419161,316.0,101,101,167,14.381188118811881,0.6047904191616766
12169570,108.0,21.6,108.0,4,4,5,27.0,0.8
12195913,2834.2,83.35882352941177,2710.0,21,21,34,134.96190476190475,0.6176470588235294
12259303,217.1,4.430612244897959,127.0,27,27,49,8.040740740740741,0.5510204081632653
12312878,0.4,0.08,0.4,4,4,5,0.1,0.8
12423315,22.700000000000003,2.063636363636364,16.6,7,7,11,3.2428571428571433,0.6363636363636364
12529679,53.6,2.977777777777778,43.0,12,12,18,4.466666666666667,0.6666666666666666
12563913,0.2,0.022222222222222223,0.2,8,8,9,0.025,0.8888888888888888
12583476,0.3,0.06,0.3,4,4,5,0.075,0.8
12610800,2609.1,5.759602649006622,329.0,288,288,453,9.059375,0.6357615894039735
12660489,6074.1,337.45000000000005,5970.0,13,13,18,467.2384615384616,0.7222222222222222
12673872,0.4,0.03076923076923077,0.4,12,12,13,0.03333333333333333,0.9230769230769231
12760368,1180.9,16.176712328767124,471.0,47,47,73,25.125531914893617,0.6438356164383562
12774878,320.2,13.341666666666667,302.0,21,21,24,15.247619047619047,0.875
12858799,0.5,0.1,0.5,4,4,5,0.125,0.8
12860805,1499.6,48.37419354838709,539.0,17,17,31,88.21176470588235,0.5483870967741935
12897088,0.4,0.08,0.4,4,4,5,0.1,0.8
12985315,240.1,13.338888888888889,226.0,9,9,18,26.677777777777777,0.5
13190476,3049.8,11.379850746268657,629.0,159,159,268,19.181132075471698,0.5932835820895522
13227098,0.6,0.06,0.6,9,9,10,0.06666666666666667,0.9
13227113,20.5,4.1,17.9,3,3,5,6.833333333333333,0.6
13336286,18.7,3.1166666666666667,11.6,4,4,6,4.675,0.6666666666666666
13542867,1.5,0.375,1.5,3,3,4,0.5,0.75
13556140,209.0,9.5,95.0,18,18,22,11.61111111111111,0.8181818181818182
13565651,1428.0,5.010526315789473,207.0,183,183,285,7.80327868852459,0.6421052631578947
13614852,1.1,0.22000000000000003,1.1,4,4,5,0.275,0.8
13646256,39.6,1.98,12.4,12,12,20,3.3000000000000003,0.6
13669241,0.0,0.0,0.0,4,4,4,0.0,1.0
13802025,13.8,1.3800000000000001,13.3,8,8,10,1.725,0.8
13863290,476.2,79.36666666666666,473.0,4,4,6,119.05,0.6666666666666666
13873032,197.0,39.4,197.0,4,4,5,49.25,0.8
14095190,0.0,0.0,0.0,3,3,3,0.0,1.0
14098833,20.0,2.2222222222222223,14.7,7,7,9,2.857142857142857,0.7777777777777778
14126086,3202.7,20.142767295597483,723.0,124,124,159,25.828225806451613,0.779874213836478
14153959,36.7,3.3363636363636364,16.1,6,6,11,6.116666666666667,0.5454545454545454
14165501,9.3,0.8454545454545456,7.7,9,9,11,1.0333333333333334,0.8181818181818182
14216099,1678.2,83.91,1450.0,15,15,20,111.88000000000001,0.75
14256995,0.0,0.0,0.0,10,10,10,0.0,1.0
14258248,30.700000000000003,2.790909090909091,16.0,8,8,11,3.8375000000000004,0.7272727272727273
14416572,0.0,0.0,0.0,3,3,3,0.0,1.0
14417857,1543.1,30.256862745098037,1157.0,30,30,51,51.43666666666666,0.5882352941176471
14421986,0.0,0.0,0.0,8,8,8,0.0,1.0
14433556,0.0,0.0,0.0,4,4,4,0.0,1.0
14465359,4405.5,10.317330210772834,902.0,301,301,427,14.636212624584717,0.7049180327868853
14477878,0.6,0.06666666666666667,0.6,8,8,9,0.075,0.8888888888888888
14507290,568.5,33.44117647058823,310.0,11,11,17,51.68181818181818,0.6470588235294118
14544587,8137.1,51.17672955974843,1616.0,102,102,159,79.77549019607844,0.6415094339622641
14551726,26.4,1.552941176470588,16.7,11,11,17,2.4,0.6470588235294118
14671378,729.0,15.51063829787234,348.0,27,27,47,27.0,0.574468085106383
14702137,270.2,14.221052631578948,240.0,16,16,19,16.8875,0.8421052631578947
14706578,0.0,0.0,0.0,7,7,7,0.0,1.0
14711056,4.6,0.9199999999999999,4.6,4,4,5,1.15,0.8
14717252,10.4,1.3,7.9,5,5,8,2.08,0.625
14758912,85.0,21.25,85.0,3,3,4,28.333333333333332,0.75
14906179,875.6,23.664864864864864,714.0,19,19,37,46.08421052631579,0.5135135135135135
14962163,1547.9,11.816030534351146,389.0,91,91,131,17.00989010989011,0.6946564885496184
15084368,0.0,0.0,0.0,3,3,3,0.0,1.0
15095770,2.2,0.1,0.6,17,17,22,0.12941176470588237,0.7727272727272727
15196746,1916.2,11.474251497005989,178.0,94,94,167,20.385106382978723,0.562874251497006
15221799,2292.4,34.733333333333334,1857.0,42,42,66,54.58095238095238,0.6363636363636364
15305418,788.1,9.382142857142858,229.0,55,55,84,14.32909090909091,0.6547619047619048
15382030,18.8,3.7600000000000002,18.8,4,4,5,4.7,0.8
15415372,5331.7,130.04146341463414,1400.0,23,23,41,231.81304347826085,0.5609756097560976
15432026,0.0,0.0,0.0,4,4,4,0.0,1.0
15474494,0.1,0.014285714285714287,0.1,6,6,7,0.016666666666666666,0.8571428571428571
15495423,0.4,0.2,0.4,1,1,2,0.4,0.5
15503746,0.0,0.0,0.0,7,7,7,0.0,1.0
15546726,0.3,0.15,0.3,1,1,2,0.3,0.5
15564408,18.0,1.8,10.9,7,7,10,2.5714285714285716,0.7
15576531,77.0,7.0,77.0,10,10,11,7.7,0.9090909090909091
15680561,13.0,1.3,11.2,7,7,10,1.8571428571428572,0.7
15701750,50.5,2.6578947368421053,46.0,13,13,19,3.8846153846153846,0.6842105263157895
15702351,19.3,1.20625,9.8,12,12,16,1.6083333333333334,0.75
15824958,0.0,0.0,0.0,3,3,3,0.0,1.0
15841586,0.0,0.0,0.0,4,4,4,0.0,1.0
15841597,780.1,24.378125,592.0,20,20,32,39.005,0.625
15878832,1.8,0.18,1.8,9,9,10,0.2,0.9
15902605,0.0,0.0,0.0,4,4,4,0.0,1.0
15927737,29.0,5.8,29.0,4,4,5,7.25,0.8
15951451,1.9,0.475,1.9,3,3,4,0.6333333333333333,0.75
16080105,2591.4,143.96666666666667,2571.0,15,15,18,172.76000000000002,0.8333333333333334
16081636,477.4,9.007547169811321,121.0,28,28,53,17.05,0.5283018867924528
16084897,2215.3,11.598429319371728,676.0,144,144,191,15.38402777777778,0.7539267015706806
16154372,747.4,4.821935483870967,409.0,119,119,155,6.280672268907563,0.7677419354838709
16167221,1017.0,17.842105263157894,722.0,32,32,57,31.78125,0.5614035087719298
16231773,1811.9,86.28095238095239,802.0,13,13,21,139.37692307692308,0.6190476190476191
16261218,0.0,0.0,0.0,4,4,4,0.0,1.0
16285568,0.0,0.0,0.0,4,4,4,0.0,1.0
16421440,1.0,0.25,1.0,3,3,4,0.3333333333333333,0.75
16574348,25.6,1.9692307692307693,11.9,7,7,13,3.6571428571428575,0.5384615384615384
16645459,527.5,1.7642140468227425,64.0,244,244,299,2.1618852459016393,0.8160535117056856
16710264,55.5,5.045454545454546,26.0,6,6,11,9.25,0.5454545454545454
16717658,0.0,0.0,0.0,3,3,3,0.0,1.0
16720641,74.0,9.25,74.0,7,7,8,10.571428571428571,0.875
16821928,0.0,0.0,0.0,5,5,5,0.0,1.0
16919977,0.3,0.06,0.3,4,4,5,0.075,0.8
16990576,0.2,0.04,0.2,4,4,5,0.05,0.8
17017968,7108.5,215.4090909090909,3503.0,18,18,33,394.9166666666667,0.5454545454545454
17135392,0.0,0.0,0.0,4,4,4,0.0,1.0
17284266,33.1,1.7421052631578948,19.0,16,16,19,2.06875,0.8421052631578947
17299575,16.1,1.788888888888889,16.1,8,8,9,2.0125,0.8888888888888888
17352311,1.5,0.15,1.4,8,8,10,0.1875,0.8
17414305,832.8,18.104347826086954,259.0,30,30,46,27.759999999999998,0.6521739130434783
17432212,0.6,0.06666666666666667,0.6,8,8,9,0.075,0.8888888888888888
17495098,1396.3,14.104040404040404,323.0,64,64,99,21.8171875,0.6464646464646465
17497581,829.1,15.353703703703705,304.0,34,34,54,24.38529411764706,0.6296296296296297
17530772,2845.6,5.546978557504873,192.0,304,304,513,9.360526315789473,0.5925925925925926
17531316,0.0,0.0,0.0,6,6,6,0.0,1.0
17556127,0.4,0.1,0.4,3,3,4,0.13333333333333333,0.75
17567828,3200.9,13.67905982905983,680.0,144,144,234,22.228472222222223,0.6153846153846154
17649444,4001.9,57.17,908.0,47,47,70,85.1468085106383,0.6714285714285714
17821133,5.5,1.1,5.5,4,4,5,1.375,0.8
17878330,0.2,0.022222222222222223,0.2,8,8,9,0.025,0.8888888888888888
17894253,5.1000000000000005,1.02,4.9,3,3,5,1.7000000000000002,0.6
17947811,0.0,0.0,0.0,4,4,4,0.0,1.0
17995238,5808.8,22.25593869731801,1571.0,149,149,261,38.98523489932886,0.5708812260536399
18036199,341.9,9.768571428571429,269.0,26,26,35,13.149999999999999,0.7428571428571429
18066817,100.9,3.153125,58.0,23,23,32,4.386956521739131,0.71875
18074031,357.5,14.3,237.0,17,17,25,21.029411764705884,0.68
18109027,41.5,2.075,21.0,14,14,20,2.9642857142857144,0.7
18149166,1199.7,37.490625,989.0,21,21,32,57.12857142857143,0.65625
18263482,18.8,1.4461538461538461,11.7,10,10,13,1.8800000000000001,0.7692307692307693
18319108,0.1,0.014285714285714287,0.1,6,6,7,0.016666666666666666,0.8571428571428571
18500119,870.6,33.48461538461539,488.0,17,17,26,51.21176470588235,0.6538461538461539
18604016,446.9,34.37692307692308,249.0,8,8,13,55.8625,0.6153846153846154
18607065,0.0,0.0,0.0,2,2,2,0.0,1.0
18611287,0.0,0.0,0.0,3,3,3,0.0,1.0
18675025,0.0,0.0,0.0,4,4,4,0.0,1.0
18697313,1.2,0.13333333333333333,1.2,8,8,9,0.15,0.8888888888888888
18869916,2.2,0.31428571428571433,2.2,6,6,7,0.3666666666666667,0.8571428571428571
18888504,37.0,3.3636363636363638,37.0,10,10,11,3.7,0.9090909090909091
18897058,1.1,0.09166666666666667,0.4,9,9,12,0.12222222222222223,0.75
19062398,1365.6,124.14545454545454,1319.0,8,8,11,170.7,0.7272727272727273
19085114,1699.8,9.657954545454546,208.0,99,99,176,17.169696969696968,0.5625
19094181,3.9,0.26,1.5,9,9,15,0.43333333333333335,0.6
19302548,91.2,5.7,84.0,13,13,16,7.015384615384615,0.8125
19306933,0.2,0.04,0.2,4,4,5,0.05,0.8
19422331,5.7,2.85,5.7,1,1,2,5.7,0.5
19430377,3.0,0.75,3.0,3,3,4,1.0,0.75
19510434,16.7,2.0875,16.0,5,5,8,3.34,0.625
19586574,206.7,4.493478260869565,48.0,26,26,46,7.949999999999999,0.5652173913043478
19594216,0.3,0.04285714285714286,0.3,6,6,7,0.049999999999999996,0.8571428571428571
19616379,169.3,11.286666666666667,66.0,10,10,15,16.93,0.6666666666666666
19668647,204.0,8.5,75.0,12,12,24,17.0,0.5
19696244,2883.1,14.63502538071066,579.0,110,110,197,26.21,0.5583756345177665
19925584,0.2,0.04,0.2,4,4,5,0.05,0.8
20200395,1138.9,8.760769230769231,276.0,73,73,130,15.6013698630137,0.5615384615384615
20207081,5316.4,204.47692307692307,4845.0,17,17,26,312.72941176470584,0.6538461538461539
20266830,0.0,0.0,0.0,6,6,6,0.0,1.0
20321898,1.0,0.2,1.0,4,4,5,0.25,0.8
20362352,6.699999999999999,0.5153846153846153,5.6,11,11,13,0.609090909090909,0.8461538461538461
20363006,0.6,0.12,0.6,4,4,5,0.15,0.8
20366600,122.3,1.6306666666666667,53.0,57,57,75,2.145614035087719,0.76
20464587,324.1,3.6415730337078656,78.0,56,56,89,5.7875000000000005,0.6292134831460674
20498360,0.0,0.0,0.0,7,7,7,0.0,1.0
20557028,0.4,0.06666666666666667,0.3,4,4,6,0.1,0.6666666666666666
20566124,22.3,1.115,9.3,16,16,20,1.39375,0.8
20593648,0.0,0.0,0.0,4,4,4,0.0,1.0
20626832,34.0,3.4,34.0,9,9,10,3.7777777777777777,0.9
20630908,2.8,0.39999999999999997,2.8,6,6,7,0.4666666666666666,0.8571428571428571
20643309,52.0,10.4,52.0,4,4,5,13.0,0.8
20683035,6.1,0.5083333333333333,4.7,10,10,12,0.61,0.8333333333333334
20704366,336.7,6.601960784313725,57.0,30,30,51,11.223333333333333,0.5882352941176471
20724394,0.0,0.0,0.0,6,6,6,0.0,1.0
20772968,1395.0,2.0043103448275863,312.0,592,592,696,2.356418918918919,0.8505747126436781
20781671,0.0,0.0,0.0,3,3,3,0.0,1.0
20914736,193.0,9.65,188.0,17,17,20,11.352941176470589,0.85
20930269,0.1,0.007692307692307693,0.1,12,12,13,0.008333333333333333,0.9230769230769231
21015565,0.3,0.04285714285714286,0.3,6,6,7,0.049999999999999996,0.8571428571428571
21061921,2202.2,4.512704918032787,452.0,340,340,488,6.477058823529411,0.6967213114754098
21075893,0.4,0.05714285714285715,0.4,6,6,7,0.06666666666666667,0.8571428571428571
21138994,19.3,2.1444444444444444,14.1,6,6,9,3.216666666666667,0.6666666666666666
21144204,1.0,0.16666666666666666,0.7,4,4,6,0.25,0.6666666666666666
21261374,0.0,0.0,0.0,8,8,8,0.0,1.0
21316693,135.2,5.007407407407407,33.0,17,17,27,7.9529411764705875,0.6296296296296297
21406272,492.7,30.79375,474.0,11,11,16,44.79090909090909,0.6875
21416874,2.2,0.14666666666666667,2.2,14,14,15,0.15714285714285717,0.9333333333333333
21535912,876.6,22.47692307692308,762.0,23,23,39,38.11304347826087,0.5897435897435898
21539893,463.4,6.436111111111111,70.0,45,45,72,10.297777777777778,0.625
21551002,0.0,0.0,0.0,6,6,6,0.0,1.0
21557528,21.5,2.6875,21.0,6,6,8,3.5833333333333335,0.75
21580713,0.1,0.014285714285714287,0.1,6,6,7,0.016666666666666666,0.8571428571428571
21590667,0.4,0.044444444444444446,0.4,8,8,9,0.05,0.8888888888888888
21683270,0.8,0.16,0.8,4,4,5,0.2,0.8
21796349,35.9,2.9916666666666667,31.0,7,7,12,5.128571428571428,0.5833333333333334
21805245,0.0,0.0,0.0,3,3,3,0.0,1.0
21822362,0.0,0.0,0.0,8,8,8,0.0,1.0
21861124,1587.9,61.073076923076925,968.0,16,16,26,99.24375,0.6153846153846154
21869048,796.0,159.2,796.0,4,4,5,199.0,0.8
21979395,913.6,30.453333333333333,858.0,19,19,30,48.08421052631579,0.6333333333333333
22003611,401.2,44.577777777777776,333.0,6,6,9,66.86666666666666,0.6666666666666666
22045474,18.8,3.7600000000000002,18.8,4,4,5,4.7,0.8
22075531,799.2,99.9,796.0,5,5,8,159.84,0.625
22088241,2002.1,166.84166666666667,1626.0,6,6,12,333.68333333333334,0.5
22277642,0.0,0.0,0.0,6,6,6,0.0,1.0
22283916,4681.7,292.60625,4664.0,10,10,16,468.16999999999996,0.625
22301321,1460.8,1.8922279792746113,154.0,565,565,772,2.5854867256637166,0.7318652849740933
22371742,220.6,0.9981900452488688,58.0,177,177,221,1.2463276836158192,0.8009049773755657
22470137,31.0,2.8181818181818183,31.0,10,10,11,3.1,0.9090909090909091
22503648,0.0,0.0,0.0,6,6,6,0.0,1.0
22605909,128.6,4.762962962962963,38.0,16,16,27,8.0375,0.5925925925925926
22627659,1.9,0.12666666666666665,1.9,14,14,15,0.1357142857142857,0.9333333333333333
22673724,0.8,0.16,0.8,4,4,5,0.2,0.8
22689481,39.6,3.3000000000000003,34.0,10,10,12,3.96,0.8333333333333334
22865756,950.9,50.04736842105263,207.0,10,10,19,95.09,0.5263157894736842
22875444,3.6,0.45,3.4,6,6,8,0.6,0.75
22883395,0.0,0.0,0.0,6,6,6,0.0,1.0
22898075,7.3,1.46,7.3,4,4,5,1.825,0.8
23046596,0.0,0.0,0.0,6,6,6,0.0,1.0
23072560,11.700000000000001,1.6714285714285715,10.3,4,4,7,2.9250000000000003,0.5714285714285714
23078763,0.0,0.0,0.0,6,6,6,0.0,1.0
23096237,15.799999999999999,1.9749999999999999,11.1,4,4,8,3.9499999999999997,0.5
23154676,3189.7,132.90416666666667,2297.0,16,16,24,199.35625,0.6666666666666666
23181958,6.7,0.67,2.8,7,7,10,0.9571428571428572,0.7
23219829,0.0,0.0,0.0,6,6,6,0.0,1.0
23225650,677.4,5.376190476190476,331.0,83,83,126,8.16144578313253,0.6587301587301587
23241240,171.7,24.52857142857143,167.0,5,5,7,34.339999999999996,0.7142857142857143
23306116,0.4,0.044444444444444446,0.4,8,8,9,0.05,0.8888888888888888
23333992,0.2,0.04,0.2,4,4,5,0.05,0.8
23337959,0.2,0.016666666666666666,0.2,11,11,12,0.018181818181818184,0.9166666666666666
23386002,296.8,12.904347826086957,204.0,15,15,23,19.78666666666667,0.6521739130434783
23432272,0.0,0.0,0.0,4,4,4,0.0,1.0
23472549,109.4,18.233333333333334,101.0,3,3,6,36.46666666666667,0.5
23492094,5346.8,49.970093457943925,3038.0,62,62,107,86.23870967741935,0.5794392523364486
23608098,979.1,14.834848484848486,176.0,38,38,66,25.76578947368421,0.5757575757575758
23609845,0.0,0.0,0.0,3,3,3,0.0,1.0
23643789,180.8,20.08888888888889,163.0,6,6,9,30.133333333333336,0.6666666666666666
23663429,1.3,0.325,1.3,3,3,4,0.43333333333333335,0.75
23672423,461.9,15.927586206896551,336.0,20,20,29,23.095,0.6896551724137931
23714890,1.7,0.24285714285714285,1.7,6,6,7,0.2833333333333333,0.8571428571428571
23717586,2390.9,18.975396825396825,1022.0,80,80,126,29.88625,0.6349206349206349
23718710,3.0,0.75,3.0,3,3,4,1.0,0.75
23780966,0.0,0.0,0.0,4,4,4,0.0,1.0
23883383,311.9,28.354545454545452,304.0,6,6,11,51.98333333333333,0.5454545454545454
23918050,0.0,0.0,0.0,3,3,3,0.0,1.0
24011187,477.7,8.096610169491525,356.0,37,37,59,12.91081081081081,0.6271186440677966
24204083,1211.0,39.064516129032256,740.0,20,20,31,60.55,0.6451612903225806
24258916,0.0,0.0,0.0,3,3,3,0.0,1.0
24334631,1.0,0.14285714285714285,1.0,6,6,7,0.16666666666666666,0.8571428571428571
24366790,2288.1,32.22676056338028,569.0,44,44,71,52.002272727272725,0.6197183098591549
24444528,0.8,0.2,0.8,3,3,4,0.26666666666666666,0.75
24445668,0.0,0.0,0.0,1,1,1,0.0,1.0
24469287,2476.0,3.5422031473533617,119.0,415,415,699,5.966265060240964,0.5937052932761088
24555705,0.0,0.0,0.0,4,4,4,0.0,1.0
24583127,0.0,0.0,0.0,6,6,6,0.0,1.0
24583629,0.0,0.0,0.0,4,4,4,0.0,1.0
24610082,9.3,1.1625,5.9,6,6,8,1.55,0.75
24632218,2351.7,7.63538961038961,209.0,187,187,308,12.575935828877004,0.6071428571428571
24703611,8.9,1.78,8.9,4,4,5,2.225,0.8
24721232,6887.0,12.801115241635689,1941.0,449,449,538,15.338530066815144,0.8345724907063197
24817862,0.0,0.0,0.0,1,1,1,0.0,1.0
24841093,135.6,4.2375,43.0,19,19,32,7.136842105263158,0.59375
24858005,421.7,21.085,228.0,13,13,20,32.43846153846154,0.65
24872208,0.0,0.0,0.0,6,6,6,0.0,1.0
24889631,1.6,0.2,1.5,6,6,8,0.26666666666666666,0.75
24919113,4375.8,61.63098591549296,2316.0,52,52,71,84.15,0.7323943661971831
24932641,12.799999999999999,1.5999999999999999,11.6,6,6,8,2.1333333333333333,0.75
24972502,7.7,1.1,7.7,6,6,7,1.2833333333333334,0.8571428571428571
25031952,0.0,0.0,0.0,8,8,8,0.0,1.0
25096601,501.7,3.3225165562913905,128.0,98,98,151,5.119387755102041,0.6490066225165563
25185866,0.2,0.04,0.2,4,4,5,0.05,0.8
25253730,92.6,6.173333333333333,80.0,11,11,15,8.418181818181818,0.7333333333333333
25272022,0.0,0.0,0.0,4,4,4,0.0,1.0
25337857,1469.1,32.64666666666666,741.0,27,27,45,54.411111111111104,0.6
25349446,0.0,0.0,0.0,3,3,3,0.0,1.0
25411448,20.6,2.575,20.0,6,6,8,3.4333333333333336,0.75
25445382,1.2,0.13333333333333333,0.7,7,7,9,0.17142857142857143,0.7777777777777778
25452454,0.1,0.014285714285714287,0.1,6,6,7,0.016666666666666666,0.8571428571428571
25490518,17.099999999999998,2.4428571428571426,10.1,4,4,7,4.2749999999999995,0.5714285714285714
25539892,1952.1,108.44999999999999,1508.0,11,11,18,177.46363636363637,0.6111111111111112
25634320,0.0,0.0,0.0,6,6,6,0.0,1.0
25710556,0.0,0.0,0.0,1,1,1,0.0,1.0
25822628,0.0,0.0,0.0,6,6,6,0.0,1.0
25827559,0.0,0.0,0.0,6,6,6,0.0,1.0
25831175,0.0,0.0,0.0,6,6,6,0.0,1.0
25863903,71.8,7.18,45.0,7,7,10,10.257142857142856,0.7
25864738,0.0,0.0,0.0,2,2,2,0.0,1.0
25889289,0.0,0.0,0.0,4,4,4,0.0,1.0
25941262,89.8,14.966666666666667,89.0,4,4,6,22.45,0.6666666666666666
25966326,0.1,0.014285714285714287,0.1,6,6,7,0.016666666666666666,0.8571428571428571
26027937,498.4,11.075555555555555,233.0,26,26,45,19.16923076923077,0.5777777777777777
26037697,7.5,1.0714285714285714,7.5,6,6,7,1.25,0.8571428571428571
26090223,3.3,0.6599999999999999,3.3,4,4,5,0.825,0.8
26101823,0.2,0.028571428571428574,0.2,6,6,7,0.03333333333333333,0.8571428571428571
26122540,182.3,10.723529411764707,92.0,10,10,17,18.23,0.5882352941176471
26218938,0.0,0.0,0.0,4,4,4,0.0,1.0
26302344,227.2,3.1123287671232873,86.0,53,53,73,4.286792452830189,0.726027397260274
26333936,140.3,5.845833333333334,57.0,14,14,24,10.021428571428572,0.5833333333333334
26430231,964.9,10.051041666666666,354.0,61,61,96,15.818032786885245,0.6354166666666666
26461910,329.0,47.0,329.0,6,6,7,54.833333333333336,0.8571428571428571
26465134,2025.4,15.114925373134328,571.0,88,88,134,23.01590909090909,0.6567164179104478
26491227,0.0,0.0,0.0,4,4,4,0.0,1.0
26572597,3.8,0.76,3.8,4,4,5,0.95,0.8
26583023,2.0,0.4,2.0,4,4,5,0.5,0.8
26593066,0.0,0.0,0.0,4,4,4,0.0,1.0
26601561,0.0,0.0,0.0,6,6,6,0.0,1.0
26633617,156.9,22.414285714285715,146.0,5,5,7,31.380000000000003,0.7142857142857143
26636189,8.3,1.0375,8.3,7,7,8,1.1857142857142857,0.875
26637363,0.5,0.07142857142857142,0.5,6,6,7,0.08333333333333333,0.8571428571428571
26729643,4672.8,19.884255319148938,526.0,127,127,235,36.793700787401576,0.5404255319148936
26753925,2.8,0.5599999999999999,2.8,4,4,5,0.7,0.8
26762388,10470.1,23.061894273127756,1090.0,276,276,454,37.935144927536236,0.6079295154185022
26779878,0.0,0.0,0.0,4,4,4,0.0,1.0
26789885,86.3,6.638461538461538,83.0,10,10,13,8.629999999999999,0.7692307692307693
26802825,61.7,1.9903225806451614,21.0,17,17,31,3.6294117647058823,0.5483870967741935
26808868,424.8,3.54,153.0,72,72,120,5.9,0.6
26813952,2.7,0.9,2.7,2,2,3,1.35,0.6666666666666666
26822907,6.7,0.9571428571428572,6.7,6,6,7,1.1166666666666667,0.8571428571428571
26861985,51.2,3.011764705882353,25.0,10,10,17,5.12,0.5882352941176471
26897314,25.0,2.7777777777777777,25.0,8,8,9,3.125,0.8888888888888888
27023260,3.8,0.4222222222222222,3.8,8,8,9,0.475,0.8888888888888888
27029121,0.4,0.06666666666666667,0.3,4,4,6,0.1,0.6666666666666666
27037996,9.2,2.3,9.2,3,3,4,3.0666666666666664,0.75
27060918,0.0,0.0,0.0,3,3,3,0.0,1.0
27099151,0.4,0.05714285714285715,0.4,6,6,7,0.06666666666666667,0.8571428571428571
27100840,2.8,1.4,2.8,1,1,2,2.8,0.5
27115822,0.1,0.05,0.1,1,1,2,0.1,0.5
27116257,0.0,0.0,0.0,4,4,4,0.0,1.0
27117407,78.3,4.35,53.0,13,13,18,6.023076923076923,0.7222222222222222
27139623,130.5,8.7,75.0,9,9,15,14.5,0.6
27152433,0.5,0.125,0.5,3,3,4,0.16666666666666666,0.75
27168078,6.3,0.9,6.3,6,6,7,1.05,0.8571428571428571
27169419,1265.9,16.22948717948718,400.0,53,53,78,23.88490566037736,0.6794871794871795
27171538,716.5,12.570175438596491,463.0,34,34,57,21.073529411764707,0.5964912280701754
27262175,923.1,13.986363636363636,435.0,45,45,66,20.513333333333335,0.6818181818181818
27275017,0.0,0.0,0.0,2,2,2,0.0,1.0
27279261,3762.2,13.063194444444443,1862.0,185,185,288,20.336216216216215,0.6423611111111112
27338668,31.0,6.2,31.0,4,4,5,7.75,0.8
27371247,0.0,0.0,0.0,6,6,6,0.0,1.0
27403206,498.3,3.0018072289156628,95.0,110,110,166,4.53,0.6626506024096386
27417971,443.3,73.88333333333334,432.0,4,4,6,110.825,0.6666666666666666
27424183,1.7,0.2833333333333333,1.7,5,5,6,0.33999999999999997,0.8333333333333334
27500674,0.0,0.0,0.0,2,2,2,0.0,1.0
27543430,13.6,2.2666666666666666,13.6,5,5,6,2.7199999999999998,0.8333333333333334
27545486,820.9,24.875757575757575,277.0,19,19,33,43.205263157894734,0.5757575757575758
27578696,0.0,0.0,0.0,6,6,6,0.0,1.0
27579751,148.7,12.391666666666666,139.0,8,8,12,18.5875,0.6666666666666666
27633355,4.7,2.35,4.7,1,1,2,4.7,0.5
27685049,0.6,0.08571428571428572,0.6,6,6,7,0.09999999999999999,0.8571428571428571
27689253,37.7,4.7125,37.0,6,6,8,6.283333333333334,0.75
27691746,0.3,0.075,0.3,3,3,4,0.09999999999999999,0.75
27770064,7.9,1.58,7.9,4,4,5,1.975,0.8
27804333,0.8,0.26666666666666666,0.8,2,2,3,0.4,0.6666666666666666
27835216,0.2,0.04,0.2,4,4,5,0.05,0.8
27871778,9.7,2.425,9.7,3,3,4,3.233333333333333,0.75
27872805,13.0,1.0833333333333333,11.4,10,10,12,1.3,0.8333333333333334
27873947,16.5,1.8333333333333333,16.1,6,6,9,2.75,0.6666666666666666
27901693,42.3,2.64375,12.7,9,9,16,4.699999999999999,0.5625
27925556,1.6,0.2285714285714286,1.6,6,6,7,0.26666666666666666,0.8571428571428571
27944300,25.7,4.283333333333333,16.8,3,3,6,8.566666666666666,0.5
28031199,530.4,44.199999999999996,286.0,7,7,12,75.77142857142857,0.5833333333333334
28040133,603.0,150.75,603.0,3,3,4,201.0,0.75
28041586,691.4,115.23333333333333,689.0,3,3,6,230.46666666666667,0.5
28064589,92.5,3.425925925925926,43.0,16,16,27,5.78125,0.5925925925925926
28113724,83.6,8.36,26.0,6,6,10,13.933333333333332,0.6
28116270,0.2,0.04,0.2,4,4,5,0.05,0.8
28165186,0.0,0.0,0.0,6,6,6,0.0,1.0
28229872,153.8,13.981818181818182,119.0,6,6,11,25.633333333333336,0.5454545454545454
28236623,0.8,0.16,0.8,4,4,5,0.2,0.8
28257781,28.0,5.6,28.0,4,4,5,7.0,0.8
28424408,0.4,0.05714285714285715,0.4,6,6,7,0.06666666666666667,0.8571428571428571
28425181,20.0,4.0,20.0,4,4,5,5.0,0.8
28443095,5.1,0.5666666666666667,5.1,8,8,9,0.6375,0.8888888888888888
28453247,0.1,0.02,0.1,4,4,5,0.025,0.8
28453352,37.0,1.7619047619047619,24.0,18,18,21,2.0555555555555554,0.8571428571428571
28472068,437.3,1.7848979591836736,73.0,151,151,245,2.8960264900662254,0.6163265306122448
28608870,13.4,4.466666666666667,13.4,2,2,3,6.7,0.6666666666666666
28633466,0.7,0.35,0.7,1,1,2,0.7,0.5
28648610,30.2,1.5894736842105264,21.0,14,14,19,2.157142857142857,0.7368421052631579
28696163,289.0,57.8,289.0,4,4,5,72.25,0.8
28705385,6.8,1.7,6.8,3,3,4,2.2666666666666666,0.75
28711405,1510.0,377.5,1477.0,2,2,4,755.0,0.5
28731346,18.099999999999998,1.6454545454545453,16.2,7,7,11,2.5857142857142854,0.6363636363636364
28815669,41.2,6.866666666666667,41.0,4,4,6,10.3,0.6666666666666666
28818246,0.2,0.05,0.2,3,3,4,0.06666666666666667,0.75
28851953,0.0,0.0,0.0,3,3,3,0.0,1.0
28886158,28.0,4.666666666666667,28.0,5,5,6,5.6,0.8333333333333334
28898493,0.4,0.1,0.4,3,3,4,0.13333333333333333,0.75
28939171,29.8,3.725,28.0,5,5,8,5.96,0.625
28997716,297.1,11.426923076923078,197.0,15,15,26,19.80666666666667,0.5769230769230769
29001140,7.6,1.9,7.0,2,2,4,3.8,0.5
29052354,128.6,6.43,65.0,16,16,20,8.0375,0.8
29078995,0.0,0.0,0.0,3,3,3,0.0,1.0
29081256,13.1,0.8733333333333333,5.8,9,9,15,1.4555555555555555,0.6
29111100,1.1,0.15714285714285717,1.1,6,6,7,0.18333333333333335,0.8571428571428571
29122428,0.0,0.0,0.0,3,3,3,0.0,1.0
29148231,174.8,15.890909090909092,157.0,8,8,11,21.85,0.7272727272727273
29239329,448.5,3.2035714285714287,177.0,93,93,140,4.82258064516129,0.6642857142857143
29243200,2.1,1.05,2.1,1,1,2,2.1,0.5
29268335,34.5,4.3125,33.0,5,5,8,6.9,0.625
29302014,614.6,19.825806451612905,539.0,18,18,31,34.144444444444446,0.5806451612903226
29383643,0.2,0.04,0.2,4,4,5,0.05,0.8
29405242,0.0,0.0,0.0,3,3,3,0.0,1.0
29491264,0.3,0.075,0.3,3,3,4,0.09999999999999999,0.75
29537499,77.8,19.45,74.0,2,2,4,38.9,0.5
29569611,23.2,2.9,18.2,5,5,8,4.64,0.625
29603217,0.0,0.0,0.0,3,3,3,0.0,1.0
29706117,76.8,2.47741935483871,17.6,20,20,31,3.84,0.6451612903225806
29706146,0.5,0.16666666666666666,0.5,2,2,3,0.25,0.6666666666666666
29730534,869.0,96.55555555555556,869.0,8,8,9,108.625,0.8888888888888888
29736184,0.0,0.0,0.0,6,6,6,0.0,1.0
29750135,0.1,0.05,0.1,1,1,2,0.1,0.5
29753085,1231.8,11.959223300970873,460.0,85,85,103,14.491764705882352,0.8252427184466019
29764828,1285.9,116.9,1263.0,8,8,11,160.7375,0.7272727272727273
29777760,6.2,1.0333333333333334,3.7,4,4,6,1.55,0.6666666666666666
29835809,7.3,1.46,7.3,4,4,5,1.825,0.8
29852387,596.4,39.76,472.0,10,10,15,59.64,0.6666666666666666
29873979,1845.4,31.817241379310346,1528.0,43,43,58,42.91627906976744,0.7413793103448276
29915651,7.3,1.825,4.6,2,2,4,3.65,0.5
29926116,0.0,0.0,0.0,1,1,1,0.0,1.0
29962674,0.2,0.028571428571428574,0.2,6,6,7,0.03333333333333333,0.8571428571428571
29983962,1775.7,46.72894736842105,902.0,21,21,38,84.55714285714286,0.5526315789473685
30007387,0.0,0.0,0.0,2,2,2,0.0,1.0
30010437,0.0,0.0,0.0,4,4,4,0.0,1.0
30036927,2664.6,333.075,2653.0,6,6,8,444.09999999999997,0.75
30041199,0.0,0.0,0.0,2,2,2,0.0,1.0
30042027,624.0,19.5,215.0,17,17,32,36.705882352941174,0.53125
30061970,435.4,2.9221476510067115,87.0,95,95,149,4.583157894736842,0.6375838926174496
30064076,0.6,0.15,0.6,3,3,4,0.19999999999999998,0.75
30067217,4.2,0.8400000000000001,4.2,4,4,5,1.05,0.8
30115594,354.1,39.34444444444445,272.0,6,6,9,59.01666666666667,0.6666666666666666
30129850,3.4,1.1333333333333333,3.4,2,2,3,1.7,0.6666666666666666
30142763,0.0,0.0,0.0,2,2,2,0.0,1.0
30172489,227.5,8.125,67.0,16,16,28,14.21875,0.5714285714285714
30221587,0.2,0.05,0.2,3,3,4,0.06666666666666667,0.75
30239820,322.2,14.645454545454545,190.0,13,13,22,24.784615384615385,0.5909090909090909
30246419,1219.7,1.3643176733780762,99.0,759,759,894,1.6069828722002635,0.8489932885906041
30280104,6.8,0.85,3.3,5,5,8,1.3599999999999999,0.625
30283133,0.0,0.0,0.0,2,2,2,0.0,1.0
30323574,0.0,0.0,0.0,2,2,2,0.0,1.0
30402259,86.0,17.2,86.0,4,4,5,21.5,0.8
30425578,687.2,3.288038277511962,350.0,177,177,209,3.882485875706215,0.84688995215311
30432648,759.7,84.41111111111111,600.0,5,5,9,151.94,0.5555555555555556
30434868,0.6,0.3,0.6,1,1,2,0.6,0.5
30440303,2467.0,8.141914191419142,765.0,193,193,303,12.782383419689118,0.636963696369637
30452777,0.3,0.04285714285714286,0.3,6,6,7,0.049999999999999996,0.8571428571428571
30454984,0.2,0.028571428571428574,0.2,6,6,7,0.03333333333333333,0.8571428571428571
30500254,15.8,1.7555555555555555,12.5,7,7,9,2.257142857142857,0.7777777777777778
30503921,5.3,2.65,5.3,1,1,2,5.3,0.5
30519870,3101.3,19.383125,814.0,90,90,160,34.45888888888889,0.5625
30527047,437.9,54.7375,437.0,6,6,8,72.98333333333333,0.75
30548861,0.2,0.028571428571428574,0.2,6,6,7,0.03333333333333333,0.8571428571428571
30561172,1.2,0.3,0.7,2,2,4,0.6,0.5
30572170,1131.2,75.41333333333334,1082.0,9,9,15,125.6888888888889,0.6
30574622,0.0,0.0,0.0,3,3,3,0.0,1.0
30583864,641.6,64.16,636.0,7,7,10,91.65714285714286,0.7
30588978,1378.3,137.82999999999998,1366.0,5,5,10,275.65999999999997,0.5
30614573,57.3,3.82,23.0,9,9,15,6.366666666666666,0.6
30695285,36.2,4.525,36.0,6,6,8,6.033333333333334,0.75
30699429,231.7,5.148888888888889,47.0,30,30,45,7.723333333333333,0.6666666666666666
30710202,0.0,0.0,0.0,6,6,6,0.0,1.0
30734023,0.0,0.0,0.0,2,2,2,0.0,1.0
30739537,57.5,7.1875,57.0,6,6,8,9.583333333333334,0.75
30855460,6.6,1.65,6.6,3,3,4,2.1999999999999997,0.75
30912860,427.0,2.5416666666666665,229.0,109,109,168,3.9174311926605503,0.6488095238095238
30913209,3812.1,48.87307692307692,2354.0,44,44,78,86.63863636363637,0.5641025641025641
30985722,0.0,0.0,0.0,2,2,2,0.0,1.0
30988672,0.4,0.2,0.4,1,1,2,0.4,0.5
31007645,1152.9,104.80909090909091,783.0,6,6,11,192.15,0.5454545454545454
31063925,0.0,0.0,0.0,2,2,2,0.0,1.0
31069041,0.0,0.0,0.0,2,2,2,0.0,1.0
31124692,0.0,0.0,0.0,2,2,2,0.0,1.0
31162433,176.2,17.619999999999997,146.0,6,6,10,29.366666666666664,0.6
31178210,59.0,14.75,59.0,3,3,4,19.666666666666668,0.75
31187179,2015.0,10.125628140703517,720.0,109,109,199,18.486238532110093,0.5477386934673367
31188792,0.0,0.0,0.0,2,2,2,0.0,1.0
31241223,0.8,0.1142857142857143,0.8,6,6,7,0.13333333333333333,0.8571428571428571
31260378,0.5,0.25,0.5,1,1,2,0.5,0.5
31319953,0.0,0.0,0.0,1,1,1,0.0,1.0
31385451,254.2,28.244444444444444,250.0,7,7,9,36.31428571428571,0.7777777777777778
31425362,0.6,0.08571428571428572,0.3,5,5,7,0.12,0.7142857142857143
31500407,5.8,1.16,5.5,3,3,5,1.9333333333333333,0.6
31559824,0.3,0.04285714285714286,0.3,6,6,7,0.049999999999999996,0.8571428571428571
31598106,0.0,0.0,0.0,2,2,2,0.0,1.0
31616745,0.0,0.0,0.0,4,4,4,0.0,1.0
31662213,0.7,0.35,0.7,1,1,2,0.7,0.5
31668589,223.6,14.906666666666666,141.0,10,10,15,22.36,0.6666666666666666
31669242,2976.5,6.938228438228438,603.0,289,289,429,10.299307958477508,0.6736596736596736
31727716,2375.5,38.942622950819676,1326.0,33,33,61,71.98484848484848,0.5409836065573771
31733621,220.3,15.735714285714286,213.0,12,12,14,18.358333333333334,0.8571428571428571
31733654,2223.1,58.502631578947366,1931.0,23,23,38,96.65652173913043,0.6052631578947368
31757271,0.0,0.0,0.0,4,4,4,0.0,1.0
31764594,5.7,1.1400000000000001,5.7,4,4,5,1.425,0.8
31817706,564.1,17.093939393939394,407.0,25,25,33,22.564,0.7575757575757576
31839832,237.4,23.740000000000002,230.0,7,7,10,33.91428571428572,0.7
31849177,2030.1,78.08076923076922,1168.0,16,16,26,126.88125,0.6153846153846154
31887051,145.0,72.5,145.0,1,1,2,145.0,0.5
31887973,1.3,0.14444444444444446,0.8,6,6,9,0.21666666666666667,0.6666666666666666
31889811,1.1,0.15714285714285717,0.7,5,5,7,0.22000000000000003,0.7142857142857143
31944667,17.6,2.2,13.3,6,6,8,2.9333333333333336,0.75
32021037,0.0,0.0,0.0,6,6,6,0.0,1.0
32102983,805.3,23.00857142857143,309.0,22,22,35,36.60454545454545,0.6285714285714286
32125590,77.4,2.4967741935483874,33.0,21,21,31,3.685714285714286,0.6774193548387096
32126281,6362.6,30.154502369668247,842.0,133,133,211,47.839097744360906,0.6303317535545023
32248913,14.6,2.92,14.6,4,4,5,3.65,0.8
32398422,5.6000000000000005,0.8,4.9,4,4,7,1.4000000000000001,0.5714285714285714
32415191,0.4,0.05714285714285715,0.4,6,6,7,0.06666666666666667,0.8571428571428571
32467994,5459.2,36.15364238410596,834.0,95,95,151,57.46526315789473,0.6291390728476821
32488724,55.0,11.0,55.0,4,4,5,13.75,0.8
32498610,683.5,28.479166666666668,500.0,14,14,24,48.82142857142857,0.5833333333333334
32577778,302.6,13.754545454545456,201.0,13,13,22,23.27692307692308,0.5909090909090909
32592631,286.7,14.334999999999999,110.0,10,10,20,28.669999999999998,0.5
32617936,0.0,0.0,0.0,2,2,2,0.0,1.0
32644336,328.9,4.444594594594594,82.0,45,45,74,7.308888888888888,0.6081081081081081
32710856,879.6,13.74375,332.0,40,40,64,21.990000000000002,0.625
32749624,4937.3,159.26774193548388,4814.0,26,26,31,189.89615384615385,0.8387096774193549
32773537,0.4,0.2,0.4,1,1,2,0.4,0.5
32818456,8.9,1.4833333333333334,8.6,4,4,6,2.225,0.6666666666666666
32847394,1205.6,17.72941176470588,243.0,37,37,68,32.58378378378378,0.5441176470588235
32939936,0.2,0.028571428571428574,0.2,6,6,7,0.03333333333333333,0.8571428571428571
32965833,0.3,0.03333333333333333,0.3,8,8,9,0.0375,0.8888888888888888
33013552,1459.8,2.038826815642458,730.0,516,516,716,2.8290697674418603,0.7206703910614525
33017387,3.1,1.55,3.1,1,1,2,3.1,0.5
33023846,0.0,0.0,0.0,2,2,2,0.0,1.0
33029093,246.0,27.333333333333332,106.0,6,6,9,41.0,0.6666666666666666
33033120,0.0,0.0,0.0,1,1,1,0.0,1.0
33071192,15.700000000000001,0.9235294117647059,4.7,10,10,17,1.57,0.5882352941176471
33096779,0.9,0.1285714285714286,0.9,6,6,7,0.15,0.8571428571428571
33098857,7.0,1.0,7.0,6,6,7,1.1666666666666667,0.8571428571428571
33121288,43.1,7.183333333333334,41.0,3,3,6,14.366666666666667,0.5
33214968,2094.1,91.04782608695652,1243.0,13,13,23,161.08461538461538,0.5652173913043478
33228985,0.0,0.0,0.0,13,13,13,0.0,1.0
33250362,0.0,0.0,0.0,2,2,2,0.0,1.0
33260507,1.4,0.19999999999999998,1.4,6,6,7,0.2333333333333333,0.8571428571428571
33261284,1899.0,237.375,1899.0,7,7,8,271.2857142857143,0.875
33279432,2.9000000000000004,0.32222222222222224,2.7,7,7,9,0.4142857142857143,0.7777777777777778
33282871,1892.1,8.190909090909091,334.0,136,136,231,13.9125,0.5887445887445888
33291661,0.0,0.0,0.0,5,5,5,0.0,1.0
33300480,5.7,0.7125,3.1,5,5,8,1.1400000000000001,0.625
33362395,1445.0,361.25,1445.0,3,3,4,481.6666666666667,0.75
33431754,0.1,0.02,0.1,4,4,5,0.025,0.8
33434940,0.0,0.0,0.0,1,1,1,0.0,1.0
33452361,153.0,5.1,58.0,18,18,30,8.5,0.6
33457161,75.8,9.475,75.0,6,6,8,12.633333333333333,0.75
33479807,0.0,0.0,0.0,1,1,1,0.0,1.0
33506449,11.8,1.6857142857142857,11.8,6,6,7,1.9666666666666668,0.8571428571428571
33518079,413.2,6.167164179104478,69.0,37,37,67,11.167567567567568,0.5522388059701493
33577800,0.0,0.0,0.0,2,2,2,0.0,1.0
33580866,483.7,14.226470588235294,168.0,17,17,34,28.45294117647059,0.5
33583543,0.0,0.0,0.0,2,2,2,0.0,1.0
33587126,11.0,2.75,11.0,3,3,4,3.6666666666666665,0.75
33591806,0.9,0.45,0.9,1,1,2,0.9,0.5
33614428,9.3,1.3285714285714287,9.3,6,6,7,1.55,0.8571428571428571
33622085,3610.0,16.116071428571427,464.0,124,124,224,29.112903225806452,0.5535714285714286
33651880,4219.5,14.805263157894737,1095.0,228,228,285,18.50657894736842,0.8
33658023,0.0,0.0,0.0,2,2,2,0.0,1.0
33659046,1963.3,33.85,837.0,32,32,58,61.353125,0.5517241379310345
33705095,0.0,0.0,0.0,2,2,2,0.0,1.0
33706322,153.8,1.0985714285714288,44.0,89,89,140,1.7280898876404496,0.6357142857142857
33755449,3.7,0.74,3.7,4,4,5,0.925,0.8
33778112,5.0,0.29411764705882354,1.8,11,11,17,0.45454545454545453,0.6470588235294118
33788990,20.0,5.0,20.0,3,3,4,6.666666666666667,0.75
33807030,2.1,0.3,1.7,5,5,7,0.42000000000000004,0.7142857142857143
33865373,2274.4,2.4144373673036092,345.0,776,776,942,2.9309278350515466,0.8237791932059448
33866564,1.6,0.4,1.6,3,3,4,0.5333333333333333,0.75
33904278,404.2,31.092307692307692,388.0,10,10,13,40.42,0.7692307692307693
33910513,150.8,12.566666666666668,75.0,8,8,12,18.85,0.6666666666666666
33934276,0.0,0.0,0.0,1,1,1,0.0,1.0
33993318,20.6,2.575,11.0,6,6,8,3.4333333333333336,0.75
33995654,1794.8,138.06153846153845,729.0,8,8,13,224.35,0.6153846153846154
34040508,552.4,39.457142857142856,530.0,9,9,14,61.37777777777777,0.6428571428571429
34102593,1386.2,99.01428571428572,978.0,10,10,14,138.62,0.7142857142857143
34124250,0.2,0.028571428571428574,0.2,6,6,7,0.03333333333333333,0.8571428571428571
34150817,0.0,0.0,0.0,1,1,1,0.0,1.0
34161935,0.0,0.0,0.0,5,5,5,0.0,1.0
34177747,5776.3,23.1052,1221.0,159,159,250,36.328930817610065,0.636
34281672,383.6,4.566666666666667,185.0,53,53,84,7.237735849056604,0.6309523809523809
34383588,9.6,2.4,9.6,3,3,4,3.1999999999999997,0.75
34384042,17.8,1.9777777777777779,9.8,6,6,9,2.966666666666667,0.6666666666666666
34442062,1415.2,47.17333333333333,725.0,17,17,30,83.24705882352941,0.5666666666666667
34556248,5.5,0.7857142857142857,3.9,4,4,7,1.375,0.5714285714285714
34582304,300.2,7.3219512195121945,54.0,22,22,41,13.645454545454545,0.5365853658536586
34618463,0.0,0.0,0.0,3,3,3,0.0,1.0
34658438,5.6000000000000005,0.6222222222222222,3.6,6,6,9,0.9333333333333335,0.6666666666666666
34679511,0.0,0.0,0.0,1,1,1,0.0,1.0
34858979,10.899999999999999,1.3624999999999998,8.2,4,4,8,2.7249999999999996,0.5
34863766,0.0,0.0,0.0,4,4,4,0.0,1.0
34901647,1617.9,8.605851063829787,212.0,117,117,188,13.828205128205129,0.6223404255319149
34919318,1860.5,7.817226890756302,590.0,154,154,238,12.081168831168831,0.6470588235294118
34960438,27.0,5.4,27.0,4,4,5,6.75,0.8
34965931,11.6,3.8666666666666667,11.6,2,2,3,5.8,0.6666666666666666
34972055,389.0,194.5,389.0,1,1,2,389.0,0.5
35009482,678.7,17.402564102564103,211.0,22,22,39,30.85,0.5641025641025641
35021321,0.1,0.05,0.1,1,1,2,0.1,0.5
35039277,389.9,3.5126126126126125,68.0,76,76,111,5.130263157894737,0.6846846846846847
35045250,0.3,0.15,0.3,1,1,2,0.3,0.5
35047392,396.0,22.0,360.0,9,9,18,44.0,0.5
35116894,0.0,0.0,0.0,2,2,2,0.0,1.0
35140004,531.0,40.84615384615385,330.0,10,10,13,53.1,0.7692307692307693
35153301,236.2,29.525,216.0,4,4,8,59.05,0.5
35177894,217.9,10.376190476190477,92.0,12,12,21,18.158333333333335,0.5714285714285714
35192186,0.0,0.0,0.0,8,8,8,0.0,1.0
35192299,258.2,32.275,256.0,6,6,8,43.03333333333333,0.75
35220143,1.8,0.2571428571428572,1.8,6,6,7,0.3,0.8571428571428571
35227774,1.0999999999999999,0.0846153846153846,0.7,10,10,13,0.10999999999999999,0.7692307692307693
35264447,125.4,8.957142857142857,107.0,10,10,14,12.540000000000001,0.7142857142857143
35290890,0.2,0.028571428571428574,0.2,6,6,7,0.03333333333333333,0.8571428571428571
35330593,34.2,2.442857142857143,15.8,9,9,14,3.8000000000000003,0.6428571428571429
35355224,7.1,1.1833333333333333,7.1,5,5,6,1.42,0.8333333333333334
35370794,104.0,52.0,104.0,1,1,2,104.0,0.5
35388317,15.100000000000001,1.677777777777778,10.3,6,6,9,2.516666666666667,0.6666666666666666
35394734,43.0,6.142857142857143,43.0,6,6,7,7.166666666666667,0.8571428571428571
35418544,0.0,0.0,0.0,1,1,1,0.0,1.0
35419030,1.9000000000000001,0.38,1.8,3,3,5,0.6333333333333334,0.6
35432082,0.0,0.0,0.0,2,2,2,0.0,1.0
35433662,71.2,7.12,67.0,5,5,10,14.24,0.5
35442153,0.4,0.2,0.4,1,1,2,0.4,0.5
35489574,1.5,0.21428571428571427,1.5,6,6,7,0.25,0.8571428571428571
35560181,8.1,2.025,8.1,3,3,4,2.6999999999999997,0.75
35606448,3.8,0.95,2.8,2,2,4,1.9,0.5
35640500,78.0,15.6,78.0,4,4,5,19.5,0.8
35701646,3699.3,14.450390625,914.0,154,154,256,24.021428571428572,0.6015625
35729292,2687.0,34.0126582278481,1086.0,49,49,79,54.83673469387755,0.620253164556962
35849335,16.5,2.0625,10.1,5,5,8,3.3,0.625
35864169,746.4,7.6948453608247425,276.0,54,54,97,13.822222222222221,0.5567010309278351
35935953,0.0,0.0,0.0,3,3,3,0.0,1.0
35937951,48.0,9.6,48.0,4,4,5,12.0,0.8
36017955,88.8,11.1,82.0,6,6,8,14.799999999999999,0.75
36083584,0.0,0.0,0.0,4,4,4,0.0,1.0
36109630,0.7,0.11666666666666665,0.6,4,4,6,0.175,0.6666666666666666
36122886,9.0,1.125,7.9,6,6,8,1.5,0.75
36154073,13.5,1.9285714285714286,12.0,5,5,7,2.7,0.7142857142857143
36157772,0.0,0.0,0.0,2,2,2,0.0,1.0
36188511,0.0,0.0,0.0,1,1,1,0.0,1.0
36257313,0.0,0.0,0.0,2,2,2,0.0,1.0
36271979,41.8,3.215384615384615,36.0,10,10,13,4.18,0.7692307692307693
36288200,0.1,0.05,0.1,1,1,2,0.1,0.5
36349097,77.9,8.655555555555557,67.0,6,6,9,12.983333333333334,0.6666666666666666
36404933,1427.6,2.9075356415478613,315.0,359,359,491,3.976601671309192,0.7311608961303462
36439985,407.5,13.14516129032258,227.0,18,18,31,22.63888888888889,0.5806451612903226
36464641,84.0,42.0,84.0,1,1,2,84.0,0.5
36495125,0.0,0.0,0.0,6,6,6,0.0,1.0
36502549,2799.9,28.28181818181818,381.0,58,58,99,48.27413793103448,0.5858585858585859
36546868,3222.6,4.853313253012048,819.0,429,429,664,7.511888111888112,0.6460843373493976
36553207,956.0,191.2,956.0,4,4,5,239.0,0.8
36557643,1601.7,2.9443014705882353,333.0,413,413,544,3.8782082324455205,0.7591911764705882
36581507,12.6,2.52,12.6,4,4,5,3.15,0.8
36611463,26.7,2.225,25.0,10,10,12,2.67,0.8333333333333334
36714440,15.6,2.6,15.6,5,5,6,3.12,0.8333333333333334
36757524,25.0,6.25,25.0,3,3,4,8.333333333333334,0.75
36775354,10.6,1.325,10.2,6,6,8,1.7666666666666666,0.75
36791999,364.9,12.582758620689654,150.0,17,17,29,21.46470588235294,0.5862068965517241
36856786,1.7,0.24285714285714285,1.7,6,6,7,0.2833333333333333,0.8571428571428571
36910614,4.7,1.175,4.7,3,3,4,1.5666666666666667,0.75
36915181,977.5,122.1875,971.0,6,6,8,162.91666666666666,0.75
36933405,0.0,0.0,0.0,1,1,1,0.0,1.0
36963214,0.0,0.0,0.0,10,10,10,0.0,1.0
36978196,2073.3,47.12045454545455,1455.0,25,25,44,82.932,0.5681818181818182
37026839,48.9,5.433333333333334,47.0,6,6,9,8.15,0.6666666666666666
37068073,0.0,0.0,0.0,2,2,2,0.0,1.0
37092665,9.7,3.233333333333333,9.7,2,2,3,4.85,0.6666666666666666
37123018,0.5,0.07142857142857142,0.5,6,6,7,0.08333333333333333,0.8571428571428571
37179655,239.0,47.8,239.0,4,4,5,59.75,0.8
37226272,0.0,0.0,0.0,2,2,2,0.0,1.0
37238717,15.1,7.55,15.1,1,1,2,15.1,0.5
37252377,0.0,0.0,0.0,1,1,1,0.0,1.0
37294596,388.6,24.2875,215.0,11,11,16,35.32727272727273,0.6875
37339809,1.6,0.32,0.8,3,3,5,0.5333333333333333,0.6
37343172,165.0,20.625,165.0,7,7,8,23.571428571428573,0.875
37396841,14.9,2.4833333333333334,14.9,5,5,6,2.98,0.8333333333333334
37419728,0.0,0.0,0.0,6,6,6,0.0,1.0
37420720,0.0,0.0,0.0,2,2,2,0.0,1.0
37422528,4583.3,22.141545893719808,3416.0,170,170,207,26.960588235294118,0.821256038647343
37435998,828.1,27.603333333333335,668.0,21,21,30,39.43333333333334,0.7
37466720,165.9,8.73157894736842,158.0,11,11,19,15.081818181818182,0.5789473684210527
37468189,42.7,7.116666666666667,41.0,3,3,6,14.233333333333334,0.5
37490443,1519.6,28.14074074074074,440.0,30,30,54,50.65333333333333,0.5555555555555556
37522295,0.0,0.0,0.0,2,2,2,0.0,1.0
37565781,1.4,0.35,1.0,2,2,4,0.7,0.5
37643786,0.0,0.0,0.0,4,4,4,0.0,1.0
37659112,0.0,0.0,0.0,2,2,2,0.0,1.0
37706629,54.5,6.8125,46.0,6,6,8,9.083333333333334,0.75
37708732,425.5,38.68181818181818,341.0,6,6,11,70.91666666666667,0.5454545454545454
37723786,4370.2,38.335087719298244,1675.0,72,72,114,60.69722222222222,0.631578947368421
37727952,43.5,5.4375,43.0,6,6,8,7.25,0.75
37766583,782.4,55.885714285714286,544.0,8,8,14,97.8,0.5714285714285714
37827989,1865.3,26.647142857142857,415.0,41,41,70,45.49512195121951,0.5857142857142857
37829487,76.9,2.1971428571428575,20.0,21,21,35,3.661904761904762,0.6
37911248,148.0,37.0,98.0,2,2,4,74.0,0.5
37941785,2.2,0.44000000000000006,2.2,4,4,5,0.55,0.8
38049880,4076.5,7.75,1539.0,326,326,526,12.504601226993865,0.6197718631178707
38055594,6.1000000000000005,0.6777777777777778,5.7,7,7,9,0.8714285714285716,0.7777777777777778
38068919,365.0,52.142857142857146,365.0,6,6,7,60.833333333333336,0.8571428571428571
38100517,51.5,10.3,47.0,3,3,5,17.166666666666668,0.6
38132168,0.0,0.0,0.0,2,2,2,0.0,1.0
38179194,129.1,5.868181818181818,116.0,16,16,22,8.06875,0.7272727272727273
38222088,11.5,5.75,11.5,1,1,2,11.5,0.5
38293596,647.5,80.9375,639.0,4,4,8,161.875,0.5
38317154,4068.3,22.984745762711867,2730.0,129,129,177,31.537209302325582,0.7288135593220338
38323067,135.4,8.4625,65.0,9,9,16,15.044444444444444,0.5625
38337633,0.5,0.125,0.5,3,3,4,0.16666666666666666,0.75
38342935,14.2,7.1,14.2,1,1,2,14.2,0.5
38436635,210.3,19.11818181818182,147.0,6,6,11,35.050000000000004,0.5454545454545454
38465050,437.3,3.2392592592592595,65.0,78,78,135,5.606410256410257,0.5777777777777777
38523044,1.3,0.43333333333333335,1.3,2,2,3,0.65,0.6666666666666666
38731746,210.5,4.295918367346939,83.0,31,31,49,6.790322580645161,0.6326530612244898
38736263,0.3,0.15,0.3,1,1,2,0.3,0.5
38763767,0.8,0.1142857142857143,0.8,6,6,7,0.13333333333333333,0.8571428571428571
38781158,0.4,0.1,0.4,3,3,4,0.13333333333333333,0.75
38853323,0.0,0.0,0.0,2,2,2,0.0,1.0
38885272,3.8,0.95,3.8,3,3,4,1.2666666666666666,0.75
38937590,0.0,0.0,0.0,6,6,6,0.0,1.0
38950395,7.6,0.95,6.8,5,5,8,1.52,0.625
38968408,1.5,0.375,1.3,2,2,4,0.75,0.5
38978172,0.0,0.0,0.0,2,2,2,0.0,1.0
38990345,0.7,0.35,0.7,1,1,2,0.7,0.5
39010350,0.0,0.0,0.0,2,2,2,0.0,1.0
39028341,1498.3,249.71666666666667,1497.0,4,4,6,374.575,0.6666666666666666
39037163,3826.6,17.96525821596244,1124.0,141,141,213,27.139007092198582,0.6619718309859155
39044050,1.7,0.425,1.4,2,2,4,0.85,0.5
39052243,3.9,1.3,3.9,2,2,3,1.95,0.6666666666666666
39061760,494.0,247.0,494.0,1,1,2,494.0,0.5
39082468,2406.4,26.73777777777778,2076.0,58,58,90,41.4896551724138,0.6444444444444445
39146470,84.8,1.4372881355932203,25.0,49,49,59,1.730612244897959,0.8305084745762712
39204929,0.4,0.05714285714285715,0.4,6,6,7,0.06666666666666667,0.8571428571428571
39223571,0.2,0.1,0.2,1,1,2,0.2,0.5
39227796,0.6,0.19999999999999998,0.6,2,2,3,0.3,0.6666666666666666
39319649,687.1,17.177500000000002,104.0,26,26,40,26.426923076923078,0.65
39322716,105.1,4.204,33.0,13,13,25,8.084615384615384,0.52
39324546,5.2,0.7428571428571429,3.7,4,4,7,1.3,0.5714285714285714
39334748,207.6,13.84,165.0,11,11,15,18.87272727272727,0.7333333333333333
39361297,129.1,0.8549668874172185,21.0,100,100,151,1.291,0.6622516556291391
39403038,79.5,4.676470588235294,42.0,11,11,17,7.2272727272727275,0.6470588235294118
39446138,24.6,0.9461538461538462,19.1,22,22,26,1.1181818181818182,0.8461538461538461
39459129,0.7,0.2333333333333333,0.7,2,2,3,0.35,0.6666666666666666
39482136,0.4,0.2,0.4,1,1,2,0.4,0.5
39524248,29.0,1.8125,19.5,12,12,16,2.4166666666666665,0.75
39622853,1637.7,6.372373540856032,125.0,154,154,257,10.634415584415585,0.5992217898832685
39654762,0.0,0.0,0.0,2,2,2,0.0,1.0
39663272,0.0,0.0,0.0,2,2,2,0.0,1.0
39671216,0.0,0.0,0.0,2,2,2,0.0,1.0
39673466,0.2,0.1,0.2,1,1,2,0.2,0.5
39758678,79.2,4.95,27.0,8,8,16,9.9,0.5
39760170,25.8,3.685714285714286,15.4,4,4,7,6.45,0.5714285714285714
39795967,0.0,0.0,0.0,3,3,3,0.0,1.0
39798081,1045.0,174.16666666666666,1023.0,4,4,6,261.25,0.6666666666666666
39834113,1453.8,45.43125,1012.0,22,22,32,66.08181818181818,0.6875
39869522,32.0,6.4,32.0,4,4,5,8.0,0.8
39899978,87.1,2.2333333333333334,31.0,22,22,39,3.959090909090909,0.5641025641025641
39911920,2290.0,286.25,2258.0,6,6,8,381.6666666666667,0.75
39935274,0.4,0.2,0.4,1,1,2,0.4,0.5
39941720,419.9,5.674324324324324,216.0,40,40,74,10.497499999999999,0.5405405405405406
39970405,12.1,4.033333333333333,12.1,2,2,3,6.05,0.6666666666666666
39980669,5.4,1.08,5.4,4,4,5,1.35,0.8
39990790,4.3,1.075,4.3,3,3,4,1.4333333333333333,0.75
40044821,0.9,0.45,0.9,1,1,2,0.9,0.5
40045419,0.0,0.0,0.0,4,4,4,0.0,1.0
40051659,305.1,16.950000000000003,124.0,9,9,18,33.900000000000006,0.5
40070349,0.1,0.05,0.1,1,1,2,0.1,0.5
40080833,4057.9,112.71944444444445,928.0,23,23,36,176.4304347826087,0.6388888888888888
40084096,48.6,12.15,48.0,2,2,4,24.3,0.5
40130306,35.2,4.4,29.0,5,5,8,7.040000000000001,0.625
40212239,2521.1,5.716780045351474,211.0,281,281,441,8.971886120996441,0.63718820861678
40237093,0.7,0.13999999999999999,0.7,4,4,5,0.175,0.8
40280688,1216.0,34.74285714285714,609.0,21,21,35,57.904761904761905,0.6
40286953,42.0,10.5,42.0,3,3,4,14.0,0.75
40289887,78.4,4.9,40.0,8,8,16,9.8,0.5
40529387,0.1,0.014285714285714287,0.1,6,6,7,0.016666666666666666,0.8571428571428571
40576653,347.0,49.57142857142857,347.0,6,6,7,57.833333333333336,0.8571428571428571
40601456,570.0,114.0,492.0,3,3,5,190.0,0.6
40652120,72.5,7.25,51.0,6,6,10,12.083333333333334,0.6
40754921,40.2,6.7,22.0,3,3,6,13.4,0.5
40797591,6.5,0.5909090909090909,2.9,6,6,11,1.0833333333333333,0.5454545454545454
40837142,17.4,2.4857142857142853,16.4,5,5,7,3.4799999999999995,0.7142857142857143
40964799,0.2,0.04,0.2,4,4,5,0.05,0.8
40997928,0.3,0.06,0.3,4,4,5,0.075,0.8
41088397,2.2,1.1,2.2,1,1,2,2.2,0.5
41089194,4.3,2.15,4.3,1,1,2,4.3,0.5
41100002,51.0,25.5,51.0,1,1,2,51.0,0.5
41124938,0.2,0.1,0.2,1,1,2,0.2,0.5
41205215,393.0,131.0,393.0,2,2,3,196.5,0.6666666666666666
41247053,0.2,0.05,0.2,3,3,4,0.06666666666666667,0.75
41294957,11.8,5.9,11.8,1,1,2,11.8,0.5
41310195,31.0,6.2,31.0,4,4,5,7.75,0.8
41324040,18.4,3.6799999999999997,18.4,4,4,5,4.6,0.8
41407280,0.0,0.0,0.0,6,6,6,0.0,1.0
41465526,2.4,1.2,2.4,1,1,2,2.4,0.5
41559627,27.6,0.24000000000000002,12.7,101,101,115,0.2732673267326733,0.8782608695652174
41566004,155.0,31.0,155.0,4,4,5,38.75,0.8
41606445,2609.9,163.11875,2605.0,9,9,16,289.9888888888889,0.5625
41719717,5128.6,85.47666666666667,3840.0,42,42,60,122.10952380952382,0.7
41746000,2.1,1.05,2.1,1,1,2,2.1,0.5
41751393,59.5,7.4375,55.0,4,4,8,14.875,0.5
41843900,1.5,0.3,1.5,4,4,5,0.375,0.8
41846650,105.8,8.816666666666666,98.0,9,9,12,11.755555555555555,0.75
41847338,4.3999999999999995,0.5499999999999999,3.8,5,5,8,0.8799999999999999,0.625
41883229,110.2,11.02,109.0,6,6,10,18.366666666666667,0.6
41883322,427.1,8.716326530612246,107.0,27,27,49,15.81851851851852,0.5510204081632653
41887439,1090.6,51.93333333333333,621.0,13,13,21,83.89230769230768,0.6190476190476191
41917762,0.0,0.0,0.0,4,4,4,0.0,1.0
41934963,257.0,51.4,257.0,4,4,5,64.25,0.8
41979706,0.4,0.13333333333333333,0.4,2,2,3,0.2,0.6666666666666666
41998087,0.1,0.05,0.1,1,1,2,0.1,0.5
42005897,3013.4,17.41849710982659,571.0,112,112,173,26.905357142857145,0.6473988439306358
42017429,0.6,0.15,0.6,3,3,4,0.19999999999999998,0.75
42020116,18.4,4.6,9.8,2,2,4,9.2,0.5
42029670,9.2,2.3,7.8,2,2,4,4.6,0.5
42043359,1.6,0.2285714285714286,1.1,5,5,7,0.32,0.7142857142857143
42061089,1004.1,5.2570680628272255,155.0,115,115,191,8.731304347826088,0.6020942408376964
42099265,1928.7,137.7642857142857,826.0,7,7,14,275.5285714285714,0.5
42127150,3.4,1.7,3.4,1,1,2,3.4,0.5
42198457,151.2,5.6,87.0,18,18,27,8.399999999999999,0.6666666666666666
42223842,242.0,121.0,242.0,1,1,2,242.0,0.5
42298912,151.0,8.882352941176471,39.0,9,9,17,16.77777777777778,0.5294117647058824
42326526,52.0,26.0,52.0,1,1,2,52.0,0.5
42363887,5384.3,119.65111111111112,1246.0,25,25,45,215.372,0.5555555555555556
42380987,2210.1,71.29354838709678,879.0,20,20,31,110.505,0.6451612903225806
42454699,35.0,17.5,35.0,1,1,2,35.0,0.5
42456478,21.0,10.5,21.0,1,1,2,21.0,0.5
42464885,0.0,0.0,0.0,1,1,1,0.0,1.0
42469578,0.4,0.08,0.4,4,4,5,0.1,0.8
42492910,1246.0,124.6,1223.0,8,8,10,155.75,0.8
42493197,0.0,0.0,0.0,1,1,1,0.0,1.0
42507653,158.0,39.5,136.0,2,2,4,79.0,0.5
42542226,45.1,11.275,28.0,2,2,4,22.55,0.5
42642155,0.0,0.0,0.0,2,2,2,0.0,1.0
42648631,1701.0,425.25,1339.0,2,2,4,850.5,0.5
42657809,6093.4,23.346360153256704,1000.0,158,158,261,38.56582278481012,0.6053639846743295
42669917,0.2,0.06666666666666667,0.2,2,2,3,0.1,0.6666666666666666
42681063,961.4,64.09333333333333,291.0,8,8,15,120.175,0.5333333333333333
42695514,960.5,80.04166666666667,297.0,6,6,12,160.08333333333334,0.5
42771635,1743.8,11.47236842105263,390.0,91,91,152,19.162637362637362,0.5986842105263158
42777729,0.2,0.1,0.2,1,1,2,0.2,0.5
42799637,0.0,0.0,0.0,1,1,1,0.0,1.0
42849279,6766.2,338.31,2116.0,11,11,20,615.1090909090909,0.55
42928788,578.3,4.482945736434108,297.0,80,80,129,7.22875,0.6201550387596899
42935819,8172.9,583.7785714285714,2279.0,7,7,14,1167.5571428571427,0.5
43093291,0.0,0.0,0.0,1,1,1,0.0,1.0
43114966,54.5,4.954545454545454,37.0,8,8,11,6.8125,0.7272727272727273
43160799,1091.1,11.485263157894735,381.0,61,61,95,17.886885245901638,0.6421052631578947
43186470,28.4,2.84,13.9,6,6,10,4.733333333333333,0.6
43189361,77.6,9.7,67.0,5,5,8,15.52,0.625
43240189,1803.5,450.875,1788.0,2,2,4,901.75,0.5
43248011,38.1,4.7625,36.0,5,5,8,7.62,0.625
43284145,286.9,10.24642857142857,124.0,16,16,28,17.93125,0.5714285714285714
43321203,7.8,2.6,7.8,2,2,3,3.9,0.6666666666666666
43360645,5030.4,18.700371747211893,2390.0,165,165,269,30.487272727272725,0.6133828996282528
43395122,2.0,0.4,2.0,4,4,5,0.5,0.8
43446880,249.0,124.5,249.0,1,1,2,249.0,0.5
43455427,22.2,4.4399999999999995,19.5,3,3,5,7.3999999999999995,0.6
43462452,103.0,20.6,103.0,4,4,5,25.75,0.8
43518355,0.0,0.0,0.0,3,3,3,0.0,1.0
43521755,0.6,0.12,0.6,4,4,5,0.15,0.8
43551909,0.0,0.0,0.0,1,1,1,0.0,1.0
43565258,1.2,0.6,1.2,1,1,2,1.2,0.5
43583319,0.0,0.0,0.0,1,1,1,0.0,1.0
43607599,1089.0,90.75,279.0,6,6,12,181.5,0.5
43684632,9546.3,32.80515463917526,3626.0,169,169,291,56.486982248520704,0.5807560137457045
43700700,26.700000000000003,2.4272727272727277,18.1,7,7,11,3.8142857142857145,0.6363636363636364
43804972,259.0,129.5,259.0,1,1,2,259.0,0.5
43908860,522.0,15.818181818181818,155.0,17,17,33,30.705882352941178,0.5151515151515151
43913966,3118.0,11.379562043795621,608.0,172,172,274,18.127906976744185,0.6277372262773723
43936108,67.2,3.3600000000000003,39.0,11,11,20,6.109090909090909,0.55
43955374,6094.3,21.921942446043165,2008.0,163,163,278,37.38834355828221,0.5863309352517986
43989530,0.0,0.0,0.0,5,5,5,0.0,1.0
44010163,143.2,5.728,57.0,18,18,25,7.955555555555555,0.72
44021324,160.6,5.537931034482758,105.0,20,20,29,8.03,0.6896551724137931
44043970,0.0,0.0,0.0,4,4,4,0.0,1.0
44085899,4.7,2.35,4.7,1,1,2,4.7,0.5
44147409,188.0,31.333333333333332,112.0,4,4,6,47.0,0.6666666666666666
44147477,198.0,99.0,198.0,1,1,2,198.0,0.5
44153929,2101.5,95.52272727272727,2092.0,12,12,22,175.125,0.5454545454545454
44156169,396.6,13.675862068965518,296.0,19,19,29,20.873684210526317,0.6551724137931034
44169472,222.4,9.266666666666667,77.0,14,14,24,15.885714285714286,0.5833333333333334
44197725,24.0,12.0,24.0,1,1,2,24.0,0.5
44201412,12.7,6.35,12.7,1,1,2,12.7,0.5
44221885,0.0,0.0,0.0,5,5,5,0.0,1.0
44231506,123.2,20.533333333333335,123.0,4,4,6,30.8,0.6666666666666666
44240866,982.0,70.14285714285714,507.0,8,8,14,122.75,0.5714285714285714
44314169,1236.0,4.478260869565218,170.0,178,178,276,6.943820224719101,0.644927536231884
44321815,1462.3,20.30972222222222,1054.0,41,41,72,35.665853658536584,0.5694444444444444
44370809,201.9,2.9691176470588236,94.0,37,37,68,5.456756756756757,0.5441176470588235
44421638,1.5,0.125,1.2,8,8,12,0.1875,0.6666666666666666
44426653,286.5,17.90625,191.0,8,8,16,35.8125,0.5
44472980,4221.9,11.19867374005305,1318.0,295,295,377,14.311525423728812,0.7824933687002652
44482198,1295.8,13.088888888888889,218.0,59,59,99,21.962711864406778,0.5959595959595959
44545959,3602.6,18.961052631578948,753.0,127,127,190,28.366929133858267,0.6684210526315789
44755776,825.9,22.32162162162162,292.0,22,22,37,37.54090909090909,0.5945945945945946
44762681,0.1,0.011111111111111112,0.1,8,8,9,0.0125,0.8888888888888888
44866715,367.9,2.6467625899280574,73.0,86,86,139,4.277906976744186,0.6187050359712231
44874005,1398.4,34.96,893.0,33,33,40,42.375757575757575,0.825
44946470,69.1,11.516666666666666,30.0,3,3,6,23.03333333333333,0.5
44948554,25.1,6.275,21.0,2,2,4,12.55,0.5
45000709,7.2,3.6,7.2,1,1,2,7.2,0.5
45016429,0.1,0.05,0.1,1,1,2,0.1,0.5
45030250,757.0,17.204545454545453,412.0,24,24,44,31.541666666666668,0.5454545454545454
45066450,3.6,1.8,3.6,1,1,2,3.6,0.5
45094639,17.6,1.1733333333333333,9.4,8,8,15,2.2,0.5333333333333333
45118807,715.2,65.01818181818182,702.0,6,6,11,119.2,0.5454545454545454
45120292,62.0,31.0,62.0,1,1,2,62.0,0.5
45145682,99.2,5.835294117647059,90.0,11,11,17,9.018181818181818,0.6470588235294118
45233261,10.0,5.0,10.0,1,1,2,10.0,0.5
45274432,0.0,0.0,0.0,1,1,1,0.0,1.0
45292137,1443.2,20.044444444444444,772.0,42,42,72,34.36190476190476,0.5833333333333334
45314861,7.0,1.0,7.0,6,6,7,1.1666666666666667,0.8571428571428571
45353031,163.9,8.626315789473685,87.0,13,13,19,12.607692307692307,0.6842105263157895
45411694,1854.0,16.854545454545455,448.0,70,70,110,26.485714285714284,0.6363636363636364
45422636,368.7,16.030434782608694,117.0,13,13,23,28.361538461538462,0.5652173913043478
45457930,19.0,4.75,18.5,2,2,4,9.5,0.5
45459546,77.0,12.833333333333334,71.0,4,4,6,19.25,0.6666666666666666
45507376,0.6000000000000001,0.042857142857142864,0.4,12,12,14,0.05000000000000001,0.8571428571428571
45532207,1109.9,61.66111111111112,897.0,9,9,18,123.32222222222224,0.5
45575299,20.0,10.0,20.0,1,1,2,20.0,0.5
45592640,2666.3,31.003488372093024,630.0,48,48,86,55.54791666666667,0.5581395348837209
45617627,1673.4,5.578,288.0,164,164,300,10.203658536585367,0.5466666666666666
45774794,550.7,6.051648351648352,123.0,52,52,91,10.590384615384616,0.5714285714285714
45807245,11.600000000000001,2.9000000000000004,6.9,2,2,4,5.800000000000001,0.5
45811573,19.8,2.475,18.2,6,6,8,3.3000000000000003,0.75
45957399,42.3,7.05,25.0,4,4,6,10.575,0.6666666666666666
45970552,1.4,0.19999999999999998,1.0,4,4,7,0.35,0.5714285714285714
45974860,1794.6,13.004347826086956,406.0,76,76,138,23.61315789473684,0.5507246376811594
45977895,19.4,9.7,19.4,1,1,2,19.4,0.5
46009414,82.4,10.3,81.0,4,4,8,20.6,0.5
46013902,13.2,6.6,13.2,1,1,2,13.2,0.5
46014950,7.4,3.7,7.4,1,1,2,7.4,0.5
46021731,0.1,0.014285714285714287,0.1,6,6,7,0.016666666666666666,0.8571428571428571
46028967,1095.0,3.3384146341463414,227.0,230,230,328,4.760869565217392,0.7012195121951219
46030552,3819.6,95.49,1945.0,25,25,40,152.784,0.625
46055854,2212.9,18.913675213675216,406.0,70,70,117,31.612857142857145,0.5982905982905983
46115507,0.4,0.2,0.4,1,1,2,0.4,0.5
46172640,15.5,3.875,15.5,3,3,4,5.166666666666667,0.75
46178364,1425.5,64.79545454545455,1406.0,13,13,22,109.65384615384616,0.5909090909090909
46179654,17.4,8.7,17.4,1,1,2,17.4,0.5
46252394,1537.0,102.46666666666667,421.0,8,8,15,192.125,0.5333333333333333
46276248,6.7,3.35,6.7,1,1,2,6.7,0.5
46301758,952.0,8.0,411.0,76,76,119,12.526315789473685,0.6386554621848739
46397411,35.2,3.5200000000000005,32.0,6,6,10,5.866666666666667,0.6
46405162,1145.6,88.12307692307692,558.0,7,7,13,163.65714285714284,0.5384615384615384
46534663,46.7,2.122727272727273,22.0,12,12,22,3.891666666666667,0.5454545454545454
46542904,4.5,0.5625,2.4,4,4,8,1.125,0.5
46585543,7.300000000000001,0.5214285714285715,5.9,11,11,14,0.6636363636363637,0.7857142857142857
46607365,1855.8,80.68695652173913,495.0,12,12,23,154.65,0.5217391304347826
46637811,4958.6,23.06325581395349,2563.0,130,130,215,38.143076923076926,0.6046511627906976
46759859,812.8,81.28,490.0,6,6,10,135.46666666666667,0.6
46785501,676.6,8.787012987012988,197.0,47,47,77,14.395744680851065,0.6103896103896104
46800342,0.0,0.0,0.0,1,1,1,0.0,1.0
46856734,0.0,0.0,0.0,1,1,1,0.0,1.0
46916822,513.0,85.5,230.0,3,3,6,171.0,0.5
46951849,3882.0,80.875,1657.0,27,27,48,143.77777777777777,0.5625
46957399,2697.0,207.46153846153845,1193.0,8,8,13,337.125,0.6153846153846154
47021871,4.8,2.4,4.8,1,1,2,4.8,0.5
47031455,28.0,14.0,28.0,1,1,2,28.0,0.5
47063596,7161.0,159.13333333333333,1766.0,24,24,45,298.375,0.5333333333333333
47144509,187.0,46.75,126.0,2,2,4,93.5,0.5
47163562,740.0,123.33333333333333,477.0,3,3,6,246.66666666666666,0.5
47164966,679.7,48.550000000000004,646.0,7,7,14,97.10000000000001,0.5
47227777,5.5,2.75,5.5,1,1,2,5.5,0.5
47240858,701.1,29.212500000000002,509.0,16,16,24,43.81875,0.6666666666666666
47271668,2072.7,115.14999999999999,1197.0,10,10,18,207.26999999999998,0.5555555555555556
47284807,42.5,10.625,34.0,2,2,4,21.25,0.5
47288156,624.9,56.809090909090905,604.0,7,7,11,89.27142857142857,0.6363636363636364
47291376,4175.7,134.7,2889.0,18,18,31,231.98333333333332,0.5806451612903226
47296055,50.1,8.35,49.0,3,3,6,16.7,0.5
47332601,3.1,0.775,3.1,3,3,4,1.0333333333333334,0.75
47364777,11.9,1.9833333333333334,8.9,3,3,6,3.966666666666667,0.5
47384202,1377.8,4.278881987577639,248.0,226,226,322,6.09646017699115,0.7018633540372671
47384303,2023.8,8.03095238095238,163.0,152,152,252,13.314473684210526,0.6031746031746031
47409520,6.6,3.3,6.6,1,1,2,6.6,0.5
47431457,7.7,3.85,7.7,1,1,2,7.7,0.5
47453568,227.0,56.75,187.0,2,2,4,113.5,0.5
47457723,4844.3,5.685798122065728,994.0,554,554,852,8.744223826714801,0.6502347417840375
47500408,740.4,25.53103448275862,526.0,15,15,29,49.36,0.5172413793103449
47506504,0.4,0.2,0.4,1,1,2,0.4,0.5
47519224,0.9,0.225,0.9,3,3,4,0.3,0.75
47524459,451.7,34.746153846153845,268.0,8,8,13,56.4625,0.6153846153846154
47596241,0.0,0.0,0.0,2,2,2,0.0,1.0
47636024,0.0,0.0,0.0,2,2,2,0.0,1.0
47644729,1.1,0.275,0.8,2,2,4,0.55,0.5
47672756,117.2,2.6044444444444443,18.9,26,26,45,4.507692307692308,0.5777777777777777
47693543,148.0,24.666666666666668,84.0,3,3,6,49.333333333333336,0.5
47728342,260.2,15.305882352941175,163.0,10,10,17,26.02,0.5882352941176471
47748424,0.0,0.0,0.0,1,1,1,0.0,1.0
47773209,15.6,1.3,10.3,7,7,12,2.2285714285714286,0.5833333333333334
47887890,3008.3,167.1277777777778,2633.0,10,10,18,300.83000000000004,0.5555555555555556
47978182,4.5,2.25,4.5,1,1,2,4.5,0.5
48028873,761.7,3.592924528301887,202.0,143,143,212,5.326573426573427,0.6745283018867925
48058475,774.9,38.745,543.0,10,10,20,77.49,0.5
48063019,0.6,0.3,0.6,1,1,2,0.6,0.5
48080423,75.3,3.1374999999999997,24.0,13,13,24,5.792307692307692,0.5416666666666666
48118779,28.7,2.3916666666666666,22.0,7,7,12,4.1,0.5833333333333334
48149238,2207.1,23.99021739130435,654.0,59,59,92,37.40847457627118,0.6413043478260869
48175931,168.5,3.37,76.0,34,34,50,4.955882352941177,0.68
48239695,445.0,27.8125,312.0,10,10,16,44.5,0.625
48334326,64.6,5.383333333333333,28.0,6,6,12,10.766666666666666,0.5
48350308,0.1,0.05,0.1,1,1,2,0.1,0.5
48365975,15.399999999999999,1.9249999999999998,8.2,5,5,8,3.0799999999999996,0.625
48386574,254.3,3.6855072463768117,33.0,42,42,69,6.0547619047619055,0.6086956521739131
48395915,36.0,18.0,36.0,1,1,2,36.0,0.5
48415876,3.7,0.925,2.9,2,2,4,1.85,0.5
48429360,0.2,0.06666666666666667,0.2,2,2,3,0.1,0.6666666666666666
48449055,170.5,28.416666666666668,121.0,3,3,6,56.833333333333336,0.5
48456902,422.6,17.608333333333334,132.0,15,15,24,28.173333333333336,0.625
48492052,31.599999999999998,1.5047619047619047,16.2,12,12,21,2.6333333333333333,0.5714285714285714
48525807,5260.0,23.90909090909091,1870.0,126,126,220,41.74603174603175,0.5727272727272728
48603188,0.3,0.15,0.3,1,1,2,0.3,0.5
48626533,1110.7,15.643661971830987,460.0,43,43,71,25.830232558139535,0.6056338028169014
48634782,0.5,0.25,0.5,1,1,2,0.5,0.5
48666962,919.4,13.520588235294117,259.0,35,35,68,26.268571428571427,0.5147058823529411
48668697,79.0,15.8,67.0,3,3,5,26.333333333333332,0.6
48688347,0.0,0.0,0.0,4,4,4,0.0,1.0
48718309,201.8,50.45,191.0,2,2,4,100.9,0.5
48756018,40.0,20.0,40.0,1,1,2,40.0,0.5
48772264,0.0,0.0,0.0,5,5,5,0.0,1.0
48792936,66.0,33.0,66.0,1,1,2,66.0,0.5
48798067,9427.2,14.43675344563553,3178.0,399,399,653,23.627067669172934,0.6110260336906586
48845802,411.6,15.830769230769231,211.0,15,15,26,27.44,0.5769230769230769
48921893,57.0,14.25,37.0,2,2,4,28.5,0.5
48951291,0.0,0.0,0.0,1,1,1,0.0,1.0
48984158,3346.3,16.90050505050505,2458.0,130,130,198,25.74076923076923,0.6565656565656566
48984341,763.9,44.93529411764706,733.0,9,9,17,84.87777777777778,0.5294117647058824
48985770,0.2,0.1,0.2,1,1,2,0.2,0.5
49050405,999.8,7.351470588235294,354.0,94,94,136,10.636170212765958,0.6911764705882353
49063269,2483.5,107.97826086956522,930.0,14,14,23,177.39285714285714,0.6086956521739131
49110638,23.0,11.5,23.0,1,1,2,23.0,0.5
49131499,3.0,0.75,3.0,3,3,4,1.0,0.75
49191483,667.6,55.63333333333333,658.0,6,6,12,111.26666666666667,0.5
49228258,2423.0,7.364741641337386,361.0,193,193,329,12.55440414507772,0.5866261398176292
49287511,354.0,177.0,354.0,1,1,2,354.0,0.5
49312497,6356.0,135.2340425531915,4676.0,26,26,47,244.46153846153845,0.5531914893617021
49319563,5.7,0.7125,5.7,7,7,8,0.8142857142857143,0.875
49342564,1912.9,18.218095238095238,390.0,62,62,105,30.853225806451615,0.5904761904761905
49350285,1159.7,32.21388888888889,510.0,20,20,36,57.985,0.5555555555555556
49372322,601.0,100.16666666666667,332.0,3,3,6,200.33333333333334,0.5
49380630,5525.9,230.2458333333333,2965.0,13,13,24,425.0692307692307,0.5416666666666666
49413665,597.1,42.65,312.0,7,7,14,85.3,0.5
49462664,2401.1,7.320426829268293,243.0,202,202,328,11.886633663366336,0.6158536585365854
49469819,0.0,0.0,0.0,1,1,1,0.0,1.0
49482847,0.1,0.05,0.1,1,1,2,0.1,0.5
49584661,15.0,7.5,15.0,1,1,2,15.0,0.5
49624770,404.9,5.623611111111111,109.0,59,59,72,6.862711864406779,0.8194444444444444
49627054,4.5,0.6428571428571429,4.5,6,6,7,0.75,0.8571428571428571
49629862,148.8,14.88,140.0,6,6,10,24.8,0.6
49630184,1380.9,32.87857142857143,455.0,28,28,42,49.31785714285714,0.6666666666666666
49655019,18.3,9.15,18.3,1,1,2,18.3,0.5
49669626,20.0,10.0,20.0,1,1,2,20.0,0.5
49688948,10.3,5.15,10.3,1,1,2,10.3,0.5
49718752,2.9,1.45,2.9,1,1,2,2.9,0.5
49724738,38.1,3.81,15.8,5,5,10,7.62,0.5
49754148,4.3,2.15,4.3,1,1,2,4.3,0.5
49759696,62.0,31.0,62.0,1,1,2,62.0,0.5
49767455,3271.9,54.531666666666666,1534.0,37,37,60,88.42972972972973,0.6166666666666667
49769103,265.4,26.54,153.0,5,5,10,53.08,0.5
49770308,9.3,4.65,9.3,1,1,2,9.3,0.5
49832324,66.9,2.3892857142857147,32.0,22,22,28,3.040909090909091,0.7857142857142857
49845280,91.0,22.75,91.0,3,3,4,30.333333333333332,0.75
49860185,3.1,1.55,3.1,1,1,2,3.1,0.5
49880470,0.5,0.25,0.5,1,1,2,0.5,0.5
49882352,188.0,37.6,100.0,3,3,5,62.666666666666664,0.6
49893565,6891.9,8.938910505836576,1605.0,474,474,771,14.539873417721518,0.6147859922178989
50032397,1310.5,50.40384615384615,439.0,13,13,26,100.8076923076923,0.5
50095094,133.4,7.847058823529412,76.0,10,10,17,13.34,0.5882352941176471
50131557,710.3,88.7875,366.0,4,4,8,177.575,0.5
50185776,28.0,5.6,28.0,4,4,5,7.0,0.8
50206331,1.3,0.43333333333333335,1.3,2,2,3,0.65,0.6666666666666666
50229934,1509.8,20.682191780821917,415.0,42,42,73,35.94761904761905,0.5753424657534246
50246981,2.5,1.25,2.5,1,1,2,2.5,0.5
50255774,7.6,2.533333333333333,7.6,2,2,3,3.8,0.6666666666666666
50269563,2.3,1.15,2.3,1,1,2,2.3,0.5
50275189,284.8,17.8,267.0,8,8,16,35.6,0.5
50305489,62.3,8.9,37.0,4,4,7,15.575,0.5714285714285714
50426766,183.0,91.5,183.0,1,1,2,183.0,0.5
50487226,4.9,2.45,4.9,1,1,2,4.9,0.5
50500338,14.600000000000001,3.6500000000000004,9.9,2,2,4,7.300000000000001,0.5
50553129,1203.3,35.391176470588235,526.0,20,20,34,60.165,0.5882352941176471
50572608,315.3,52.550000000000004,315.0,4,4,6,78.825,0.6666666666666666
50600002,105.7,7.55,81.0,9,9,14,11.744444444444445,0.6428571428571429
50655415,2.1,0.525,1.9,2,2,4,1.05,0.5
50699197,7.3,3.65,7.3,1,1,2,7.3,0.5
50700418,659.1,5.538655462184874,143.0,71,71,119,9.283098591549296,0.5966386554621849
50744279,925.0,5.817610062893082,79.0,90,90,159,10.277777777777779,0.5660377358490566
50769696,1792.4,31.445614035087722,264.0,30,30,57,59.74666666666667,0.5263157894736842
50797633,2948.7,28.908823529411762,1434.0,64,64,102,46.0734375,0.6274509803921569
50801801,195.6,2.126086956521739,87.0,57,57,92,3.431578947368421,0.6195652173913043
50810886,0.0,0.0,0.0,1,1,1,0.0,1.0
50811344,6171.3,82.284,4335.0,48,48,75,128.56875,0.64
50818751,6929.9,18.14109947643979,2030.0,246,246,382,28.17032520325203,0.643979057591623
50825641,0.0,0.0,0.0,1,1,1,0.0,1.0
50837658,1.4,0.7,1.4,1,1,2,1.4,0.5
50852108,37.0,18.5,37.0,1,1,2,37.0,0.5
50888871,150.5,25.083333333333332,150.0,4,4,6,37.625,0.6666666666666666
50967861,18.8,9.4,18.8,1,1,2,18.8,0.5
51017857,11.3,5.65,11.3,1,1,2,11.3,0.5
51020486,53.7,10.74,34.0,3,3,5,17.900000000000002,0.6
51030531,16.4,8.2,16.4,1,1,2,16.4,0.5
51044834,0.0,0.0,0.0,1,1,1,0.0,1.0
51051260,39.0,19.5,39.0,1,1,2,39.0,0.5
51085779,2807.5,16.228323699421967,419.0,101,101,173,27.797029702970296,0.5838150289017341
51098091,0.0,0.0,0.0,1,1,1,0.0,1.0
51132884,379.4,11.158823529411764,110.0,20,20,34,18.97,0.5882352941176471
51237520,0.0,0.0,0.0,3,3,3,0.0,1.0
51268450,0.0,0.0,0.0,4,4,4,0.0,1.0
51293702,501.4,45.58181818181818,501.0,7,7,11,71.62857142857142,0.6363636363636364
51300149,70.5,3.710526315789474,16.5,10,10,19,7.05,0.5263157894736842
51382080,887.1,27.721875,382.0,19,19,32,46.689473684210526,0.59375
51429054,0.0,0.0,0.0,2,2,2,0.0,1.0
51512715,37.0,5.285714285714286,37.0,6,6,7,6.166666666666667,0.8571428571428571
51557405,1814.6,3.558039215686274,112.0,300,300,510,6.048666666666667,0.5882352941176471
51558260,14.7,1.47,12.0,6,6,10,2.4499999999999997,0.6
51626428,0.0,0.0,0.0,2,2,2,0.0,1.0
51688538,8.6,4.3,8.6,1,1,2,8.6,0.5
51699341,79.8,4.2,20.0,10,10,19,7.9799999999999995,0.5263157894736842
51766884,1.7,0.85,1.7,1,1,2,1.7,0.5
51822361,3035.2,11.902745098039215,343.0,164,164,255,18.507317073170732,0.6431372549019608
51905751,833.0,138.83333333333334,773.0,3,3,6,277.6666666666667,0.5
51938138,0.0,0.0,0.0,1,1,1,0.0,1.0
51941260,152.3,10.153333333333334,85.0,8,8,15,19.0375,0.5333333333333333
51951401,11.9,5.95,11.9,1,1,2,11.9,0.5
52022614,0.0,0.0,0.0,1,1,1,0.0,1.0
52038938,396.0,99.0,351.0,2,2,4,198.0,0.5
52072237,37.8,4.725,33.0,6,6,8,6.3,0.75
52093628,21.8,2.4222222222222225,14.8,7,7,9,3.1142857142857143,0.7777777777777778
52181854,65.1,10.85,65.0,4,4,6,16.275,0.6666666666666666
52192778,0.2,0.06666666666666667,0.2,2,2,3,0.1,0.6666666666666666
52203520,107.0,6.294117647058823,75.0,11,11,17,9.727272727272727,0.6470588235294118
52217458,316.7,28.79090909090909,163.0,6,6,11,52.78333333333333,0.5454545454545454
52255266,0.9,0.45,0.9,1,1,2,0.9,0.5
52293096,619.0,68.77777777777777,539.0,6,6,9,103.16666666666667,0.6666666666666666
52321307,4118.5,57.201388888888886,893.0,42,42,72,98.05952380952381,0.5833333333333334
52352692,212.2,30.314285714285713,211.0,4,4,7,53.05,0.5714285714285714
52435421,133.8,8.3625,60.0,9,9,16,14.866666666666667,0.5625
52438281,0.0,0.0,0.0,1,1,1,0.0,1.0
52472947,32.0,16.0,32.0,1,1,2,32.0,0.5
52545855,742.6,57.12307692307692,492.0,7,7,13,106.08571428571429,0.5384615384615384
52559629,0.0,0.0,0.0,1,1,1,0.0,1.0
52567955,7836.7,237.47575757575757,6964.0,27,27,33,290.2481481481481,0.8181818181818182
52572702,192.0,96.0,192.0,1,1,2,192.0,0.5
52583581,1.5,0.75,1.5,1,1,2,1.5,0.5
52672853,0.2,0.1,0.2,1,1,2,0.2,0.5
52723676,238.3,17.021428571428572,87.0,7,7,14,34.042857142857144,0.5
52731290,9417.6,181.1076923076923,3898.0,27,27,52,348.8,0.5192307692307693
52781598,38.0,5.428571428571429,38.0,6,6,7,6.333333333333333,0.8571428571428571
52811164,0.2,0.04,0.2,4,4,5,0.05,0.8
52863875,17.0,2.4285714285714284,16.6,4,4,7,4.25,0.5714285714285714
52907921,1028.0,12.85,314.0,46,46,80,22.347826086956523,0.575
52942891,153.2,15.319999999999999,123.0,5,5,10,30.639999999999997,0.5
53040574,0.3,0.15,0.3,1,1,2,0.3,0.5
53079481,3.0,1.5,3.0,1,1,2,3.0,0.5
53091150,1079.5,3.801056338028169,159.0,168,168,284,6.425595238095238,0.5915492957746479
53097340,1025.1,6.406874999999999,215.0,116,116,160,8.83706896551724,0.725
53122638,28.0,14.0,28.0,1,1,2,28.0,0.5
53155177,80.8,20.2,79.0,2,2,4,40.4,0.5
53181165,2.6,0.2888888888888889,1.8,6,6,9,0.43333333333333335,0.6666666666666666
53231205,14.8,4.933333333333334,14.8,2,2,3,7.4,0.6666666666666666
53244117,3284.1,364.9,3283.0,7,7,9,469.15714285714284,0.7777777777777778
53245953,598.3,13.59772727272727,495.0,31,31,44,19.299999999999997,0.7045454545454546
53258793,1523.1,117.16153846153846,1511.0,8,8,13,190.3875,0.6153846153846154
53296539,73.0,36.5,73.0,1,1,2,73.0,0.5
53324742,5.2,2.6,5.2,1,1,2,5.2,0.5
53509003,71.2,4.45,66.0,11,11,16,6.472727272727273,0.6875
53621752,1756.7,109.79375,941.0,10,10,16,175.67000000000002,0.625
53678595,0.0,0.0,0.0,3,3,3,0.0,1.0
53691822,12.1,1.5125,11.6,6,6,8,2.0166666666666666,0.75
53711793,3062.8,61.256,1461.0,28,28,50,109.38571428571429,0.56
53778883,15.2,3.8,15.2,3,3,4,5.066666666666666,0.75
53779471,1497.0,71.28571428571429,1381.0,13,13,21,115.15384615384616,0.6190476190476191
53784377,892.9,89.28999999999999,848.0,6,6,10,148.81666666666666,0.6
53823060,0.3,0.15,0.3,1,1,2,0.3,0.5
53826748,6.9,3.45,6.9,1,1,2,6.9,0.5
53875128,1346.4,1.917948717948718,86.0,505,505,702,2.6661386138613863,0.7193732193732194
53898495,3227.3,14.804128440366974,981.0,145,145,218,22.257241379310347,0.6651376146788991
53901705,2337.3,86.56666666666668,1545.0,16,16,27,146.08125,0.5925925925925926
53957543,43.0,21.5,43.0,1,1,2,43.0,0.5
53964834,2903.0,725.75,2903.0,3,3,4,967.6666666666666,0.75
53986832,5.8,0.6444444444444444,2.8,6,6,9,0.9666666666666667,0.6666666666666666
53990357,14.1,3.525,10.2,2,2,4,7.05,0.5
54092998,0.0,0.0,0.0,1,1,1,0.0,1.0
54097980,3.1,1.55,3.1,1,1,2,3.1,0.5
54103616,2568.1,49.38653846153846,1028.0,31,31,52,82.84193548387097,0.5961538461538461
54111916,0.0,0.0,0.0,1,1,1,0.0,1.0
54124359,0.7999999999999999,0.08888888888888888,0.7,7,7,9,0.11428571428571428,0.7777777777777778
54194546,338.1,5.122727272727273,99.0,41,41,66,8.246341463414634,0.6212121212121212
54212914,59.4,9.9,36.0,3,3,6,19.8,0.5
54229062,0.2,0.1,0.2,1,1,2,0.2,0.5
54291917,204.2,8.878260869565217,164.0,12,12,23,17.016666666666666,0.5217391304347826
54293428,2605.6,18.745323741007194,492.0,82,82,139,31.77560975609756,0.5899280575539568
54310644,1747.0,10.040229885057471,475.0,128,128,174,13.6484375,0.735632183908046
54353026,4.4,0.3666666666666667,2.7,10,10,12,0.44000000000000006,0.8333333333333334
54402999,44.4,7.3999999999999995,30.0,3,3,6,14.799999999999999,0.5
54444464,0.5,0.25,0.5,1,1,2,0.5,0.5
54477968,36.4,3.6399999999999997,19.9,6,6,10,6.066666666666666,0.6
54507379,784.4,17.827272727272728,168.0,25,25,44,31.375999999999998,0.5681818181818182
54531801,0.0,0.0,0.0,1,1,1,0.0,1.0
54553556,0.0,0.0,0.0,5,5,5,0.0,1.0
54568397,268.9,11.691304347826087,105.0,13,13,23,20.684615384615384,0.5652173913043478
54637394,2514.0,13.301587301587302,1206.0,124,124,189,20.274193548387096,0.656084656084656
54680190,0.0,0.0,0.0,3,3,3,0.0,1.0
54704882,0.0,0.0,0.0,1,1,1,0.0,1.0
54739142,4.4,0.8800000000000001,4.2,3,3,5,1.4666666666666668,0.6
54739475,663.0,331.5,663.0,1,1,2,663.0,0.5
54761333,1544.0,11.876923076923077,261.0,81,81,130,19.061728395061728,0.6230769230769231
54819677,192.7,27.52857142857143,184.0,5,5,7,38.54,0.7142857142857143
54826284,3161.2,19.393865030674846,791.0,95,95,163,33.275789473684206,0.5828220858895705
54888069,8.3,1.3833333333333335,5.4,3,3,6,2.766666666666667,0.5
54894744,8.4,4.2,8.4,1,1,2,8.4,0.5
54916182,2603.0,1301.5,2603.0,1,1,2,2603.0,0.5
54934705,4.8,0.96,2.9,3,3,5,1.5999999999999999,0.6
54990424,328.0,82.0,301.0,2,2,4,164.0,0.5
54992167,111.0,12.333333333333334,100.0,6,6,9,18.5,0.6666666666666666
54999247,408.0,25.5,167.0,10,10,16,40.8,0.625
55016054,425.0,106.25,400.0,2,2,4,212.5,0.5
55112407,1869.0,186.9,544.0,5,5,10,373.8,0.5
55120589,6.199999999999999,0.6199999999999999,4.6,8,8,10,0.7749999999999999,0.8
55136688,47.2,11.8,47.0,2,2,4,23.6,0.5
55143039,76.7,6.391666666666667,53.0,7,7,12,10.957142857142857,0.5833333333333334
55162535,1138.0,284.5,1079.0,2,2,4,569.0,0.5
55229923,82.7,20.675,70.0,2,2,4,41.35,0.5
55300764,403.5,22.416666666666668,203.0,9,9,18,44.833333333333336,0.5
55319994,237.0,23.7,124.0,5,5,10,47.4,0.5
55334302,2025.2,40.504,483.0,27,27,50,75.00740740740741,0.54
55352649,515.1,57.233333333333334,487.0,5,5,9,103.02000000000001,0.5555555555555556
55363009,0.0,0.0,0.0,1,1,1,0.0,1.0
55367062,585.0,2.521551724137931,140.0,158,158,232,3.7025316455696204,0.6810344827586207
55426012,2093.9,5.76831955922865,213.0,235,235,363,8.910212765957446,0.6473829201101928
55429136,109.0,36.333333333333336,109.0,2,2,3,54.5,0.6666666666666666
55446861,22.0,4.4,22.0,4,4,5,5.5,0.8
55457113,910.0,101.11111111111111,777.0,6,6,9,151.66666666666666,0.6666666666666666
55464294,13.9,4.633333333333334,13.9,2,2,3,6.95,0.6666666666666666
55498890,92.9,23.225,91.0,2,2,4,46.45,0.5
55502052,99.9,8.325000000000001,36.0,7,7,12,14.271428571428572,0.5833333333333334
55522584,198.1,24.7625,139.0,4,4,8,49.525,0.5
55525449,0.0,0.0,0.0,1,1,1,0.0,1.0
55623839,349.3,38.81111111111111,296.0,5,5,9,69.86,0.5555555555555556
55635404,93.2,23.3,82.0,2,2,4,46.6,0.5
55672384,12.9,1.6125,7.0,4,4,8,3.225,0.5
55691331,0.0,0.0,0.0,1,1,1,0.0,1.0
55739825,111.4,7.957142857142857,48.0,9,9,14,12.377777777777778,0.6428571428571429
55745376,151.2,25.2,124.0,3,3,6,50.4,0.5
55751308,595.7,9.765573770491804,198.0,32,32,61,18.615625,0.5245901639344263
55755821,146.9,3.9702702702702704,71.0,27,27,37,5.440740740740741,0.7297297297297297
55761025,1758.0,17.405940594059405,787.0,61,61,101,28.81967213114754,0.6039603960396039
55763270,4.7,1.175,4.3,2,2,4,2.35,0.5
55763300,1239.3,95.33076923076922,1138.0,7,7,13,177.04285714285714,0.5384615384615384
55776971,190.6,11.211764705882352,79.0,9,9,17,21.177777777777777,0.5294117647058824
55837871,68.0,13.6,46.0,3,3,5,22.666666666666668,0.6
55906572,3960.6,9.876807980049875,690.0,232,232,401,17.07155172413793,0.5785536159600998
55906627,494.0,247.0,494.0,1,1,2,494.0,0.5
55944717,17.3,4.325,16.0,2,2,4,8.65,0.5
55948496,0.0,0.0,0.0,2,2,2,0.0,1.0
55975168,3382.2,23.00816326530612,757.0,89,89,147,38.002247191011236,0.6054421768707483
56002861,291.3,17.13529411764706,233.0,11,11,17,26.481818181818184,0.6470588235294118
56014527,105.6,26.4,92.0,2,2,4,52.8,0.5
56038151,647.7,2.744491525423729,128.0,174,174,236,3.7224137931034487,0.7372881355932204
56091522,4.0,0.5714285714285714,2.7,5,5,7,0.8,0.7142857142857143
56157984,10.7,5.35,10.7,1,1,2,10.7,0.5
56198811,2.6,0.8666666666666667,2.6,2,2,3,1.3,0.6666666666666666
56219610,940.5,18.441176470588236,309.0,27,27,51,34.833333333333336,0.5294117647058824
56256991,908.4,82.58181818181818,723.0,6,6,11,151.4,0.5454545454545454
56333620,573.8,11.954166666666666,127.0,28,28,48,20.49285714285714,0.5833333333333334
56413349,26.7,1.78,19.9,10,10,15,2.67,0.6666666666666666
56416303,76.0,38.0,76.0,1,1,2,76.0,0.5
56436338,3506.0,350.6,1369.0,5,5,10,701.2,0.5
56436989,492.7,8.211666666666666,148.0,36,36,60,13.68611111111111,0.6
56470008,283.2,70.8,275.0,2,2,4,141.6,0.5
56497895,46.3,5.7875,21.0,4,4,8,11.575,0.5
56667587,0.2,0.06666666666666667,0.2,2,2,3,0.1,0.6666666666666666
56684410,42.2,2.4823529411764707,32.0,14,14,17,3.0142857142857147,0.8235294117647058
56788879,1.8,0.6,1.8,2,2,3,0.9,0.6666666666666666
56789999,557.2,25.327272727272728,454.0,11,11,22,50.654545454545456,0.5
56790646,3.1,1.0333333333333334,3.1,2,2,3,1.55,0.6666666666666666
56813714,474.8,59.35,444.0,4,4,8,118.7,0.5
56818301,4.4,1.4666666666666668,4.4,2,2,3,2.2,0.6666666666666666
56830362,0.0,0.0,0.0,1,1,1,0.0,1.0
56840402,315.9,31.589999999999996,269.0,5,5,10,63.17999999999999,0.5
56899274,219.5,21.95,178.0,5,5,10,43.9,0.5
56901667,276.8,46.13333333333333,213.0,3,3,6,92.26666666666667,0.5
56911639,646.9,49.76153846153846,631.0,10,10,13,64.69,0.7692307692307693
56957512,715.1,71.51,648.0,6,6,10,119.18333333333334,0.6
56973040,56.1,14.025,54.0,2,2,4,28.05,0.5
57033787,308.5,22.035714285714285,121.0,7,7,14,44.07142857142857,0.5
57077457,0.6,0.3,0.6,1,1,2,0.6,0.5
57088976,11.9,5.95,11.9,1,1,2,11.9,0.5
57103808,1276.7,7.880864197530864,128.0,98,98,162,13.027551020408163,0.6049382716049383
57166019,193.0,48.25,123.0,2,2,4,96.5,0.5
57181405,7.2,3.6,7.2,1,1,2,7.2,0.5
57194796,12.5,6.25,12.5,1,1,2,12.5,0.5
57223013,3.2,1.6,3.2,1,1,2,3.2,0.5
57226729,549.5,54.95,413.0,5,5,10,109.9,0.5
57234698,5.9,0.5900000000000001,2.6,5,5,10,1.1800000000000002,0.5
57271785,1207.9,86.27857142857144,1201.0,10,10,14,120.79,0.7142857142857143
57319696,96.0,48.0,96.0,1,1,2,96.0,0.5
57333945,0.0,0.0,0.0,13,13,13,0.0,1.0
57368001,1462.5,25.21551724137931,574.0,31,31,58,47.17741935483871,0.5344827586206896
57415686,154.0,22.0,78.0,4,4,7,38.5,0.5714285714285714
57424113,635.3,37.370588235294115,372.0,10,10,17,63.529999999999994,0.5882352941176471
57433226,7741.5,157.98979591836735,3013.0,32,32,49,241.921875,0.6530612244897959
57451291,798.7,61.43846153846154,672.0,7,7,13,114.10000000000001,0.5384615384615384
57500988,187.3,17.027272727272727,108.0,6,6,11,31.21666666666667,0.5454545454545454
57530892,128.0,64.0,128.0,1,1,2,128.0,0.5
57541240,42.4,7.066666666666666,23.0,3,3,6,14.133333333333333,0.5
57564540,103.0,51.5,103.0,1,1,2,103.0,0.5
57603447,2649.6,9.496774193548386,1727.0,170,170,279,15.585882352941177,0.6093189964157706
57670085,0.0,0.0,0.0,1,1,1,0.0,1.0
57695896,0.3,0.15,0.3,1,1,2,0.3,0.5
57755503,3.3,1.65,3.3,1,1,2,3.3,0.5
57770056,848.8,5.696644295302013,280.0,107,107,149,7.932710280373831,0.7181208053691275
57782416,33.0,6.6,33.0,4,4,5,8.25,0.8
57788398,18.3,4.575,11.6,2,2,4,9.15,0.5
57798235,2234.0,65.70588235294117,1840.0,19,19,34,117.57894736842105,0.5588235294117647
57810800,52.4,8.733333333333333,29.0,3,3,6,17.466666666666665,0.5
57866383,0.7,0.04375,0.4,14,14,16,0.049999999999999996,0.875
57905818,5534.8,178.541935483871,4405.0,18,18,31,307.4888888888889,0.5806451612903226
57912466,38.0,19.0,38.0,1,1,2,38.0,0.5
57918339,16.9,8.45,16.9,1,1,2,16.9,0.5
57974873,1273.9,18.19857142857143,377.0,48,48,70,26.539583333333336,0.6857142857142857
58013959,0.5,0.25,0.5,1,1,2,0.5,0.5
58029555,184.2,16.745454545454546,90.0,6,6,11,30.7,0.5454545454545454
58057627,1796.6,16.482568807339447,557.0,61,61,109,29.45245901639344,0.5596330275229358
58117481,278.0,55.6,278.0,4,4,5,69.5,0.8
58121946,0.6,0.3,0.6,1,1,2,0.6,0.5
58129717,33.2,5.533333333333334,14.6,3,3,6,11.066666666666668,0.5
58152057,0.6,0.3,0.6,1,1,2,0.6,0.5
58182267,128.5,21.416666666666668,127.0,4,4,6,32.125,0.6666666666666666
58192081,8.4,2.8000000000000003,8.4,2,2,3,4.2,0.6666666666666666
58217836,521.9,11.104255319148935,246.0,29,29,47,17.99655172413793,0.6170212765957447
58223726,2974.0,371.75,2857.0,5,5,8,594.8,0.625
58237510,2219.4,184.95000000000002,1191.0,6,6,12,369.90000000000003,0.5
58252208,5.699999999999999,0.8142857142857142,4.1,4,4,7,1.4249999999999998,0.5714285714285714
58280709,13.600000000000001,3.4000000000000004,13.3,2,2,4,6.800000000000001,0.5
58289184,2517.6,48.41538461538461,809.0,30,30,52,83.92,0.5769230769230769
58297398,2443.1,27.7625,824.0,51,51,88,47.903921568627446,0.5795454545454546
58298928,149.1,13.554545454545455,119.0,6,6,11,24.849999999999998,0.5454545454545454
58312813,107.3,26.825,95.0,2,2,4,53.65,0.5
58316550,39.5,5.642857142857143,39.0,4,4,7,9.875,0.5714285714285714
58330533,26.3,6.575,26.0,2,2,4,13.15,0.5
58345543,1374.9,1.6525240384615385,70.0,666,666,832,2.0644144144144145,0.8004807692307693
58350807,88.0,44.0,88.0,1,1,2,88.0,0.5
58393019,0.0,0.0,0.0,2,2,2,0.0,1.0
58411748,618.3,34.349999999999994,340.0,12,12,18,51.525,0.6666666666666666
58431944,735.5,10.507142857142858,123.0,39,39,70,18.858974358974358,0.5571428571428572
58434367,1.5,0.75,1.5,1,1,2,1.5,0.5
58435428,2462.7,30.4037037037037,1137.0,43,43,81,57.27209302325581,0.5308641975308642
58439284,86.9,8.690000000000001,55.0,6,6,10,14.483333333333334,0.6
58476249,0.1,0.05,0.1,1,1,2,0.1,0.5
58481977,3923.6,178.34545454545454,3735.0,13,13,22,301.81538461538463,0.5909090909090909
58529751,705.2,70.52000000000001,526.0,5,5,10,141.04000000000002,0.5
58530556,947.1,25.5972972972973,391.0,20,20,37,47.355000000000004,0.5405405405405406
58551955,8.1,1.3499999999999999,8.1,5,5,6,1.6199999999999999,0.8333333333333334
58618147,1186.4,42.371428571428574,524.0,16,16,28,74.15,0.5714285714285714
58640737,1877.4,268.2,1755.0,4,4,7,469.35,0.5714285714285714
58662652,44.0,11.0,31.0,2,2,4,22.0,0.5
58667850,87.0,21.75,59.0,2,2,4,43.5,0.5
58724834,874.4,145.73333333333332,825.0,3,3,6,291.46666666666664,0.5
58761868,3499.7,36.45520833333333,1986.0,55,55,96,63.630909090909086,0.5729166666666666
58768356,705.5,14.11,119.0,26,26,50,27.134615384615383,0.52
58794630,380.3,47.5375,338.0,4,4,8,95.075,0.5
58830050,289.5,24.125,178.0,7,7,12,41.357142857142854,0.5833333333333334
58882137,0.4,0.2,0.4,1,1,2,0.4,0.5
58893462,54.3,5.43,54.0,7,7,10,7.757142857142857,0.7
58897206,90.3,22.575,71.0,2,2,4,45.15,0.5
58905429,1274.7,2.8077092511013215,433.0,370,370,454,3.445135135135135,0.8149779735682819
58907890,511.6,10.232000000000001,200.0,39,39,50,13.11794871794872,0.78
58930204,236.5,59.125,236.0,2,2,4,118.25,0.5
58931437,223.0,1.2965116279069768,65.0,143,143,172,1.5594405594405594,0.8313953488372093
58953935,789.3,20.238461538461536,251.0,21,21,39,37.58571428571428,0.5384615384615384
58967365,0.3,0.15,0.3,1,1,2,0.3,0.5
58977564,495.6,49.56,344.0,6,6,10,82.60000000000001,0.6
59005471,1373.6,15.609090909090908,219.0,54,54,88,25.437037037037037,0.6136363636363636
59025651,0.0,0.0,0.0,1,1,1,0.0,1.0
59050554,31.599999999999998,4.514285714285714,22.0,4,4,7,7.8999999999999995,0.5714285714285714
59081879,88.6,22.15,84.0,2,2,4,44.3,0.5
59087317,265.7,33.2125,242.0,4,4,8,66.425,0.5
59099129,525.5,32.84375,288.0,8,8,16,65.6875,0.5
59101095,0.2,0.1,0.2,1,1,2,0.2,0.5
59103567,2.6,1.3,2.6,1,1,2,2.6,0.5
59107320,0.3,0.15,0.3,1,1,2,0.3,0.5
59115473,272.7,8.796774193548387,141.0,16,16,31,17.04375,0.5161290322580645
59155360,9.0,4.5,9.0,1,1,2,9.0,0.5
59157389,1314.7,50.565384615384616,721.0,16,16,26,82.16875,0.6153846153846154
59159042,0.4,0.2,0.4,1,1,2,0.4,0.5
59205262,465.3,11.6325,246.0,21,21,40,22.15714285714286,0.525
59219245,0.0,0.0,0.0,3,3,3,0.0,1.0
59234901,908.5,39.5,860.0,12,12,23,75.70833333333333,0.5217391304347826
59264152,0.0,0.0,0.0,2,2,2,0.0,1.0
59325851,443.6,110.9,433.0,2,2,4,221.8,0.5
59332369,162.1,2.0012345679012347,63.0,56,56,81,2.894642857142857,0.691358024691358
59382844,2119.1,27.520779220779218,800.0,44,44,77,48.16136363636363,0.5714285714285714
59383825,842.5,84.25,386.0,5,5,10,168.5,0.5
59467141,159.9,19.9875,109.0,4,4,8,39.975,0.5
59477039,8.700000000000001,1.4500000000000002,5.7,3,3,6,2.9000000000000004,0.5
59529444,257.9,7.163888888888888,126.0,21,21,36,12.28095238095238,0.5833333333333334
59536273,3227.6,49.65538461538461,2412.0,35,35,65,92.21714285714286,0.5384615384615384
59537590,20.4,5.1,18.9,2,2,4,10.2,0.5
59575100,289.3,36.1625,137.0,4,4,8,72.325,0.5
59662830,4563.7,17.418702290076336,2852.0,177,177,262,25.78361581920904,0.6755725190839694
59713285,221.5,27.6875,145.0,4,4,8,55.375,0.5
59756932,294.1,9.48709677419355,205.0,20,20,31,14.705000000000002,0.6451612903225806
59773143,397.5,23.38235294117647,235.0,11,11,17,36.13636363636363,0.6470588235294118
59784301,0.5,0.16666666666666666,0.5,2,2,3,0.25,0.6666666666666666
59790700,661.9,7.696511627906976,183.0,54,54,86,12.257407407407406,0.627906976744186
59818635,93.6,23.4,93.0,2,2,4,46.8,0.5
59825286,1029.1,2.062324649298597,164.0,427,427,499,2.410070257611241,0.8557114228456913
59837634,435.3,36.275,325.0,7,7,12,62.18571428571429,0.5833333333333334
59854456,23.1,3.85,15.7,4,4,6,5.775,0.6666666666666666
59866729,116.7,29.175,106.0,2,2,4,58.35,0.5
59925638,5052.9,22.45733333333333,633.0,136,136,225,37.15367647058823,0.6044444444444445
59945701,467.8,7.196923076923077,238.0,43,43,65,10.87906976744186,0.6615384615384615
60062528,58.9,14.725,58.0,2,2,4,29.45,0.5
60074997,41.300000000000004,5.1625000000000005,18.1,4,4,8,10.325000000000001,0.5
60113114,498.3,71.18571428571428,498.0,4,4,7,124.575,0.5714285714285714
60115727,2.2,0.7333333333333334,2.2,2,2,3,1.1,0.6666666666666666
60209945,0.0,0.0,0.0,2,2,2,0.0,1.0
60210313,780.5,11.825757575757576,427.0,42,42,66,18.583333333333332,0.6363636363636364
60217594,2048.3,25.927848101265827,1447.0,48,48,79,42.67291666666667,0.6075949367088608
60227446,74.4,8.266666666666667,69.0,5,5,9,14.88,0.5555555555555556
60236480,0.0,0.0,0.0,8,8,8,0.0,1.0
60260529,53.1,13.275,45.0,2,2,4,26.55,0.5
60296891,1316.7,7.524,361.0,104,104,175,12.660576923076924,0.5942857142857143
60324268,1.9000000000000001,0.38,1.6,3,3,5,0.6333333333333334,0.6
60343142,457.9,30.526666666666664,232.0,8,8,15,57.2375,0.5333333333333333
60424237,5.1,0.7285714285714285,5.1,6,6,7,0.85,0.8571428571428571
60439399,59.8,7.475,43.0,4,4,8,14.95,0.5
60549077,28.9,0.6020833333333333,5.6,31,31,48,0.932258064516129,0.6458333333333334
60557056,181.6,16.509090909090908,125.0,7,7,11,25.942857142857143,0.6363636363636364
60594845,19.7,9.85,19.7,1,1,2,19.7,0.5
60608576,3175.2,12.751807228915663,802.0,157,157,249,20.22420382165605,0.6305220883534136
60611062,3557.8,13.177037037037037,682.0,158,158,270,22.517721518987344,0.5851851851851851
60701208,0.0,0.0,0.0,3,3,3,0.0,1.0
60706503,320.9,4.78955223880597,61.0,48,48,67,6.685416666666666,0.7164179104477612
60736966,994.0,142.0,994.0,6,6,7,165.66666666666666,0.8571428571428571
60744461,808.3,26.074193548387097,221.0,16,16,31,50.51875,0.5161290322580645
60760816,110.0,55.0,110.0,1,1,2,110.0,0.5
60820884,69.5,17.375,68.0,2,2,4,34.75,0.5
60828722,3.5,1.1666666666666667,3.5,2,2,3,1.75,0.6666666666666666
60859324,1598.4,18.58604651162791,603.0,54,54,86,29.6,0.627906976744186
60859695,886.4,3.0565517241379307,148.0,195,195,290,4.545641025641025,0.6724137931034483
60910490,228.2,57.05,218.0,2,2,4,114.1,0.5
60958088,417.7,34.80833333333333,154.0,6,6,12,69.61666666666666,0.5
60984151,13.7,2.7399999999999998,13.7,4,4,5,3.425,0.8
61003041,27.7,6.925,21.0,2,2,4,13.85,0.5
61031710,551.4,55.14,323.0,5,5,10,110.28,0.5
61044093,0.0,0.0,0.0,1,1,1,0.0,1.0
61046224,468.8,23.44,230.0,13,13,20,36.06153846153846,0.65
61068356,0.0,0.0,0.0,1,1,1,0.0,1.0
61070572,1173.7,9.946610169491526,441.0,66,66,118,17.783333333333335,0.559322033898305
61086207,413.0,15.296296296296296,206.0,15,15,27,27.533333333333335,0.5555555555555556
61098124,0.0,0.0,0.0,1,1,1,0.0,1.0
61099969,16.5,4.125,10.4,2,2,4,8.25,0.5
61189155,4894.7,30.02883435582822,2623.0,89,89,163,54.996629213483146,0.5460122699386503
61216865,47.0,15.666666666666666,47.0,2,2,3,23.5,0.6666666666666666
61274953,5.5,2.75,5.5,1,1,2,5.5,0.5
61276934,8.1,2.6999999999999997,8.1,2,2,3,4.05,0.6666666666666666
61289147,8.5,4.25,8.5,1,1,2,8.5,0.5
61367351,0.6,0.19999999999999998,0.6,2,2,3,0.3,0.6666666666666666
61378298,2.3,1.15,2.3,1,1,2,2.3,0.5
61389725,579.3,96.55,530.0,3,3,6,193.1,0.5
61409763,46.0,23.0,46.0,1,1,2,46.0,0.5
61428062,39.3,3.9299999999999997,18.3,6,6,10,6.55,0.6
61439397,169.6,28.266666666666666,159.0,3,3,6,56.53333333333333,0.5
61444633,1.0,0.14285714285714285,0.4,4,4,7,0.25,0.5714285714285714
61495434,35.0,17.5,35.0,1,1,2,35.0,0.5
61502266,5.0,2.5,5.0,1,1,2,5.0,0.5
61506388,295.9,2.2248120300751877,72.0,93,93,133,3.181720430107527,0.6992481203007519
61506984,162.0,81.0,162.0,1,1,2,162.0,0.5
61530197,1.1,0.3666666666666667,1.1,2,2,3,0.55,0.6666666666666666
61541943,7.199999999999999,1.7999999999999998,5.1,2,2,4,3.5999999999999996,0.5
61614735,201.5,28.785714285714285,200.0,4,4,7,50.375,0.5714285714285714
61628602,3.6,1.2,3.6,2,2,3,1.8,0.6666666666666666
61632730,1646.9,12.476515151515152,458.0,103,103,132,15.989320388349515,0.7803030303030303
61635781,0.0,0.0,0.0,1,1,1,0.0,1.0
61642722,0.0,0.0,0.0,2,2,2,0.0,1.0
61676491,2353.2,7.690196078431372,1097.0,217,217,306,10.844239631336405,0.7091503267973857
61707834,0.0,0.0,0.0,1,1,1,0.0,1.0
61753631,1120.3,280.075,1118.0,2,2,4,560.15,0.5
61772065,1055.4,17.59,395.0,36,36,60,29.31666666666667,0.6
61779218,969.5,23.646341463414632,498.0,23,23,41,42.15217391304348,0.5609756097560976
61806811,152.1,12.674999999999999,65.0,6,6,12,25.349999999999998,0.5
61823081,283.4,70.85,279.0,2,2,4,141.7,0.5
61831445,0.0,0.0,0.0,3,3,3,0.0,1.0
61834736,28.5,2.0357142857142856,22.0,12,12,14,2.375,0.8571428571428571
61902414,5.7,2.85,5.7,1,1,2,5.7,0.5
61935579,0.0,0.0,0.0,2,2,2,0.0,1.0
61990738,127.0,21.166666666666668,62.0,3,3,6,42.333333333333336,0.5
62078957,3520.5,103.54411764705883,1912.0,22,22,34,160.02272727272728,0.6470588235294118
62097332,569.1,13.55,302.0,23,23,42,24.743478260869566,0.5476190476190477
62317148,22.0,11.0,22.0,1,1,2,22.0,0.5
62352668,51.0,5.666666666666667,51.0,8,8,9,6.375,0.8888888888888888
62418323,262.6,26.26,131.0,5,5,10,52.52,0.5
62478196,149.5,12.458333333333334,65.0,7,7,12,21.357142857142858,0.5833333333333334
62481936,239.4,9.576,62.0,16,16,25,14.9625,0.64
62486194,339.0,37.666666666666664,155.0,5,5,9,67.8,0.5555555555555556
62514874,9.3,4.65,9.3,1,1,2,9.3,0.5
62539628,27.500000000000004,4.583333333333334,18.6,3,3,6,9.166666666666668,0.5
62545742,505.3,15.790625,314.0,17,17,32,29.723529411764705,0.53125
62562867,97.0,48.5,97.0,1,1,2,97.0,0.5
62601134,11.6,3.8666666666666667,11.6,2,2,3,5.8,0.6666666666666666
62633395,489.3,8.021311475409837,151.0,35,35,61,13.98,0.5737704918032787
62654923,603.5,27.431818181818183,191.0,11,11,22,54.86363636363637,0.5
62658713,18.7,2.6714285714285713,12.2,4,4,7,4.675,0.5714285714285714
62666911,225.4,56.35,218.0,2,2,4,112.7,0.5
62705916,4082.3,27.215333333333334,678.0,92,92,150,44.37282608695652,0.6133333333333333
62784536,165.0,41.25,137.0,2,2,4,82.5,0.5
62811725,109.2,7.8,38.0,7,7,14,15.6,0.5
62848935,0.0,0.0,0.0,1,1,1,0.0,1.0
62858973,91.7,7.641666666666667,63.0,6,6,12,15.283333333333333,0.5
62878249,3291.7,12.758527131782945,287.0,149,149,258,22.091946308724832,0.5775193798449613
62885387,1.1,0.55,1.1,1,1,2,1.1,0.5
62923086,91.0,10.11111111111111,91.0,8,8,9,11.375,0.8888888888888888
62985928,82.1,1.6755102040816325,18.6,33,33,49,2.487878787878788,0.673469387755102
62990992,5724.8,3.655683269476373,663.0,1068,1068,1566,5.360299625468165,0.6819923371647509
63020970,0.1,0.014285714285714287,0.1,6,6,7,0.016666666666666666,0.8571428571428571
63024728,42.0,21.0,42.0,1,1,2,42.0,0.5
63075948,60.0,30.0,60.0,1,1,2,60.0,0.5
63098418,2710.4,50.1925925925926,2440.0,30,30,54,90.34666666666666,0.5555555555555556
63122679,102.8,20.56,91.0,3,3,5,34.266666666666666,0.6
63157803,4801.2,28.922891566265058,519.0,100,100,166,48.012,0.6024096385542169
63263519,14.0,2.8,12.3,3,3,5,4.666666666666667,0.6
63276972,446.8,12.075675675675676,100.0,21,21,37,21.276190476190475,0.5675675675675675
63291011,0.4,0.2,0.4,1,1,2,0.4,0.5
63294797,0.0,0.0,0.0,3,3,3,0.0,1.0
63391345,1.2,0.19999999999999998,1.2,5,5,6,0.24,0.8333333333333334
63441045,28.0,4.666666666666667,17.5,3,3,6,9.333333333333334,0.5
63441290,1629.0,8.901639344262295,292.0,108,108,183,15.083333333333334,0.5901639344262295
63454504,4.0,0.6666666666666666,3.0,3,3,6,1.3333333333333333,0.5
63489649,67.0,33.5,67.0,1,1,2,67.0,0.5
63539914,5.300000000000001,1.3250000000000002,4.4,2,2,4,2.6500000000000004,0.5
63555332,237.0,29.625,93.0,5,5,8,47.4,0.625
63595926,0.0,0.0,0.0,2,2,2,0.0,1.0
63605342,39.7,6.616666666666667,20.0,4,4,6,9.925,0.6666666666666666
63615483,7190.4,50.63661971830986,4749.0,85,85,142,84.59294117647059,0.5985915492957746
63655097,0.6,0.3,0.6,1,1,2,0.6,0.5
63660695,322.2,53.699999999999996,309.0,3,3,6,107.39999999999999,0.5
63671946,96.8,12.1,70.0,5,5,8,19.36,0.625
63678282,56.2,14.05,52.0,2,2,4,28.1,0.5
63702300,2758.9,250.8090909090909,1509.0,7,7,11,394.12857142857143,0.6363636363636364
63750749,23.6,5.9,12.8,2,2,4,11.8,0.5
63753977,6.1,3.05,6.1,1,1,2,6.1,0.5
63763909,13.3,2.66,13.3,4,4,5,3.325,0.8
63808332,476.0,52.888888888888886,440.0,5,5,9,95.2,0.5555555555555556
63810706,88.8,17.759999999999998,86.0,3,3,5,29.599999999999998,0.6
63831340,1.0,0.5,1.0,1,1,2,1.0,0.5
63833595,155.0,38.75,126.0,2,2,4,77.5,0.5
63895034,1851.4,80.49565217391304,1813.0,12,12,23,154.28333333333333,0.5217391304347826
63962362,0.0,0.0,0.0,1,1,1,0.0,1.0
63965791,901.5,47.44736842105263,472.0,10,10,19,90.15,0.5263157894736842
63990035,1323.9,57.560869565217395,792.0,14,14,23,94.56428571428572,0.6086956521739131
63993064,249.5,41.583333333333336,242.0,3,3,6,83.16666666666667,0.5
64019582,110.9,7.3933333333333335,53.0,9,9,15,12.322222222222223,0.6
64023574,1742.8,11.936986301369863,225.0,85,85,146,20.503529411764706,0.5821917808219178
64027842,514.8,27.09473684210526,404.0,10,10,19,51.48,0.5263157894736842
64060101,3625.9,241.72666666666666,3539.0,9,9,15,402.8777777777778,0.6
64079170,64.1,8.0125,47.0,4,4,8,16.025,0.5
64137709,66.6,11.1,38.0,3,3,6,22.2,0.5
64158475,0.0,0.0,0.0,1,1,1,0.0,1.0
64261708,36.0,1.6363636363636365,11.3,13,13,22,2.769230769230769,0.5909090909090909
64307328,185.9,26.557142857142857,102.0,4,4,7,46.475,0.5714285714285714
64315060,0.3,0.15,0.3,1,1,2,0.3,0.5
64319625,779.6,7.796,152.0,66,66,100,11.812121212121212,0.66
64350487,34.5,5.75,17.2,3,3,6,11.5,0.5
64350600,322.7,7.015217391304348,271.0,33,33,46,9.77878787878788,0.717391304347826
64365339,118.0,19.666666666666668,80.0,3,3,6,39.333333333333336,0.5
64366280,29.3,4.883333333333334,28.0,3,3,6,9.766666666666667,0.5
64368515,30.2,2.323076923076923,11.6,9,9,13,3.3555555555555556,0.6923076923076923
64369759,579.6,4.081690140845071,53.0,85,85,142,6.818823529411765,0.5985915492957746
64392327,5301.0,240.95454545454547,1648.0,12,12,22,441.75,0.5454545454545454
64394438,240.3,60.075,238.0,2,2,4,120.15,0.5
64455019,19.4,3.88,19.4,4,4,5,4.85,0.8
64479113,12.200000000000001,1.742857142857143,8.8,4,4,7,3.0500000000000003,0.5714285714285714
64514291,899.4,16.655555555555555,285.0,35,35,54,25.697142857142858,0.6481481481481481
64582313,392.0,196.0,392.0,1,1,2,392.0,0.5
64611580,114.7,3.475757575757576,72.0,18,18,33,6.372222222222223,0.5454545454545454
64645022,11.299999999999999,2.8249999999999997,9.2,2,2,4,5.6499999999999995,0.5
64657716,794.4,158.88,793.0,3,3,5,264.8,0.6
64689644,0.0,0.0,0.0,1,1,1,0.0,1.0
64754418,158.5,6.096153846153846,110.0,19,19,26,8.342105263157896,0.7307692307692307
64778733,327.0,163.5,327.0,1,1,2,327.0,0.5
64787956,1222.3,1.7071229050279328,230.0,584,584,716,2.0929794520547946,0.8156424581005587
64849879,0.0,0.0,0.0,1,1,1,0.0,1.0
64936592,0.0,0.0,0.0,1,1,1,0.0,1.0
64971477,24.5,6.125,23.0,2,2,4,12.25,0.5
64973908,2619.7,12.474761904761904,601.0,152,152,210,17.23486842105263,0.7238095238095238
65064340,1421.9,14.65876288659794,1113.0,58,58,97,24.51551724137931,0.5979381443298969
65076545,28.2,7.05,27.0,2,2,4,14.1,0.5
65117175,446.1,2.287692307692308,66.0,127,127,195,3.5125984251968507,0.6512820512820513
65145468,1581.9,10.205806451612904,363.0,94,94,155,16.82872340425532,0.6064516129032258
65147980,295.4,9.23125,270.0,27,27,32,10.94074074074074,0.84375
65152385,3826.2,191.31,2088.0,10,10,20,382.62,0.5
65155942,6.4,0.1391304347826087,4.0,39,39,46,0.1641025641025641,0.8478260869565217
65173746,6.3,0.35,2.2,11,11,18,0.5727272727272728,0.6111111111111112
65181439,8.9,4.45,8.9,1,1,2,8.9,0.5
65200468,314.1,26.175,262.0,6,6,12,52.35,0.5
65220985,1.2,0.39999999999999997,1.2,2,2,3,0.6,0.6666666666666666
65225038,3.6999999999999997,0.9249999999999999,3.3,2,2,4,1.8499999999999999,0.5
65229865,709.3,6.167826086956521,369.0,85,85,115,8.34470588235294,0.7391304347826086
65244880,156.4,15.64,56.0,5,5,10,31.28,0.5
65315657,1167.4,27.795238095238098,606.0,24,24,42,48.64166666666667,0.5714285714285714
65341706,35.2,7.040000000000001,26.0,3,3,5,11.733333333333334,0.6
65342306,940.2,8.869811320754717,170.0,59,59,106,15.935593220338983,0.5566037735849056
65350586,270.0,4.7368421052631575,31.0,31,31,57,8.709677419354838,0.543859649122807
65392764,1.1,0.22000000000000003,1.1,4,4,5,0.275,0.8
65394447,3.4,1.7,3.4,1,1,2,3.4,0.5
65398650,1407.6,2.8152,188.0,331,331,500,4.252567975830815,0.662
65420540,673.5,16.8375,349.0,21,21,40,32.07142857142857,0.525
65421540,344.2,34.42,335.0,5,5,10,68.84,0.5
65438630,0.0,0.0,0.0,1,1,1,0.0,1.0
65447941,13.1,3.275,9.5,2,2,4,6.55,0.5
65472820,144.9,28.98,144.0,3,3,5,48.300000000000004,0.6
65531742,15.799999999999999,3.9499999999999997,15.7,2,2,4,7.8999999999999995,0.5
65533730,92.8,15.466666666666667,58.0,3,3,6,30.933333333333334,0.5
65575604,54.2,10.84,46.0,3,3,5,18.066666666666666,0.6
65610147,505.7,21.98695652173913,189.0,13,13,23,38.9,0.5652173913043478
65638515,915.0,130.71428571428572,915.0,6,6,7,152.5,0.8571428571428571
65716118,845.1,17.246938775510205,427.0,28,28,49,30.182142857142857,0.5714285714285714
65729155,25.1,3.1375,25.0,6,6,8,4.183333333333334,0.75
65754991,653.9,3.478191489361702,68.0,139,139,188,4.704316546762589,0.7393617021276596
65758675,0.0,0.0,0.0,1,1,1,0.0,1.0
65872385,233.2,29.15,224.0,4,4,8,58.3,0.5
65883119,113.0,56.5,113.0,1,1,2,113.0,0.5
65895047,119.0,10.818181818181818,118.0,7,7,11,17.0,0.6363636363636364
65909415,106.9,1.3705128205128205,23.0,55,55,78,1.9436363636363638,0.7051282051282052
65935023,116.3,3.634375,87.0,23,23,32,5.056521739130434,0.71875
65944691,6.4,1.0666666666666667,3.3,4,4,6,1.6,0.6666666666666666
65958466,1958.5,8.552401746724891,131.0,132,132,229,14.837121212121213,0.5764192139737991
65962952,1.0,0.3333333333333333,1.0,2,2,3,0.5,0.6666666666666666
66006698,0.0,0.0,0.0,3,3,3,0.0,1.0
66023189,0.5,0.25,0.5,1,1,2,0.5,0.5
66052983,1312.6,10.84793388429752,208.0,71,71,121,18.48732394366197,0.5867768595041323
66078954,104.3,3.067647058823529,29.0,21,21,34,4.966666666666667,0.6176470588235294
66090440,95.0,19.0,95.0,4,4,5,23.75,0.8
66211595,227.6,17.507692307692306,221.0,8,8,13,28.45,0.6153846153846154
66215101,0.0,0.0,0.0,2,2,2,0.0,1.0
66229356,8.200000000000001,0.8200000000000001,7.4,8,8,10,1.0250000000000001,0.8
66250126,185.0,92.5,185.0,1,1,2,185.0,0.5
66255019,1802.5,10.069832402234637,226.0,105,105,179,17.166666666666668,0.5865921787709497
66280688,2.5,1.25,2.5,1,1,2,2.5,0.5
66308898,5.6,1.8666666666666665,5.6,2,2,3,2.8,0.6666666666666666
66357156,49.0,4.454545454545454,27.0,6,6,11,8.166666666666666,0.5454545454545454
66403743,3369.5,280.7916666666667,3368.0,10,10,12,336.95,0.8333333333333334
66438889,33.6,1.5272727272727273,14.6,12,12,22,2.8000000000000003,0.5454545454545454
66463490,0.4,0.2,0.4,1,1,2,0.4,0.5
66464409,57.0,3.3529411764705883,38.0,10,10,17,5.7,0.5882352941176471
66495044,12.7,6.35,12.7,1,1,2,12.7,0.5
66508737,14.5,1.3181818181818181,7.8,7,7,11,2.0714285714285716,0.6363636363636364
66530362,233.0,19.416666666666668,94.0,6,6,12,38.833333333333336,0.5
66550579,4.3,2.15,4.3,1,1,2,4.3,0.5
66573111,15.8,3.95,13.0,2,2,4,7.9,0.5
66592754,18.9,9.45,18.9,1,1,2,18.9,0.5
66596291,3165.4,21.68082191780822,1126.0,82,82,146,38.60243902439024,0.5616438356164384
66615366,1789.5,19.664835164835164,417.0,56,56,91,31.955357142857142,0.6153846153846154
66650717,4764.1,24.557216494845363,485.0,119,119,194,40.03445378151261,0.6134020618556701
66680972,98.1,24.525,92.0,2,2,4,49.05,0.5
66687732,26.9,2.69,15.7,5,5,10,5.38,0.5
66713604,1.0,0.3333333333333333,1.0,2,2,3,0.5,0.6666666666666666
66725148,25.6,2.56,25.0,8,8,10,3.2,0.8
66748534,17.799999999999997,1.9777777777777774,17.4,6,6,9,2.9666666666666663,0.6666666666666666
66755246,172.0,6.88,127.0,20,20,25,8.6,0.8
66939289,305.2,25.433333333333334,280.0,6,6,12,50.86666666666667,0.5
66950079,1368.9,14.259375,509.0,64,64,96,21.3890625,0.6666666666666666
67001780,1424.5,79.13888888888889,645.0,10,10,18,142.45,0.5555555555555556
67083031,304.1,9.80967741935484,146.0,19,19,31,16.00526315789474,0.6129032258064516
67176371,1239.5,95.34615384615384,827.0,7,7,13,177.07142857142858,0.5384615384615384
67191748,66.0,33.0,66.0,1,1,2,66.0,0.5
67238071,0.6,0.3,0.6,1,1,2,0.6,0.5
67244867,401.8,26.78666666666667,307.0,8,8,15,50.225,0.5333333333333333
67341526,19.7,9.85,19.7,1,1,2,19.7,0.5
67349307,253.1,5.385106382978723,66.0,27,27,47,9.374074074074073,0.574468085106383
67492611,1322.2,20.341538461538462,345.0,39,39,65,33.90256410256411,0.6
67530228,3.6,0.45,1.5,4,4,8,0.9,0.5
67549251,3.3,1.65,3.3,1,1,2,3.3,0.5
67579257,1925.9,7.21310861423221,417.0,160,160,267,12.036875,0.599250936329588
67628444,19.2,1.2,16.5,11,11,16,1.7454545454545454,0.6875
67633077,616.5,77.0625,471.0,5,5,8,123.3,0.625
67694014,2.7,1.35,2.7,1,1,2,2.7,0.5
67694595,7152.1,46.142580645161296,5608.0,95,95,155,75.28526315789475,0.6129032258064516
67708331,1478.0,41.05555555555556,1122.0,21,21,36,70.38095238095238,0.5833333333333334
67713900,2748.6,76.35,825.0,20,20,36,137.43,0.5555555555555556
67729331,2006.6,13.558108108108108,856.0,97,97,148,20.686597938144327,0.6554054054054054
67729721,5.4,2.7,5.4,1,1,2,5.4,0.5
67791342,21.0,10.5,21.0,1,1,2,21.0,0.5
67834115,0.5,0.25,0.5,1,1,2,0.5,0.5
67923337,62.0,31.0,62.0,1,1,2,62.0,0.5
67965357,2389.8,108.62727272727274,2329.0,14,14,22,170.70000000000002,0.6363636363636364
68017342,1.6,0.8,1.6,1,1,2,1.6,0.5
68025732,2.4,1.2,2.4,1,1,2,2.4,0.5
68049243,134.8,4.348387096774194,59.0,19,19,31,7.094736842105264,0.6129032258064516
68081395,0.0,0.0,0.0,1,1,1,0.0,1.0
68135360,1.7,0.5666666666666667,1.7,2,2,3,0.85,0.6666666666666666
68173628,268.0,134.0,268.0,1,1,2,268.0,0.5
68200610,805.0,89.44444444444444,646.0,5,5,9,161.0,0.5555555555555556
68224834,235.1,8.39642857142857,114.0,15,15,28,15.673333333333334,0.5357142857142857
68240622,398.2,12.845161290322581,214.0,16,16,31,24.8875,0.5161290322580645
68305989,23.0,4.6,23.0,4,4,5,5.75,0.8
68316900,515.2,4.814953271028037,106.0,74,74,107,6.962162162162163,0.6915887850467289
68325099,173.7,4.453846153846153,37.0,20,20,39,8.684999999999999,0.5128205128205128
68337019,224.7,14.979999999999999,136.0,10,10,15,22.47,0.6666666666666666
68372559,24.0,4.8,24.0,4,4,5,6.0,0.8
68414134,0.3,0.15,0.3,1,1,2,0.3,0.5
68418219,22.0,11.0,22.0,1,1,2,22.0,0.5
68493240,0.5,0.08333333333333333,0.5,5,5,6,0.1,0.8333333333333334
68530075,0.4,0.2,0.4,1,1,2,0.4,0.5
68532738,329.1,8.227500000000001,229.0,22,22,40,14.95909090909091,0.55
68540434,275.0,18.333333333333332,106.0,12,12,15,22.916666666666668,0.8
68559540,6.3,3.15,6.3,1,1,2,6.3,0.5
68597425,316.0,158.0,316.0,1,1,2,316.0,0.5
68633391,6.7,3.35,6.7,1,1,2,6.7,0.5
68672269,1028.4,171.4,1015.0,3,3,6,342.8,0.5
68673468,17.7,4.425,13.6,2,2,4,8.85,0.5
68685708,581.7,26.44090909090909,533.0,12,12,22,48.475,0.5454545454545454
68704183,9.9,4.95,9.9,1,1,2,9.9,0.5
68719896,1285.5,22.55263157894737,854.0,32,32,57,40.171875,0.5614035087719298
68736721,0.9,0.45,0.9,1,1,2,0.9,0.5
68809194,507.2,7.044444444444444,58.0,40,40,72,12.68,0.5555555555555556
68828361,3.7,1.85,3.7,1,1,2,3.7,0.5
68935496,1456.0,728.0,1456.0,1,1,2,1456.0,0.5
68952161,0.3,0.15,0.3,1,1,2,0.3,0.5
68963476,220.1,15.721428571428572,218.0,8,8,14,27.5125,0.5714285714285714
69005851,1.3,0.65,1.3,1,1,2,1.3,0.5
69009454,1143.5,3.057486631016043,180.0,240,240,374,4.764583333333333,0.6417112299465241
69033837,2.5,0.4166666666666667,1.5,3,3,6,0.8333333333333334,0.5
69132252,2.4,1.2,2.4,1,1,2,2.4,0.5
69180564,103.4,6.4625,44.0,8,8,16,12.925,0.5
69261797,6.2,3.1,6.2,1,1,2,6.2,0.5
69305825,55.0,27.5,55.0,1,1,2,55.0,0.5
69364340,28.0,14.0,28.0,1,1,2,28.0,0.5
69371602,0.0,0.0,0.0,1,1,1,0.0,1.0
69422402,8.3,4.15,8.3,1,1,2,8.3,0.5
69427304,8.5,4.25,8.5,1,1,2,8.5,0.5
69434488,919.0,20.42222222222222,230.0,27,27,45,34.03703703703704,0.6
69458130,0.8,0.4,0.8,1,1,2,0.8,0.5
69467127,12.2,6.1,12.2,1,1,2,12.2,0.5
69587339,114.8,11.48,75.0,5,5,10,22.96,0.5
69652738,43.8,5.475,43.0,4,4,8,10.95,0.5
69658686,10.5,5.25,10.5,1,1,2,10.5,0.5
69729762,0.0,0.0,0.0,1,1,1,0.0,1.0
69796945,0.0,0.0,0.0,1,1,1,0.0,1.0
69805535,89.0,44.5,89.0,1,1,2,89.0,0.5
69812769,8.7,1.0875,8.2,6,6,8,1.45,0.75
69821151,3.7,0.74,3.7,4,4,5,0.925,0.8
69828237,1726.1,66.38846153846154,908.0,17,17,26,101.53529411764706,0.6538461538461539
69849141,998.3,35.653571428571425,541.0,17,17,28,58.7235294117647,0.6071428571428571
69856757,3232.9,25.25703125,1377.0,70,70,128,46.184285714285714,0.546875
69857045,21.0,10.5,21.0,1,1,2,21.0,0.5
69880609,0.0,0.0,0.0,1,1,1,0.0,1.0
69942754,210.0,52.5,112.0,2,2,4,105.0,0.5
69946630,1131.5,75.43333333333334,902.0,9,9,15,125.72222222222223,0.6
69953893,696.4,13.392307692307693,458.0,28,28,52,24.87142857142857,0.5384615384615384
69954842,2483.1,5.194769874476988,365.0,310,310,478,8.01,0.6485355648535565
70040501,212.0,53.0,170.0,2,2,4,106.0,0.5
70052469,10.8,5.4,10.8,1,1,2,10.8,0.5
70075801,364.0,40.44444444444444,292.0,5,5,9,72.8,0.5555555555555556
70126472,201.4,40.28,190.0,3,3,5,67.13333333333334,0.6
70165453,68.5,17.125,64.0,2,2,4,34.25,0.5
70167393,220.0,110.0,220.0,1,1,2,220.0,0.5
70180527,1984.9,116.75882352941177,1902.0,9,9,17,220.54444444444445,0.5294117647058824
70327507,301.5,18.84375,98.0,8,8,16,37.6875,0.5
70338529,0.5,0.25,0.5,1,1,2,0.5,0.5
70345887,2.1,1.05,2.1,1,1,2,2.1,0.5
70351792,281.4,35.175,162.0,4,4,8,70.35,0.5
70373768,0.0,0.0,0.0,1,1,1,0.0,1.0
70381757,3.8000000000000003,0.6333333333333334,2.2,3,3,6,1.2666666666666668,0.5
70395325,0.0,0.0,0.0,1,1,1,0.0,1.0
70398582,800.5,17.788888888888888,362.0,25,25,45,32.02,0.5555555555555556
70408902,1105.1,3.576375404530744,136.0,227,227,309,4.868281938325991,0.7346278317152104
70470505,0.0,0.0,0.0,1,1,1,0.0,1.0
70487610,6325.5,702.8333333333334,6013.0,6,6,9,1054.25,0.6666666666666666
70489471,116.6,8.328571428571427,35.0,7,7,14,16.657142857142855,0.5
70525721,59.5,14.875,59.0,2,2,4,29.75,0.5
70591968,1468.8,77.30526315789473,1154.0,10,10,19,146.88,0.5263157894736842
70678758,47.0,23.5,47.0,1,1,2,47.0,0.5
70686116,1219.0,110.81818181818181,1110.0,9,9,11,135.44444444444446,0.8181818181818182
70699101,211.0,52.75,211.0,3,3,4,70.33333333333333,0.75
70703031,1.5,0.5,1.5,2,2,3,0.75,0.6666666666666666
70717745,31.0,15.5,31.0,1,1,2,31.0,0.5
70737757,183.9,26.271428571428572,105.0,4,4,7,45.975,0.5714285714285714
70739775,23.0,11.5,23.0,1,1,2,23.0,0.5
70751383,54.2,9.033333333333333,53.0,4,4,6,13.55,0.6666666666666666
70751853,2.6,1.3,2.6,1,1,2,2.6,0.5
70778973,2859.3,46.873770491803285,604.0,33,33,61,86.64545454545456,0.5409836065573771
70779914,227.6,16.257142857142856,184.0,9,9,14,25.288888888888888,0.6428571428571429
70780053,2501.4,80.69032258064516,1077.0,19,19,31,131.65263157894736,0.6129032258064516
70821681,10.7,5.35,10.7,1,1,2,10.7,0.5
70844556,1171.8,106.52727272727272,509.0,7,7,11,167.4,0.6363636363636364
70915652,271.4,3.192941176470588,106.0,55,55,85,4.934545454545455,0.6470588235294118
70930091,38.0,7.6,38.0,4,4,5,9.5,0.8
70967454,224.6,24.955555555555556,132.0,5,5,9,44.92,0.5555555555555556
70970228,258.1,25.810000000000002,120.0,5,5,10,51.620000000000005,0.5
70995384,72.3,18.075,71.0,2,2,4,36.15,0.5
71082079,86.0,6.142857142857143,51.0,10,10,14,8.6,0.7142857142857143
71083492,0.0,0.0,0.0,1,1,1,0.0,1.0
71126210,21.0,10.5,21.0,1,1,2,21.0,0.5
71132696,12.9,4.3,12.9,2,2,3,6.45,0.6666666666666666
71161460,35.0,17.5,35.0,1,1,2,35.0,0.5
71162182,73.0,36.5,73.0,1,1,2,73.0,0.5
71280014,123.0,61.5,123.0,1,1,2,123.0,0.5
71302392,0.0,0.0,0.0,1,1,1,0.0,1.0
71318298,23.0,11.5,23.0,1,1,2,23.0,0.5
71323029,13.700000000000001,1.7125000000000001,7.7,4,4,8,3.4250000000000003,0.5
71331890,0.0,0.0,0.0,2,2,2,0.0,1.0
71331921,206.2,4.295833333333333,85.0,25,25,48,8.248,0.5208333333333334
71335402,684.9,9.646478873239436,116.0,41,41,71,16.704878048780486,0.5774647887323944
71390526,2405.0,17.178571428571427,760.0,77,77,140,31.233766233766232,0.55
71411882,261.2,5.678260869565217,41.0,24,24,46,10.883333333333333,0.5217391304347826
71449134,1.5,0.75,1.5,1,1,2,1.5,0.5
71462210,4.1,2.05,4.1,1,1,2,4.1,0.5
71480053,31.0,15.5,31.0,1,1,2,31.0,0.5
71486921,0.0,0.0,0.0,1,1,1,0.0,1.0
71498571,1420.0,83.52941176470588,1142.0,9,9,17,157.77777777777777,0.5294117647058824
71510748,3049.9,9.442414860681115,2158.0,189,189,323,16.137037037037036,0.5851393188854489
71527252,1812.1,8.126008968609865,262.0,145,145,223,12.497241379310344,0.6502242152466368
71574303,12.6,1.4,12.6,8,8,9,1.575,0.8888888888888888
71583368,10.9,5.45,10.9,1,1,2,10.9,0.5
71603645,149.6,6.8,135.0,16,16,22,9.35,0.7272727272727273
71611112,5.1,1.275,5.1,3,3,4,1.7,0.75
71632904,9.8,4.9,9.8,1,1,2,9.8,0.5
71680081,93.0,23.25,92.0,2,2,4,46.5,0.5
71687719,1.1,0.55,1.1,1,1,2,1.1,0.5
71704418,1524.4,152.44,1194.0,5,5,10,304.88,0.5
71760673,2.2,1.1,2.2,1,1,2,2.2,0.5
71777065,1534.7,8.340760869565218,479.0,137,137,184,11.202189781021898,0.7445652173913043
71809133,9.5,1.3571428571428572,9.5,6,6,7,1.5833333333333333,0.8571428571428571
71865634,68.0,34.0,68.0,1,1,2,68.0,0.5
71868890,12.8,6.4,12.8,1,1,2,12.8,0.5
71870712,458.9,50.98888888888889,448.0,5,5,9,91.78,0.5555555555555556
71871620,3259.9,112.41034482758621,3169.0,20,20,29,162.995,0.6896551724137931
71875007,1470.4,91.9,586.0,10,10,16,147.04000000000002,0.625
71888942,340.2,4.00235294117647,295.0,78,78,85,4.361538461538461,0.9176470588235294
71926373,19.9,3.3166666666666664,19.9,5,5,6,3.9799999999999995,0.8333333333333334
71943253,36.0,18.0,36.0,1,1,2,36.0,0.5
71944738,4.4,2.2,4.4,1,1,2,4.4,0.5
71952079,93.7,11.7125,91.0,5,5,8,18.740000000000002,0.625
72009123,24.0,12.0,24.0,1,1,2,24.0,0.5
72098561,170.0,85.0,170.0,1,1,2,170.0,0.5
72135587,382.9,17.404545454545453,121.0,13,13,22,29.45384615384615,0.5909090909090909
72164008,7.5,3.75,7.5,1,1,2,7.5,0.5
72207742,1333.0,70.15789473684211,542.0,11,11,19,121.18181818181819,0.5789473684210527
72267852,0.8,0.4,0.8,1,1,2,0.8,0.5
72293974,55.0,27.5,55.0,1,1,2,55.0,0.5
72329360,2589.8,431.6333333333334,2589.0,4,4,6,647.45,0.6666666666666666
72387826,486.4,21.14782608695652,384.0,19,19,23,25.599999999999998,0.8260869565217391
72417734,559.6,14.34871794871795,348.0,22,22,39,25.436363636363637,0.5641025641025641
72471210,0.0,0.0,0.0,2,2,2,0.0,1.0
72488020,26.5,4.416666666666667,12.8,3,3,6,8.833333333333334,0.5
72519264,0.1,0.05,0.1,1,1,2,0.1,0.5
72523666,211.6,8.816666666666666,56.0,14,14,24,15.114285714285714,0.5833333333333334
72538505,0.6,0.3,0.6,1,1,2,0.6,0.5
72555195,6.7,3.35,6.7,1,1,2,6.7,0.5
72557176,0.2,0.06666666666666667,0.2,2,2,3,0.1,0.6666666666666666
72576293,34.0,17.0,34.0,1,1,2,34.0,0.5
72588600,64.0,16.0,39.0,2,2,4,32.0,0.5
72613527,1965.2,89.32727272727273,1117.0,11,11,22,178.65454545454546,0.5
72627862,233.2,3.429411764705882,159.0,46,46,68,5.069565217391304,0.6764705882352942
72629386,164.2,18.244444444444444,164.0,6,6,9,27.366666666666664,0.6666666666666666
72717958,2746.5,114.4375,1173.0,14,14,24,196.17857142857142,0.5833333333333334
72842694,612.7,2.2861940298507464,142.0,159,159,268,3.8534591194968555,0.5932835820895522
72842813,0.3,0.09999999999999999,0.3,2,2,3,0.15,0.6666666666666666
72905300,20.9,5.225,17.5,2,2,4,10.45,0.5
72907554,828.9,34.5375,482.0,13,13,24,63.76153846153846,0.5416666666666666
72930582,90.5,9.05,61.0,5,5,10,18.1,0.5
72941852,274.5,68.625,256.0,2,2,4,137.25,0.5
72958745,1028.0,64.25,1011.0,10,10,16,102.8,0.625
72971410,0.4,0.2,0.4,1,1,2,0.4,0.5
72978546,2728.0,16.634146341463413,2060.0,102,102,164,26.745098039215687,0.6219512195121951
72989129,1252.7,12.527000000000001,376.0,63,63,100,19.884126984126986,0.63
72996988,1204.1,10.380172413793103,261.0,60,60,116,20.06833333333333,0.5172413793103449
73012771,104.0,52.0,104.0,1,1,2,104.0,0.5
73017395,11754.0,5877.0,11754.0,1,1,2,11754.0,0.5
73091698,234.0,117.0,234.0,1,1,2,234.0,0.5
73094226,9.9,2.475,9.6,2,2,4,4.95,0.5
73094362,1005.0,125.625,506.0,4,4,8,251.25,0.5
73124384,8.6,2.8666666666666667,8.6,2,2,3,4.3,0.6666666666666666
73141776,1.5,0.375,0.8,2,2,4,0.75,0.5
73187712,37.5,5.357142857142857,22.0,4,4,7,9.375,0.5714285714285714
73195149,904.6,27.412121212121214,433.0,22,22,33,41.11818181818182,0.6666666666666666
73231305,48.9,5.433333333333334,21.0,5,5,9,9.78,0.5555555555555556
73274639,0.2,0.06666666666666667,0.2,2,2,3,0.1,0.6666666666666666
73305545,83.5,9.277777777777779,35.0,5,5,9,16.7,0.5555555555555556
73319987,18.5,9.25,18.5,1,1,2,18.5,0.5
73358928,1.5,0.75,1.5,1,1,2,1.5,0.5
73360181,2.8,1.4,2.8,1,1,2,2.8,0.5
73407067,5.8,1.45,4.3,2,2,4,2.9,0.5
73435399,6.1,3.05,6.1,1,1,2,6.1,0.5
73435656,0.0,0.0,0.0,1,1,1,0.0,1.0
73453691,698.0,116.33333333333333,291.0,3,3,6,232.66666666666666,0.5
73457750,8.2,1.3666666666666665,7.0,4,4,6,2.05,0.6666666666666666
73481131,35.0,17.5,35.0,1,1,2,35.0,0.5
73495968,591.2,4.315328467153285,82.0,80,80,137,7.390000000000001,0.583941605839416
73507733,0.0,0.0,0.0,1,1,1,0.0,1.0
73513367,375.6,34.14545454545455,285.0,7,7,11,53.65714285714286,0.6363636363636364
73518199,1859.5,13.282142857142857,300.0,82,82,140,22.676829268292682,0.5857142857142857
73519553,1885.0,942.5,1885.0,1,1,2,1885.0,0.5
73521885,29.2,4.866666666666666,25.0,3,3,6,9.733333333333333,0.5
73532539,3.5,1.1666666666666667,3.5,2,2,3,1.75,0.6666666666666666
73564778,872.1,6.508208955223881,92.0,103,103,134,8.466990291262135,0.7686567164179104
73597661,2.1,0.7000000000000001,2.1,2,2,3,1.05,0.6666666666666666
73618782,190.0,95.0,190.0,1,1,2,190.0,0.5
73672854,0.3,0.15,0.3,1,1,2,0.3,0.5
73721802,83.5,1.4910714285714286,28.0,43,43,56,1.941860465116279,0.7678571428571429
73725335,5.3,2.65,5.3,1,1,2,5.3,0.5
73726855,811.6,5.675524475524476,773.0,130,130,143,6.243076923076924,0.9090909090909091
73754563,5.2,2.6,5.2,1,1,2,5.2,0.5
73761548,92.0,46.0,92.0,1,1,2,92.0,0.5
73767750,0.0,0.0,0.0,1,1,1,0.0,1.0
73820367,229.0,45.8,180.0,3,3,5,76.33333333333333,0.6
73826669,1.0,0.25,0.7,2,2,4,0.5,0.5
73835640,2564.4,8.722448979591837,916.0,189,189,294,13.568253968253968,0.6428571428571429
73862588,9.9,3.3000000000000003,9.9,2,2,3,4.95,0.6666666666666666
73883045,60.0,15.0,36.0,2,2,4,30.0,0.5
73946533,1.3,0.65,1.3,1,1,2,1.3,0.5
73968993,118.0,59.0,118.0,1,1,2,118.0,0.5
73979725,0.4,0.2,0.4,1,1,2,0.4,0.5
73981322,23.2,5.8,23.0,2,2,4,11.6,0.5
73997241,355.0,71.0,320.0,3,3,5,118.33333333333333,0.6
73998041,0.2,0.1,0.2,1,1,2,0.2,0.5
74021124,16.2,2.6999999999999997,9.0,3,3,6,5.3999999999999995,0.5
74077887,110.0,55.0,110.0,1,1,2,110.0,0.5
74126541,95.6,6.828571428571428,28.0,7,7,14,13.657142857142857,0.5
74154832,0.3,0.15,0.3,1,1,2,0.3,0.5
74157312,26.0,4.333333333333333,17.7,3,3,6,8.666666666666666,0.5
74161385,147.5,8.194444444444445,137.0,16,16,18,9.21875,0.8888888888888888
74161590,602.9,19.448387096774194,395.0,16,16,31,37.68125,0.5161290322580645
74221955,0.0,0.0,0.0,1,1,1,0.0,1.0
74232403,66.2,16.55,62.0,2,2,4,33.1,0.5
74270476,0.4,0.2,0.4,1,1,2,0.4,0.5
74290096,30.5,7.625,30.0,2,2,4,15.25,0.5
74347105,4496.3,109.66585365853659,1244.0,22,22,41,204.37727272727273,0.5365853658536586
74497511,10.200000000000001,2.04,9.4,3,3,5,3.4000000000000004,0.6
74521316,355.3,9.869444444444445,188.0,21,21,36,16.91904761904762,0.5833333333333334
74557142,0.1,0.025,0.1,3,3,4,0.03333333333333333,0.75
74565055,52.0,17.333333333333332,52.0,2,2,3,26.0,0.6666666666666666
74695086,4.1,2.05,4.1,1,1,2,4.1,0.5
74709077,10.2,3.4,10.2,2,2,3,5.1,0.6666666666666666
74716918,173.0,86.5,173.0,1,1,2,173.0,0.5
74738483,0.0,0.0,0.0,1,1,1,0.0,1.0
74749851,67.0,33.5,67.0,1,1,2,67.0,0.5
74764496,179.6,5.6125,82.0,21,21,32,8.552380952380952,0.65625
74772820,2398.0,21.221238938053098,304.0,77,77,113,31.142857142857142,0.6814159292035398
74811317,1.4,0.7,1.4,1,1,2,1.4,0.5
74855005,1794.5,18.126262626262626,418.0,65,65,99,27.607692307692307,0.6565656565656566
74859759,0.1,0.05,0.1,1,1,2,0.1,0.5
74874862,0.0,0.0,0.0,2,2,2,0.0,1.0
74897172,640.2,53.35,399.0,6,6,12,106.7,0.5
74966682,1.2,0.6,1.2,1,1,2,1.2,0.5
74989665,1.1,0.3666666666666667,1.1,2,2,3,0.55,0.6666666666666666
74997600,25.0,12.5,25.0,1,1,2,25.0,0.5
75001116,163.8,23.400000000000002,147.0,4,4,7,40.95,0.5714285714285714
75011941,41.4,3.1846153846153844,36.0,8,8,13,5.175,0.6153846153846154
75034989,1761.0,880.5,1761.0,1,1,2,1761.0,0.5
75064242,101.1,7.776923076923077,32.0,7,7,13,14.442857142857141,0.5384615384615384
75092930,2122.9,212.29000000000002,2117.0,6,6,10,353.81666666666666,0.6
75115020,0.4,0.13333333333333333,0.4,2,2,3,0.2,0.6666666666666666
75134679,683.6,34.18,275.0,10,10,20,68.36,0.5
75155353,420.1,4.0009523809523815,137.0,92,92,105,4.566304347826088,0.8761904761904762
75182781,272.7,20.976923076923075,223.0,8,8,13,34.0875,0.6153846153846154
75228114,213.8,53.45,201.0,2,2,4,106.9,0.5
75231491,159.0,79.5,159.0,1,1,2,159.0,0.5
75232211,1291.1,12.53495145631068,322.0,55,55,103,23.474545454545453,0.5339805825242718
75240572,592.8,22.799999999999997,272.0,13,13,26,45.599999999999994,0.5
75273484,564.8,35.3,436.0,8,8,16,70.6,0.5
75277726,152.5,9.53125,79.0,10,10,16,15.25,0.625
75328197,11.3,2.825,5.8,2,2,4,5.65,0.5
75331486,170.0,85.0,170.0,1,1,2,170.0,0.5
75366244,342.3,34.230000000000004,224.0,7,7,10,48.9,0.7
75368808,4019.1,35.25526315789474,917.0,66,66,114,60.89545454545454,0.5789473684210527
75377823,1916.0,479.0,1754.0,2,2,4,958.0,0.5
75395097,6.6,2.1999999999999997,6.6,2,2,3,3.3,0.6666666666666666
75419274,0.0,0.0,0.0,1,1,1,0.0,1.0
75438596,0.7,0.35,0.7,1,1,2,0.7,0.5
75457821,356.3,14.252,226.0,14,14,25,25.45,0.56
75463760,461.5,8.39090909090909,180.0,32,32,55,14.421875,0.5818181818181818
75465639,3.5999999999999996,0.8999999999999999,3.3,2,2,4,1.7999999999999998,0.5
75508144,847.3,105.9125,686.0,4,4,8,211.825,0.5
75515543,0.0,0.0,0.0,1,1,1,0.0,1.0
75517266,0.2,0.1,0.2,1,1,2,0.2,0.5
75548930,19.900000000000002,3.316666666666667,16.8,3,3,6,6.633333333333334,0.5
75598925,2796.6,73.59473684210526,2055.0,27,27,38,103.57777777777777,0.7105263157894737
75600128,6.2,3.1,6.2,1,1,2,6.2,0.5
75639638,380.1,34.554545454545455,135.0,6,6,11,63.35,0.5454545454545454
75668947,130.0,65.0,130.0,1,1,2,130.0,0.5
75689918,21.8,1.8166666666666667,11.6,8,8,12,2.725,0.6666666666666666
75738431,353.2,22.075,127.0,8,8,16,44.15,0.5
75753011,195.0,65.0,195.0,2,2,3,97.5,0.6666666666666666
75767676,7.0,3.5,7.0,1,1,2,7.0,0.5
75864605,810.4,57.885714285714286,720.0,7,7,14,115.77142857142857,0.5
75938123,0.4,0.2,0.4,1,1,2,0.4,0.5
75938972,4.7,2.35,4.7,1,1,2,4.7,0.5
75956990,21.0,10.5,21.0,1,1,2,21.0,0.5
75970863,38.9,2.161111111111111,18.8,9,9,18,4.322222222222222,0.5
75988937,1.0,0.5,1.0,1,1,2,1.0,0.5
75995878,24.0,12.0,24.0,1,1,2,24.0,0.5
75997012,2.2,0.7333333333333334,2.2,2,2,3,1.1,0.6666666666666666
76027799,226.4,13.31764705882353,83.0,10,10,17,22.64,0.5882352941176471
76032287,3453.5,84.23170731707317,1971.0,27,27,41,127.9074074074074,0.6585365853658537
76046711,12.2,2.033333333333333,10.6,3,3,6,4.066666666666666,0.5
76047408,3.1,1.55,3.1,1,1,2,3.1,0.5
76095365,0.0,0.0,0.0,4,4,4,0.0,1.0
76170931,2.8,1.4,2.8,1,1,2,2.8,0.5
76171050,1122.6,112.25999999999999,1103.0,8,8,10,140.325,0.8
76177929,0.7,0.35,0.7,1,1,2,0.7,0.5
76190673,0.0,0.0,0.0,2,2,2,0.0,1.0
76211030,8.5,1.0625,7.1,5,5,8,1.7,0.625
76216184,7.3,3.65,7.3,1,1,2,7.3,0.5
76243637,5.1,2.55,5.1,1,1,2,5.1,0.5
76296787,195.5,4.072916666666667,58.0,30,30,48,6.516666666666667,0.625
76303426,0.3,0.15,0.3,1,1,2,0.3,0.5
76319436,7.4,0.925,3.7,6,6,8,1.2333333333333334,0.75
76373413,825.7,137.61666666666667,825.0,4,4,6,206.425,0.6666666666666666
76404223,0.6,0.3,0.6,1,1,2,0.6,0.5
76420334,930.9,8.540366972477065,399.0,63,63,109,14.776190476190475,0.5779816513761468
76451157,423.0,2.7467532467532467,222.0,114,114,154,3.710526315789474,0.7402597402597403
76560982,17.2,3.44,11.7,3,3,5,5.733333333333333,0.6
76585538,3.3000000000000003,0.66,3.1,3,3,5,1.1,0.6
76684659,0.0,0.0,0.0,1,1,1,0.0,1.0
76723339,2.5,0.625,2.0,2,2,4,1.25,0.5
76768611,0.0,0.0,0.0,1,1,1,0.0,1.0
76787637,709.1,78.78888888888889,700.0,6,6,9,118.18333333333334,0.6666666666666666
76856277,0.6,0.3,0.6,1,1,2,0.6,0.5
76881558,2.5,1.25,2.5,1,1,2,2.5,0.5
76892907,2731.3,3.929928057553957,561.0,597,597,695,4.575041876046901,0.8589928057553957
76894278,1.3,0.325,0.9,2,2,4,0.65,0.5
76916895,0.8,0.4,0.8,1,1,2,0.8,0.5
76933274,1.0,0.5,1.0,1,1,2,1.0,0.5
77018622,0.6,0.19999999999999998,0.6,2,2,3,0.3,0.6666666666666666
77096978,509.6,127.4,500.0,2,2,4,254.8,0.5
77113494,0.6,0.12,0.5,3,3,5,0.19999999999999998,0.6
77124916,1028.8,79.13846153846154,460.0,7,7,13,146.97142857142856,0.5384615384615384
77127388,1887.4,37.0078431372549,898.0,31,31,51,60.88387096774194,0.6078431372549019
77136810,92.6,10.288888888888888,49.0,6,6,9,15.433333333333332,0.6666666666666666
77141216,45.0,22.5,45.0,1,1,2,45.0,0.5
77153774,4.5,1.5,4.5,2,2,3,2.25,0.6666666666666666
77163444,0.0,0.0,0.0,1,1,1,0.0,1.0
77194086,283.1,5.897916666666667,124.0,27,27,48,10.485185185185186,0.5625
77194239,661.3,2.8752173913043477,111.0,157,157,230,4.212101910828025,0.6826086956521739
77213306,488.0,244.0,488.0,1,1,2,488.0,0.5
77214425,3785.8,10.785754985754986,560.0,212,212,351,17.857547169811323,0.603988603988604
77261379,0.3,0.15,0.3,1,1,2,0.3,0.5
77262863,80.0,40.0,80.0,1,1,2,80.0,0.5
77279068,505.4,16.30322580645161,247.0,17,17,31,29.72941176470588,0.5483870967741935
77310637,24.0,4.0,18.9,3,3,6,8.0,0.5
77378306,85.8,14.299999999999999,85.0,4,4,6,21.45,0.6666666666666666
77387906,2.9,0.2636363636363636,2.4,7,7,11,0.41428571428571426,0.6363636363636364
77446275,1270.8,34.34594594594594,745.0,24,24,37,52.949999999999996,0.6486486486486487
77507107,22.0,11.0,22.0,1,1,2,22.0,0.5
77542968,664.8,19.552941176470586,503.0,20,20,34,33.239999999999995,0.5882352941176471
77565315,174.6,8.314285714285713,55.0,11,11,21,15.872727272727273,0.5238095238095238
77566707,73.0,18.25,50.0,2,2,4,36.5,0.5
77632511,281.4,46.9,248.0,3,3,6,93.8,0.5
77665527,395.1,17.95909090909091,178.0,13,13,22,30.392307692307693,0.5909090909090909
77736587,207.0,103.5,207.0,1,1,2,207.0,0.5
77792512,42.8,7.133333333333333,37.0,3,3,6,14.266666666666666,0.5
77794924,1.0,0.5,1.0,1,1,2,1.0,0.5
77804318,483.0,241.5,483.0,1,1,2,483.0,0.5
77818807,313.7,12.548,147.0,16,16,25,19.60625,0.64
77830706,1399.9,13.332380952380953,357.0,61,61,105,22.949180327868852,0.580952380952381
77864647,33.3,5.55,31.0,4,4,6,8.325,0.6666666666666666
77870593,1011.4,34.87586206896552,446.0,15,15,29,67.42666666666666,0.5172413793103449
77903318,20.5,2.5625,15.0,4,4,8,5.125,0.5
77905942,250.3,25.03,95.0,5,5,10,50.06,0.5
77924328,361.0,45.125,269.0,4,4,8,90.25,0.5
77950242,0.5,0.25,0.5,1,1,2,0.5,0.5
77954105,0.2,0.1,0.2,1,1,2,0.2,0.5
77980915,2211.7,9.253974895397489,252.0,166,166,239,13.323493975903613,0.694560669456067
78051467,0.5,0.25,0.5,1,1,2,0.5,0.5
78053539,1238.9,36.438235294117646,770.0,18,18,34,68.82777777777778,0.5294117647058824
78071174,4.1,1.3666666666666665,4.1,2,2,3,2.05,0.6666666666666666
78079492,1.4,0.7,1.4,1,1,2,1.4,0.5
78086463,12.1,3.025,11.4,2,2,4,6.05,0.5
78142481,3.6,0.9,2.1,2,2,4,1.8,0.5
78309377,2815.8,9.417391304347827,591.0,224,224,299,12.570535714285715,0.7491638795986622
78332414,1857.5,31.483050847457626,998.0,32,32,59,58.046875,0.5423728813559322
78335076,26.3,4.383333333333334,10.0,3,3,6,8.766666666666667,0.5
78339000,82.0,16.4,82.0,4,4,5,20.5,0.8
78341587,720.4,2.629197080291971,153.0,197,197,274,3.6568527918781726,0.718978102189781
78369082,16.0,8.0,16.0,1,1,2,16.0,0.5
78481493,31.0,15.5,31.0,1,1,2,31.0,0.5
78551564,305.8,50.96666666666667,189.0,3,3,6,101.93333333333334,0.5
78560022,30.3,0.8416666666666667,15.1,19,19,36,1.5947368421052632,0.5277777777777778
78600311,0.4,0.2,0.4,1,1,2,0.4,0.5
78671103,65.4,2.972727272727273,18.4,13,13,22,5.0307692307692315,0.5909090909090909
78690485,0.3,0.15,0.3,1,1,2,0.3,0.5
78703486,13.9,6.95,13.9,1,1,2,13.9,0.5
78707098,2.8,1.4,2.8,1,1,2,2.8,0.5
78765966,7.3,1.825,6.7,2,2,4,3.65,0.5
78799565,5186.9,259.34499999999997,2526.0,12,12,20,432.2416666666666,0.6
78814920,13.2,6.6,13.2,1,1,2,13.2,0.5
78874120,0.1,0.025,0.1,3,3,4,0.03333333333333333,0.75
78900428,6.5,3.25,6.5,1,1,2,6.5,0.5
78969820,9.7,4.85,9.7,1,1,2,9.7,0.5
78996406,0.1,0.03333333333333333,0.1,2,2,3,0.05,0.6666666666666666
79017735,771.7,17.538636363636364,509.0,25,25,44,30.868000000000002,0.5681818181818182
79049613,26.9,2.988888888888889,26.0,6,6,9,4.483333333333333,0.6666666666666666
79050738,11.1,5.55,11.1,1,1,2,11.1,0.5
79073449,693.5,4.7827586206896555,58.0,96,96,145,7.223958333333333,0.6620689655172414
79111585,5.5,1.1,5.5,4,4,5,1.375,0.8
79124111,0.0,0.0,0.0,1,1,1,0.0,1.0
79155765,333.4,7.247826086956521,160.0,26,26,46,12.823076923076922,0.5652173913043478
79163006,11.6,5.8,11.6,1,1,2,11.6,0.5
79180628,0.0,0.0,0.0,1,1,1,0.0,1.0
79211079,968.1,14.236764705882353,262.0,36,36,68,26.891666666666666,0.5294117647058824
79216711,0.0,0.0,0.0,4,4,4,0.0,1.0
79219608,0.0,0.0,0.0,1,1,1,0.0,1.0
79243080,571.1,18.42258064516129,274.0,19,19,31,30.057894736842105,0.6129032258064516
79309149,1.0,0.5,1.0,1,1,2,1.0,0.5
79316774,5.8999999999999995,0.4214285714285714,4.1,12,12,14,0.49166666666666664,0.8571428571428571
79319075,542.3,15.494285714285713,347.0,21,21,35,25.823809523809523,0.6
79372485,251.1,62.775,251.0,2,2,4,125.55,0.5
79407831,41.0,20.5,41.0,1,1,2,41.0,0.5
79411077,3520.2,62.86071428571428,2371.0,34,34,56,103.53529411764706,0.6071428571428571
79455558,0.0,0.0,0.0,1,1,1,0.0,1.0
79474322,1973.9,89.72272727272728,1339.0,12,12,22,164.49166666666667,0.5454545454545454
79537725,2.9,1.45,2.9,1,1,2,2.9,0.5
79542039,62.8,2.7304347826086954,34.0,13,13,23,4.8307692307692305,0.5652173913043478
79615216,11.299999999999999,2.8249999999999997,9.7,2,2,4,5.6499999999999995,0.5
79626460,8.4,4.2,8.4,1,1,2,8.4,0.5
79658056,22.6,1.8833333333333335,19.0,9,9,12,2.511111111111111,0.75
79715089,185.5,7.42,130.0,15,15,25,12.366666666666667,0.6
79746085,756.9,84.1,720.0,6,6,9,126.14999999999999,0.6666666666666666
79865632,49.7,5.522222222222222,29.0,5,5,9,9.940000000000001,0.5555555555555556
79869158,118.9,19.816666666666666,115.0,3,3,6,39.63333333333333,0.5
79932478,113.0,56.5,113.0,1,1,2,113.0,0.5
79942253,17.3,2.8833333333333333,11.0,3,3,6,5.766666666666667,0.5
80022321,68.4,6.840000000000001,55.0,6,6,10,11.4,0.6
80067793,515.9,19.107407407407408,209.0,15,15,27,34.39333333333333,0.5555555555555556
80091744,0.4,0.2,0.4,1,1,2,0.4,0.5
80098179,116.1,4.644,69.0,15,15,25,7.739999999999999,0.6
80117314,0.3,0.09999999999999999,0.3,2,2,3,0.15,0.6666666666666666
80117330,14.8,7.4,14.8,1,1,2,14.8,0.5
80119032,321.1,15.290476190476191,309.0,18,18,21,17.83888888888889,0.8571428571428571
80128229,2803.7,12.40575221238938,480.0,140,140,226,20.02642857142857,0.6194690265486725
80145435,634.3,37.311764705882354,397.0,11,11,17,57.66363636363636,0.6470588235294118
80154824,56.8,9.466666666666667,46.0,3,3,6,18.933333333333334,0.5
80164199,1021.8,53.77894736842105,882.0,10,10,19,102.17999999999999,0.5263157894736842
80173910,0.0,0.0,0.0,2,2,2,0.0,1.0
80189887,2814.1,13.02824074074074,470.0,123,123,216,22.878861788617886,0.5694444444444444
80224478,90.0,45.0,90.0,1,1,2,90.0,0.5
80230375,0.5,0.16666666666666666,0.5,2,2,3,0.25,0.6666666666666666
80239919,1185.8,45.607692307692304,709.0,20,20,26,59.29,0.7692307692307693
80250756,109.6,3.5354838709677416,54.0,18,18,31,6.088888888888889,0.5806451612903226
80265154,502.0,50.2,284.0,5,5,10,100.4,0.5
80309714,316.0,79.0,184.0,2,2,4,158.0,0.5
80341091,3.0,0.75,2.8,2,2,4,1.5,0.5
80342096,0.5,0.25,0.5,1,1,2,0.5,0.5
80351692,809.6,15.874509803921569,202.0,30,30,51,26.986666666666668,0.5882352941176471
80363319,824.2,10.844736842105263,160.0,45,45,76,18.315555555555555,0.5921052631578947
80384872,2798.7,139.935,1556.0,11,11,20,254.4272727272727,0.55
80386506,1.7,0.85,1.7,1,1,2,1.7,0.5
80394189,7.8,1.95,7.2,2,2,4,3.9,0.5
80419227,0.0,0.0,0.0,2,2,2,0.0,1.0
80471276,363.3,21.370588235294118,327.0,9,9,17,40.36666666666667,0.5294117647058824
80494893,1317.6,7.750588235294117,669.0,113,113,170,11.660176991150442,0.6647058823529411
80502960,360.8,90.2,345.0,2,2,4,180.4,0.5
80511960,3214.9,25.7192,1418.0,70,70,125,45.92714285714286,0.56
80522069,64.0,32.0,64.0,1,1,2,64.0,0.5
80550861,1093.0,8.959016393442623,379.0,83,83,122,13.168674698795181,0.680327868852459
80604456,56.5,4.035714285714286,27.0,10,10,14,5.65,0.7142857142857143
80630217,642.0,7.829268292682927,112.0,47,47,82,13.659574468085106,0.573170731707317
80639000,1.3,0.65,1.3,1,1,2,1.3,0.5
80650761,10.6,0.7571428571428571,7.9,7,7,14,1.5142857142857142,0.5
80735594,25.0,12.5,25.0,1,1,2,25.0,0.5
80779496,1517.9,6.686784140969164,350.0,125,125,227,12.1432,0.5506607929515418
80799336,5.7,1.1400000000000001,5.7,4,4,5,1.425,0.8
80814667,0.2,0.1,0.2,1,1,2,0.2,0.5
80821544,69.0,34.5,69.0,1,1,2,69.0,0.5
80859196,21.2,3.533333333333333,11.1,3,3,6,7.066666666666666,0.5
80905023,0.7,0.35,0.7,1,1,2,0.7,0.5
80918437,34.0,17.0,34.0,1,1,2,34.0,0.5
80984802,0.0,0.0,0.0,1,1,1,0.0,1.0
80988171,279.9,12.72272727272727,183.0,13,13,22,21.53076923076923,0.5909090909090909
81037765,15.9,7.95,15.9,1,1,2,15.9,0.5
81054122,6470.0,539.1666666666666,2249.0,6,6,12,1078.3333333333333,0.5
81079291,0.0,0.0,0.0,2,2,2,0.0,1.0
81104015,8.1,2.6999999999999997,8.1,2,2,3,4.05,0.6666666666666666
81128865,0.8,0.2,0.5,2,2,4,0.4,0.5
81139130,237.1,12.478947368421052,183.0,13,13,19,18.23846153846154,0.6842105263157895
81151589,317.0,26.416666666666668,149.0,6,6,12,52.833333333333336,0.5
81160212,889.2,4.005405405405406,181.0,150,150,222,5.928,0.6756756756756757
81170946,746.3,3.712935323383084,71.0,130,130,201,5.740769230769231,0.6467661691542289
81196525,1079.0,539.5,1079.0,1,1,2,1079.0,0.5
81245611,5.199999999999999,1.2999999999999998,3.3,2,2,4,2.5999999999999996,0.5
81258000,1376.0,62.54545454545455,1024.0,20,20,22,68.8,0.9090909090909091
81392790,1.0,0.5,1.0,1,1,2,1.0,0.5
81439192,985.2,4.60373831775701,262.0,156,156,214,6.315384615384616,0.7289719626168224
81487543,216.0,108.0,216.0,1,1,2,216.0,0.5
81537102,0.3,0.15,0.3,1,1,2,0.3,0.5
81556495,103.5,6.088235294117647,57.0,9,9,17,11.5,0.5294117647058824
81569401,891.0,222.75,891.0,3,3,4,297.0,0.75
81574839,1.5999999999999999,0.39999999999999997,1.4,2,2,4,0.7999999999999999,0.5
81579335,388.4,15.536,249.0,15,15,25,25.89333333333333,0.6
81585721,1734.0,9.741573033707866,867.0,111,111,178,15.621621621621621,0.6235955056179775
81591317,1656.5,13.804166666666667,1021.0,69,69,120,24.007246376811594,0.575
81672131,1044.6,16.58095238095238,426.0,41,41,63,25.478048780487804,0.6507936507936508
81678279,57.0,4.75,26.0,6,6,12,9.5,0.5
81711607,0.0,0.0,0.0,1,1,1,0.0,1.0
81743539,19.0,0.5757575757575758,9.3,28,28,33,0.6785714285714286,0.8484848484848485
81746734,1186.9,17.983333333333334,425.0,34,34,66,34.90882352941177,0.5151515151515151
81768333,22.9,3.8166666666666664,13.5,3,3,6,7.633333333333333,0.5
81777905,11.4,5.7,11.4,1,1,2,11.4,0.5
81814849,1.6,0.5333333333333333,1.6,2,2,3,0.8,0.6666666666666666
81834184,2.4,0.7999999999999999,2.4,2,2,3,1.2,0.6666666666666666
81865111,3.9,0.975,2.8,2,2,4,1.95,0.5
81901544,33.9,8.475,31.0,2,2,4,16.95,0.5
81911890,0.5,0.125,0.3,2,2,4,0.25,0.5
81943620,1837.8,4.629219143576826,280.0,301,301,397,6.105647840531561,0.7581863979848866
82020006,195.6,5.588571428571428,74.0,18,18,35,10.866666666666667,0.5142857142857142
82029808,29.900000000000002,2.4916666666666667,18.8,6,6,12,4.983333333333333,0.5
82046939,749.9,4.901307189542483,156.0,91,91,153,8.24065934065934,0.5947712418300654
82071844,356.1,16.186363636363637,96.0,13,13,22,27.392307692307693,0.5909090909090909
82112070,120.8,8.628571428571428,80.0,7,7,14,17.257142857142856,0.5
82156706,509.1,12.727500000000001,140.0,24,24,40,21.212500000000002,0.6
82174211,1653.1,33.73673469387755,1023.0,27,27,49,61.22592592592592,0.5510204081632653
82176452,0.8,0.4,0.8,1,1,2,0.8,0.5
82203951,126.5,5.06,49.0,14,14,25,9.035714285714286,0.56
82212295,1205.5,120.55,607.0,5,5,10,241.1,0.5
82235763,12.8,6.4,12.8,1,1,2,12.8,0.5
82263745,4686.8,24.283937823834197,2634.0,129,129,193,36.331782945736435,0.6683937823834197
82268005,16.6,8.3,16.6,1,1,2,16.6,0.5
82279854,0.6,0.3,0.6,1,1,2,0.6,0.5
82287546,1748.5,10.470059880239521,672.0,98,98,167,17.841836734693878,0.5868263473053892
82324393,0.5,0.25,0.5,1,1,2,0.5,0.5
82352462,2686.1,15.175706214689265,815.0,101,101,177,26.595049504950495,0.5706214689265536
82385352,599.6,8.949253731343283,185.0,38,38,67,15.778947368421052,0.5671641791044776
82418411,16.4,0.7454545454545454,14.6,17,17,22,0.9647058823529411,0.7727272727272727
82432677,5.6,2.8,5.6,1,1,2,5.6,0.5
82436907,888.7,44.435,743.0,12,12,20,74.05833333333334,0.6
82438562,20.8,2.3111111111111113,18.7,5,5,9,4.16,0.5555555555555556
82448039,63.8,15.95,60.0,2,2,4,31.9,0.5
82512087,203.7,14.549999999999999,105.0,7,7,14,29.099999999999998,0.5
82536970,322.4,64.47999999999999,311.0,3,3,5,107.46666666666665,0.6
82542485,147.0,73.5,147.0,1,1,2,147.0,0.5
82686146,876.4,13.483076923076922,217.0,36,36,65,24.344444444444445,0.5538461538461539
82688906,35.0,17.5,35.0,1,1,2,35.0,0.5
82695118,171.3,28.55,96.0,3,3,6,57.1,0.5
82728085,37.0,18.5,37.0,1,1,2,37.0,0.5
82778779,106.9,9.718181818181819,57.0,6,6,11,17.816666666666666,0.5454545454545454
82792088,63.0,31.5,63.0,1,1,2,63.0,0.5
82792464,0.2,0.1,0.2,1,1,2,0.2,0.5
82807945,0.0,0.0,0.0,1,1,1,0.0,1.0
82847127,4.6,2.3,4.6,1,1,2,4.6,0.5
82864983,12.6,6.3,12.6,1,1,2,12.6,0.5
82866826,2.0,1.0,2.0,1,1,2,2.0,0.5
82895724,0.0,0.0,0.0,3,3,3,0.0,1.0
82898860,19.9,9.95,19.9,1,1,2,19.9,0.5
82938274,55.0,27.5,55.0,1,1,2,55.0,0.5
82961224,342.4,14.266666666666666,142.0,13,13,24,26.338461538461537,0.5416666666666666
83028567,0.0,0.0,0.0,2,2,2,0.0,1.0
83046795,11.6,5.8,11.6,1,1,2,11.6,0.5
83090686,2606.4,23.694545454545455,1343.0,70,70,110,37.23428571428572,0.6363636363636364
83123832,462.8,51.422222222222224,441.0,6,6,9,77.13333333333334,0.6666666666666666
83135348,200.2,3.0799999999999996,97.0,50,50,65,4.004,0.7692307692307693
83148759,432.3,27.01875,224.0,9,9,16,48.03333333333333,0.5625
83160060,18.1,9.05,18.1,1,1,2,18.1,0.5
83168693,149.4,14.940000000000001,137.0,5,5,10,29.880000000000003,0.5
83188092,175.3,14.608333333333334,80.0,7,7,12,25.042857142857144,0.5833333333333334
83198547,43.0,21.5,43.0,1,1,2,43.0,0.5
83219649,8.8,4.4,8.8,1,1,2,8.8,0.5
83234559,451.1,45.11,299.0,6,6,10,75.18333333333334,0.6
83310356,0.0,0.0,0.0,1,1,1,0.0,1.0
83336644,195.4,19.54,167.0,5,5,10,39.08,0.5
83355221,86.0,43.0,86.0,1,1,2,86.0,0.5
83367883,10.1,5.05,10.1,1,1,2,10.1,0.5
83411030,7.7,3.85,7.7,1,1,2,7.7,0.5
83420834,118.2,6.221052631578948,87.0,11,11,19,10.745454545454546,0.5789473684210527
83482045,0.2,0.06666666666666667,0.2,2,2,3,0.1,0.6666666666666666
83497449,798.1,15.058490566037737,216.0,32,32,53,24.940625,0.6037735849056604
83521481,7.2,0.6,4.0,10,10,12,0.72,0.8333333333333334
83559372,64.0,32.0,64.0,1,1,2,64.0,0.5
83572990,13.899999999999999,2.3166666666666664,11.7,3,3,6,4.633333333333333,0.5
83578325,10.8,5.4,10.8,1,1,2,10.8,0.5
83589156,84.7,21.175,72.0,2,2,4,42.35,0.5
83599495,39.4,4.377777777777777,23.0,6,6,9,6.566666666666666,0.6666666666666666
83625754,766.2,19.155,417.0,25,25,40,30.648000000000003,0.625
83671083,398.0,6.524590163934426,91.0,33,33,61,12.06060606060606,0.5409836065573771
83681553,416.8,14.37241379310345,94.0,16,16,29,26.05,0.5517241379310345
83746733,612.4,15.309999999999999,378.0,25,25,40,24.496,0.625
83751255,150.0,25.0,128.0,4,4,6,37.5,0.6666666666666666
83758687,0.4,0.2,0.4,1,1,2,0.4,0.5
83758973,0.4,0.2,0.4,1,1,2,0.4,0.5
83770731,465.1,1.8906504065040652,46.0,169,169,246,2.75207100591716,0.6869918699186992
83792733,201.0,100.5,201.0,1,1,2,201.0,0.5
83806417,1.7000000000000002,0.42500000000000004,1.1,2,2,4,0.8500000000000001,0.5
83813208,2.6,1.3,2.6,1,1,2,2.6,0.5
83849502,659.4,4.173417721518987,410.0,129,129,158,5.111627906976744,0.8164556962025317
83851086,0.8,0.4,0.8,1,1,2,0.8,0.5
83867981,112.7,28.175,109.0,2,2,4,56.35,0.5
83878895,0.7,0.175,0.6,2,2,4,0.35,0.5
83928705,28.0,2.5454545454545454,20.0,8,8,11,3.5,0.7272727272727273
83955783,414.6,37.690909090909095,409.0,9,9,11,46.06666666666667,0.8181818181818182
83962500,2.5,1.25,2.5,1,1,2,2.5,0.5
83965474,104.8,26.2,91.0,2,2,4,52.4,0.5
83975567,1148.5,18.827868852459016,318.0,33,33,61,34.803030303030305,0.5409836065573771
83978676,2.4,1.2,2.4,1,1,2,2.4,0.5
83992730,223.6,22.36,109.0,5,5,10,44.72,0.5
83999409,5.4,2.7,5.4,1,1,2,5.4,0.5
84024556,0.0,0.0,0.0,2,2,2,0.0,1.0
84026704,3.6,1.8,3.6,1,1,2,3.6,0.5
84045371,2199.7,70.95806451612903,1159.0,16,16,31,137.48125,0.5161290322580645
84054119,10.5,1.75,8.7,4,4,6,2.625,0.6666666666666666
84079486,3.8,1.9,3.8,1,1,2,3.8,0.5
84095423,1.0,0.5,1.0,1,1,2,1.0,0.5
84156493,17.8,4.45,14.7,2,2,4,8.9,0.5
84221022,21.7,3.1,11.6,4,4,7,5.425,0.5714285714285714
84236369,389.0,97.25,265.0,2,2,4,194.5,0.5
84293720,7.0,3.5,7.0,1,1,2,7.0,0.5
84318201,128.7,5.3625,27.0,14,14,24,9.192857142857141,0.5833333333333334
84371132,671.0,167.75,652.0,2,2,4,335.5,0.5
84377525,1.2,0.6,1.2,1,1,2,1.2,0.5
84395245,28.0,14.0,28.0,1,1,2,28.0,0.5
84414029,0.8,0.4,0.8,1,1,2,0.8,0.5
84428602,5.4,1.8,5.4,2,2,3,2.7,0.6666666666666666
84432612,59.7,8.528571428571428,38.0,4,4,7,14.925,0.5714285714285714
84455820,851.0,4.212871287128713,118.0,120,120,202,7.091666666666667,0.594059405940594
84471496,1714.0,40.80952380952381,1487.0,25,25,42,68.56,0.5952380952380952
84487058,27.0,6.75,27.0,3,3,4,9.0,0.75
84507921,3.1,1.55,3.1,1,1,2,3.1,0.5
84513749,446.7,6.667164179104478,376.0,51,51,67,8.758823529411764,0.7611940298507462
84514126,10.0,1.6666666666666667,10.0,5,5,6,2.0,0.8333333333333334
84555487,2.1,1.05,2.1,1,1,2,2.1,0.5
84560845,13.0,3.25,13.0,3,3,4,4.333333333333333,0.75
84585204,47.7,1.8346153846153848,33.0,16,16,26,2.98125,0.6153846153846154
84610577,13.3,2.66,13.3,4,4,5,3.325,0.8
84659295,6.1,1.525,3.5,2,2,4,3.05,0.5
84668956,2.4,1.2,2.4,1,1,2,2.4,0.5
84686973,1.1,0.275,1.1,3,3,4,0.3666666666666667,0.75
84703874,120.0,60.0,120.0,1,1,2,120.0,0.5
84706664,4.9,2.45,4.9,1,1,2,4.9,0.5
84738098,12.0,6.0,12.0,1,1,2,12.0,0.5
84824859,845.0,211.25,845.0,3,3,4,281.6666666666667,0.75
84853093,10.4,5.2,10.4,1,1,2,10.4,0.5
84863268,6.1,1.22,3.9,3,3,5,2.033333333333333,0.6
84883272,130.3,2.6060000000000003,21.0,28,28,50,4.653571428571429,0.56
84884010,31.8,7.95,16.5,2,2,4,15.9,0.5
84908294,119.4,11.940000000000001,69.0,6,6,10,19.900000000000002,0.6
84925352,282.4,6.567441860465116,81.0,30,30,43,9.413333333333332,0.6976744186046512
84948626,0.0,0.0,0.0,1,1,1,0.0,1.0
85009082,0.6,0.3,0.6,1,1,2,0.6,0.5
85018813,0.3,0.15,0.3,1,1,2,0.3,0.5
85041261,30.0,15.0,30.0,1,1,2,30.0,0.5
85045079,18.6,9.3,18.6,1,1,2,18.6,0.5
85046830,703.2,20.091428571428573,454.0,22,22,35,31.963636363636365,0.6285714285714286
85134273,8.9,4.45,8.9,1,1,2,8.9,0.5
85136214,357.0,178.5,357.0,1,1,2,357.0,0.5
85160742,8.3,4.15,8.3,1,1,2,8.3,0.5
85210874,919.1,14.824193548387097,567.0,43,43,62,21.374418604651165,0.6935483870967742
85256089,1683.0,280.5,905.0,3,3,6,561.0,0.5
85298989,16.8,8.4,16.8,1,1,2,16.8,0.5
85333773,65.0,32.5,65.0,1,1,2,65.0,0.5
85342296,93.0,46.5,93.0,1,1,2,93.0,0.5
85358812,3.5,1.75,3.5,1,1,2,3.5,0.5
85366890,750.7,6.255833333333333,173.0,88,88,120,8.530681818181819,0.7333333333333333
85395339,0.1,0.03333333333333333,0.1,2,2,3,0.05,0.6666666666666666
85426082,5.0,0.5,3.0,6,6,10,0.8333333333333334,0.6
85458882,2278.8,27.45542168674699,1326.0,61,61,83,37.35737704918033,0.7349397590361446
85497862,1211.9,7.9730263157894745,409.0,85,85,152,14.257647058823531,0.5592105263157895
85518568,30.5,3.05,15.9,6,6,10,5.083333333333333,0.6
85526871,15.5,7.75,15.5,1,1,2,15.5,0.5
85546706,0.8,0.4,0.8,1,1,2,0.8,0.5
85547059,2.3,1.15,2.3,1,1,2,2.3,0.5
85614332,52.0,26.0,52.0,1,1,2,52.0,0.5
85625611,0.0,0.0,0.0,1,1,1,0.0,1.0
85643975,508.8,31.8,480.0,8,8,16,63.6,0.5
85673716,1137.7,27.08809523809524,520.0,25,25,42,45.508,0.5952380952380952
85714521,1756.3,62.725,1378.0,14,14,28,125.45,0.5
85736530,0.0,0.0,0.0,1,1,1,0.0,1.0
85759872,153.1,7.29047619047619,72.0,13,13,21,11.776923076923076,0.6190476190476191
85802472,323.7,80.925,312.0,2,2,4,161.85,0.5
85853924,1.4,0.7,1.4,1,1,2,1.4,0.5
85862313,0.6,0.3,0.6,1,1,2,0.6,0.5
85935348,69.4,4.3375,18.5,9,9,16,7.711111111111112,0.5625
85959768,575.4,11.987499999999999,310.0,26,26,48,22.13076923076923,0.5416666666666666
85968997,24.0,12.0,24.0,1,1,2,24.0,0.5
86016715,116.7,9.725,63.0,6,6,12,19.45,0.5
86041729,1486.4,7.948663101604279,446.0,125,125,187,11.891200000000001,0.6684491978609626
86054951,1.1,0.3666666666666667,1.1,2,2,3,0.55,0.6666666666666666
86055705,1933.9,4.895949367088607,243.0,249,249,395,7.766666666666667,0.6303797468354431
86073747,51.0,25.5,51.0,1,1,2,51.0,0.5
86150792,2.6999999999999997,0.33749999999999997,1.9,5,5,8,0.5399999999999999,0.625
86168617,92.9,9.290000000000001,39.0,5,5,10,18.580000000000002,0.5
86182317,1368.9,22.815,596.0,35,35,60,39.111428571428576,0.5833333333333334
86187882,330.0,165.0,330.0,1,1,2,330.0,0.5
86189832,41.0,20.5,41.0,1,1,2,41.0,0.5
86202400,12.8,6.4,12.8,1,1,2,12.8,0.5
86239250,2.7,1.35,2.7,1,1,2,2.7,0.5
86245871,18.2,9.1,18.2,1,1,2,18.2,0.5
86256882,6312.7,87.67638888888888,6015.0,51,51,72,123.77843137254902,0.7083333333333334
86287245,194.4,5.890909090909091,93.0,21,21,33,9.257142857142858,0.6363636363636364
86310154,51.0,25.5,51.0,1,1,2,51.0,0.5
86332470,360.0,22.5,91.0,8,8,16,45.0,0.5
86338111,1568.0,22.72463768115942,1064.0,38,38,69,41.26315789473684,0.5507246376811594
86355338,65.3,16.325,51.0,2,2,4,32.65,0.5
86374423,10.8,5.4,10.8,1,1,2,10.8,0.5
86433707,159.3,4.685294117647059,48.0,20,20,34,7.965000000000001,0.5882352941176471
86448907,0.2,0.05,0.2,3,3,4,0.06666666666666667,0.75
86466985,2485.5,118.35714285714286,1136.0,12,12,21,207.125,0.5714285714285714
86469479,1227.2,1.8938271604938273,73.0,480,480,648,2.5566666666666666,0.7407407407407407
86476768,37.1,2.65,32.0,11,11,14,3.372727272727273,0.7857142857142857
86481908,2017.2,12.225454545454546,635.0,102,102,165,19.776470588235295,0.6181818181818182
86499586,278.4,5.458823529411764,73.0,28,28,51,9.942857142857141,0.5490196078431373
86502662,23.4,2.34,22.0,6,6,10,3.9,0.6
86611736,53.0,26.5,53.0,1,1,2,53.0,0.5
86612326,569.0,81.28571428571429,405.0,5,5,7,113.8,0.7142857142857143
86620865,63.0,31.5,63.0,1,1,2,63.0,0.5
86623169,23.7,5.925,13.1,2,2,4,11.85,0.5
86635197,2.6,1.3,2.6,1,1,2,2.6,0.5
86686260,14.899999999999999,1.8624999999999998,10.7,4,4,8,3.7249999999999996,0.5
86689730,8.7,1.7399999999999998,6.0,3,3,5,2.9,0.6
86732465,3345.9,133.836,2141.0,17,17,25,196.81764705882352,0.68
86733992,743.1,9.526923076923078,130.0,41,41,78,18.12439024390244,0.5256410256410257
86738111,1.9,0.6333333333333333,1.9,2,2,3,0.95,0.6666666666666666
86738567,1027.4,22.831111111111113,284.0,25,25,45,41.096000000000004,0.5555555555555556
86779448,1843.8,230.475,1838.0,4,4,8,460.95,0.5
86779877,18.7,4.675,18.4,2,2,4,9.35,0.5
86828660,0.0,0.0,0.0,1,1,1,0.0,1.0
86831093,2.0,1.0,2.0,1,1,2,2.0,0.5
86866292,1623.0,135.25,1540.0,7,7,12,231.85714285714286,0.5833333333333334
86898348,2.8,0.5599999999999999,2.8,4,4,5,0.7,0.8
86912006,3960.1,10.339686684073106,2755.0,348,348,383,11.379597701149425,0.9086161879895561
86915561,17.6,8.8,17.6,1,1,2,17.6,0.5
86943254,4.5,1.125,3.1,2,2,4,2.25,0.5
86978692,34.0,17.0,34.0,1,1,2,34.0,0.5
86997363,1.2,0.3,0.7,2,2,4,0.6,0.5
87000540,35.0,17.5,35.0,1,1,2,35.0,0.5
87040683,3570.6,40.574999999999996,1930.0,49,49,88,72.86938775510204,0.5568181818181818
87059822,75.2,15.040000000000001,70.0,3,3,5,25.066666666666666,0.6
87071236,3180.6,30.00566037735849,1714.0,63,63,106,50.48571428571429,0.5943396226415094
87147007,335.0,167.5,335.0,1,1,2,335.0,0.5
87162199,17.3,1.2357142857142858,10.7,8,8,14,2.1625,0.5714285714285714
87185898,5.3,2.65,5.3,1,1,2,5.3,0.5
87201181,5792.4,69.78795180722891,1526.0,50,50,83,115.848,0.6024096385542169
87223060,61.0,30.5,61.0,1,1,2,61.0,0.5
87273930,58.8,4.2,24.0,8,8,14,7.35,0.5714285714285714
87341384,1494.7,10.168027210884354,278.0,90,90,147,16.607777777777777,0.6122448979591837
87403553,43.0,21.5,43.0,1,1,2,43.0,0.5
87424218,75.0,8.333333333333334,72.0,7,7,9,10.714285714285714,0.7777777777777778
87445402,136.2,12.381818181818181,83.0,6,6,11,22.7,0.5454545454545454
87548320,4.7,0.5875,4.5,6,6,8,0.7833333333333333,0.75
87601770,90.1,3.465384615384615,46.0,15,15,26,6.006666666666666,0.5769230769230769
87601937,29.1,2.6454545454545455,10.8,6,6,11,4.8500000000000005,0.5454545454545454
87622319,0.5,0.25,0.5,1,1,2,0.5,0.5
87646732,29.0,14.5,29.0,1,1,2,29.0,0.5
87686595,107.0,53.5,107.0,1,1,2,107.0,0.5
87694960,349.3,1.188095238095238,106.0,251,251,294,1.3916334661354581,0.8537414965986394
87725878,0.2,0.1,0.2,1,1,2,0.2,0.5
87734805,525.8,1.56955223880597,151.0,251,251,335,2.094820717131474,0.7492537313432835
87740541,34.2,3.4200000000000004,13.6,7,7,10,4.885714285714286,0.7
87740709,3680.4,111.52727272727273,3356.0,22,22,33,167.29090909090908,0.6666666666666666
87753149,50.7,5.07,50.0,6,6,10,8.450000000000001,0.6
87821312,1162.8,193.79999999999998,1159.0,4,4,6,290.7,0.6666666666666666
87832209,667.2,9.531428571428572,285.0,40,40,70,16.68,0.5714285714285714
87879009,546.4,68.3,368.0,4,4,8,136.6,0.5
87886634,0.0,0.0,0.0,3,3,3,0.0,1.0
87907200,169.5,2.778688524590164,53.0,41,41,61,4.134146341463414,0.6721311475409836
87909217,3.4,1.7,3.4,1,1,2,3.4,0.5
87926559,42.0,21.0,42.0,1,1,2,42.0,0.5
87938922,2.7,0.3375,2.5,6,6,8,0.45,0.75
87947085,0.0,0.0,0.0,1,1,1,0.0,1.0
88022225,78.2,13.033333333333333,55.0,3,3,6,26.066666666666666,0.5
88035166,2094.0,8.725,652.0,162,162,240,12.925925925925926,0.675
88095884,1591.8,265.3,952.0,3,3,6,530.6,0.5
88100014,17.2,8.6,17.2,1,1,2,17.2,0.5
88116642,0.5,0.125,0.5,3,3,4,0.16666666666666666,0.75
88139607,151.0,75.5,151.0,1,1,2,151.0,0.5
88152309,926.5,44.11904761904762,467.0,13,13,21,71.26923076923077,0.6190476190476191
88173801,2.7,0.07714285714285715,1.3,32,32,35,0.084375,0.9142857142857143
88199811,374.3,9.597435897435897,178.0,24,24,39,15.595833333333333,0.6153846153846154
88220400,0.6,0.3,0.6,1,1,2,0.6,0.5
88246304,0.6,0.3,0.6,1,1,2,0.6,0.5
88248085,10.8,0.9,4.7,7,7,12,1.542857142857143,0.5833333333333334
88271258,1203.2,120.32000000000001,607.0,5,5,10,240.64000000000001,0.5
88290913,4043.4,505.425,3940.0,4,4,8,1010.85,0.5
88296152,10.5,0.5,4.4,16,16,21,0.65625,0.7619047619047619
88344296,108.4,2.0846153846153848,25.0,30,30,52,3.6133333333333337,0.5769230769230769
88352678,12.4,0.7294117647058824,6.6,11,11,17,1.1272727272727272,0.6470588235294118
88393171,9.2,4.6,9.2,1,1,2,9.2,0.5
88410966,110.7,3.817241379310345,77.0,16,16,29,6.91875,0.5517241379310345
88463863,3.9,1.95,3.9,1,1,2,3.9,0.5
88472012,2.2,1.1,2.2,1,1,2,2.2,0.5
88492781,1.7,0.85,1.7,1,1,2,1.7,0.5
88493668,139.0,17.375,71.0,4,4,8,34.75,0.5
88524965,626.0,313.0,626.0,1,1,2,626.0,0.5
88525821,1988.5,9.424170616113743,1300.0,129,129,211,15.414728682170542,0.6113744075829384
88544184,61.1,10.183333333333334,59.0,3,3,6,20.366666666666667,0.5
88579585,1093.1,3.9749090909090907,656.0,250,250,275,4.3724,0.9090909090909091
88580612,2.6,0.65,1.7,2,2,4,1.3,0.5
88585138,4.6000000000000005,1.1500000000000001,4.2,2,2,4,2.3000000000000003,0.5
88587483,0.0,0.0,0.0,1,1,1,0.0,1.0
88603472,33.8,1.2518518518518518,9.2,16,16,27,2.1125,0.5925925925925926
88612445,114.0,57.0,114.0,1,1,2,114.0,0.5
88626156,0.0,0.0,0.0,2,2,2,0.0,1.0
88659639,804.8,29.807407407407407,549.0,18,18,27,44.71111111111111,0.6666666666666666
88661387,88.0,44.0,88.0,1,1,2,88.0,0.5
88705345,184.5,5.765625,65.0,19,19,32,9.710526315789474,0.59375
88715858,0.0,0.0,0.0,1,1,1,0.0,1.0
88735140,2.2,1.1,2.2,1,1,2,2.2,0.5
88759352,1.9000000000000001,0.3166666666666667,1.6,4,4,6,0.47500000000000003,0.6666666666666666
88762385,3.4,1.7,3.4,1,1,2,3.4,0.5
88770649,0.0,0.0,0.0,2,2,2,0.0,1.0
88775181,1429.3,14.888541666666667,363.0,54,54,96,26.46851851851852,0.5625
88813210,73.9,18.475,73.0,2,2,4,36.95,0.5
88883891,284.1,5.261111111111112,108.0,33,33,54,8.60909090909091,0.6111111111111112
88919723,26.0,13.0,26.0,1,1,2,26.0,0.5
88921433,586.9,36.68125,550.0,10,10,16,58.69,0.625
88937470,799.8,88.86666666666666,507.0,5,5,9,159.95999999999998,0.5555555555555556
89005236,2270.2,63.0611111111111,1499.0,26,26,36,87.3153846153846,0.7222222222222222
89012535,38.1,9.525,28.0,2,2,4,19.05,0.5
89106156,223.0,44.6,138.0,3,3,5,74.33333333333333,0.6
89161051,317.0,158.5,317.0,1,1,2,317.0,0.5
89202773,2.2,1.1,2.2,1,1,2,2.2,0.5
89211039,0.7,0.35,0.7,1,1,2,0.7,0.5
89226643,173.0,13.307692307692308,78.0,10,10,13,17.3,0.7692307692307693
89229462,8.9,2.966666666666667,8.9,2,2,3,4.45,0.6666666666666666
89245804,0.0,0.0,0.0,2,2,2,0.0,1.0
89255174,8.4,4.2,8.4,1,1,2,8.4,0.5
89262373,41.0,20.5,41.0,1,1,2,41.0,0.5
89270735,3.0,1.5,3.0,1,1,2,3.0,0.5
89286594,95.6,6.373333333333333,48.0,10,10,15,9.559999999999999,0.6666666666666666
89360306,0.0,0.0,0.0,1,1,1,0.0,1.0
89410140,3.1,1.55,3.1,1,1,2,3.1,0.5
89422440,2.9,1.45,2.9,1,1,2,2.9,0.5
89450291,0.1,0.05,0.1,1,1,2,0.1,0.5
89479298,37.4,3.7399999999999998,35.0,5,5,10,7.4799999999999995,0.5
89488150,22.0,11.0,22.0,1,1,2,22.0,0.5
89508629,231.0,115.5,231.0,1,1,2,231.0,0.5
89523414,500.6,4.0048,137.0,72,72,125,6.952777777777778,0.576
89524281,17.3,8.65,17.3,1,1,2,17.3,0.5
89527544,0.3,0.15,0.3,1,1,2,0.3,0.5
89531096,29.8,7.45,15.4,2,2,4,14.9,0.5
89539775,0.0,0.0,0.0,2,2,2,0.0,1.0
89555434,103.4,17.233333333333334,90.0,3,3,6,34.46666666666667,0.5
89559973,216.0,43.2,214.0,3,3,5,72.0,0.6
89564754,54.0,10.8,31.0,3,3,5,18.0,0.6
89618826,0.9,0.45,0.9,1,1,2,0.9,0.5
89623082,54.0,27.0,54.0,1,1,2,54.0,0.5
89648327,1.0,0.3333333333333333,1.0,2,2,3,0.5,0.6666666666666666
89648859,0.5,0.25,0.5,1,1,2,0.5,0.5
89691468,305.5,5.359649122807017,100.0,38,38,57,8.039473684210526,0.6666666666666666
89732768,992.3,19.846,214.0,31,31,50,32.00967741935484,0.62
89752173,16.5,2.357142857142857,13.7,4,4,7,4.125,0.5714285714285714
89803146,2.1,0.42000000000000004,1.9,3,3,5,0.7000000000000001,0.6
89832342,399.0,66.5,210.0,3,3,6,133.0,0.5
89856899,14.2,7.1,14.2,1,1,2,14.2,0.5
89867101,632.0,126.4,632.0,4,4,5,158.0,0.8
89946150,306.0,76.5,297.0,2,2,4,153.0,0.5
89988424,0.0,0.0,0.0,1,1,1,0.0,1.0
90033155,729.0,12.15,286.0,34,34,60,21.441176470588236,0.5666666666666667
90037349,30.5,2.5416666666666665,12.1,6,6,12,5.083333333333333,0.5
90104676,212.8,9.672727272727274,67.0,13,13,22,16.36923076923077,0.5909090909090909
90117736,2098.1,209.81,1104.0,5,5,10,419.62,0.5
90153776,210.0,105.0,210.0,1,1,2,210.0,0.5
90154516,5.7,1.9000000000000001,5.7,2,2,3,2.85,0.6666666666666666
90154893,19.1,4.775,12.3,2,2,4,9.55,0.5
90169163,245.0,122.5,245.0,1,1,2,245.0,0.5
90195299,1.6,0.8,1.6,1,1,2,1.6,0.5
90261045,0.3,0.15,0.3,1,1,2,0.3,0.5
90265311,0.7,0.2333333333333333,0.7,2,2,3,0.35,0.6666666666666666
90272527,2178.8,9.770403587443948,399.0,139,139,223,15.674820143884894,0.6233183856502242
90277291,0.6,0.3,0.6,1,1,2,0.6,0.5
90302081,115.6,12.844444444444443,51.0,5,5,9,23.119999999999997,0.5555555555555556
90304490,44.0,8.8,42.0,3,3,5,14.666666666666666,0.6
90359362,1.1,0.55,1.1,1,1,2,1.1,0.5
90362252,3.5,1.75,3.5,1,1,2,3.5,0.5
90532259,692.0,86.5,319.0,4,4,8,173.0,0.5
90534290,3.1,1.55,3.1,1,1,2,3.1,0.5
90541290,711.7,25.417857142857144,204.0,14,14,28,50.83571428571429,0.5
90571509,101.3,12.6625,98.0,5,5,8,20.259999999999998,0.625
90595186,8.2,1.3666666666666665,5.6,4,4,6,2.05,0.6666666666666666
90626360,1.2,0.3,0.7,2,2,4,0.6,0.5
90650405,179.0,89.5,179.0,1,1,2,179.0,0.5
90672622,2201.4,129.49411764705883,1367.0,10,10,17,220.14000000000001,0.5882352941176471
90685977,241.0,60.25,156.0,2,2,4,120.5,0.5
90711776,180.0,4.5,43.0,27,27,40,6.666666666666667,0.675
90726321,92.9,15.483333333333334,77.0,3,3,6,30.96666666666667,0.5
90735121,0.0,0.0,0.0,2,2,2,0.0,1.0
90786657,2294.0,286.75,977.0,4,4,8,573.5,0.5
90790453,0.1,0.05,0.1,1,1,2,0.1,0.5
90809240,37.3,6.216666666666666,36.0,3,3,6,12.433333333333332,0.5
90815028,4.5,0.9,4.4,3,3,5,1.5,0.6
90851951,0.2,0.1,0.2,1,1,2,0.2,0.5
90857581,1134.0,226.8,1134.0,4,4,5,283.5,0.8
90866995,27.0,13.5,27.0,1,1,2,27.0,0.5
90878103,530.6,88.43333333333334,281.0,3,3,6,176.86666666666667,0.5
90884508,39.6,6.6000000000000005,39.0,3,3,6,13.200000000000001,0.5
90944420,1.4,0.7,1.4,1,1,2,1.4,0.5
90956570,15.3,1.9125,9.8,4,4,8,3.825,0.5
90962335,19.7,9.85,19.7,1,1,2,19.7,0.5
90963310,2.0,1.0,2.0,1,1,2,2.0,0.5
91020997,100.4,20.080000000000002,88.0,3,3,5,33.46666666666667,0.6
91027316,28.0,14.0,28.0,1,1,2,28.0,0.5
91035793,13.5,6.75,13.5,1,1,2,13.5,0.5
91040629,0.0,0.0,0.0,1,1,1,0.0,1.0
91085389,12.8,1.4222222222222223,5.2,6,6,9,2.1333333333333333,0.6666666666666666
91125135,14.2,7.1,14.2,1,1,2,14.2,0.5
91250489,4.2,2.1,4.2,1,1,2,4.2,0.5
91293844,170.3,3.0410714285714286,94.0,37,37,56,4.602702702702703,0.6607142857142857
91303257,1087.8,120.86666666666666,1086.0,6,6,9,181.29999999999998,0.6666666666666666
91405713,126.0,63.0,126.0,1,1,2,126.0,0.5
91467286,3.0,0.75,2.7,2,2,4,1.5,0.5
91479671,3.7,0.74,2.2,3,3,5,1.2333333333333334,0.6
91486768,56.1,14.025,56.0,2,2,4,28.05,0.5
91549286,251.0,125.5,251.0,1,1,2,251.0,0.5
91567150,37.0,18.5,37.0,1,1,2,37.0,0.5
91597624,1.3,0.43333333333333335,1.3,2,2,3,0.65,0.6666666666666666
91627755,52.5,2.9166666666666665,24.0,12,12,18,4.375,0.6666666666666666
91687359,1156.4,115.64000000000001,1070.0,6,6,10,192.73333333333335,0.6
91690667,1669.7,11.515172413793104,509.0,108,108,145,15.460185185185185,0.7448275862068966
91716452,11.3,5.65,11.3,1,1,2,11.3,0.5
91729217,1353.5,35.61842105263158,428.0,21,21,38,64.45238095238095,0.5526315789473685
91736333,26.6,3.325,16.6,6,6,8,4.433333333333334,0.75
91784246,89.0,44.5,89.0,1,1,2,89.0,0.5
91800733,115.1,7.19375,63.0,8,8,16,14.3875,0.5
91807066,1716.4,23.83888888888889,1039.0,44,44,72,39.00909090909091,0.6111111111111112
91815420,24.4,6.1,24.0,2,2,4,12.2,0.5
91828380,69.9,6.99,51.0,5,5,10,13.98,0.5
91859894,2248.2,16.291304347826085,456.0,75,75,138,29.976,0.5434782608695652
91863842,45.0,22.5,45.0,1,1,2,45.0,0.5
91871147,97.2,7.476923076923077,36.0,7,7,13,13.885714285714286,0.5384615384615384
91881892,371.6,46.45,371.0,5,5,8,74.32000000000001,0.625
91883012,395.3,21.961111111111112,118.0,11,11,18,35.93636363636364,0.6111111111111112
91895208,2502.0,625.5,1478.0,2,2,4,1251.0,0.5
91900241,35.3,5.883333333333333,20.0,3,3,6,11.766666666666666,0.5
91912195,164.0,27.333333333333332,82.0,4,4,6,41.0,0.6666666666666666
91952768,282.5,31.38888888888889,211.0,5,5,9,56.5,0.5555555555555556
92010366,52.0,10.4,52.0,4,4,5,13.0,0.8
92024359,12.6,6.3,12.6,1,1,2,12.6,0.5
92025878,363.6,17.314285714285717,229.0,13,13,21,27.96923076923077,0.6190476190476191
92030685,14.3,7.15,14.3,1,1,2,14.3,0.5
92044753,40.0,20.0,40.0,1,1,2,40.0,0.5
92091548,6.8,3.4,6.8,1,1,2,6.8,0.5
92102177,1.6,0.8,1.6,1,1,2,1.6,0.5
92103372,1069.9,213.98000000000002,1060.0,3,3,5,356.6333333333334,0.6
92107940,300.6,15.030000000000001,110.0,11,11,20,27.327272727272728,0.55
92123735,17.0,3.4,11.2,3,3,5,5.666666666666667,0.6
92173524,1.7,0.2833333333333333,1.0,3,3,6,0.5666666666666667,0.5
92250668,29.0,4.833333333333333,16.3,3,3,6,9.666666666666666,0.5
92276000,1166.5,20.112068965517242,208.0,35,35,58,33.32857142857143,0.603448275862069
92294160,4.8,0.7999999999999999,3.1,3,3,6,1.5999999999999999,0.5
92297975,1.8,0.45,1.5,2,2,4,0.9,0.5
92299170,0.4,0.2,0.4,1,1,2,0.4,0.5
92314533,0.1,0.05,0.1,1,1,2,0.1,0.5
92322563,60.0,30.0,60.0,1,1,2,60.0,0.5
92342574,1.1,0.275,0.8,2,2,4,0.55,0.5
92390715,816.0,272.0,816.0,2,2,3,408.0,0.6666666666666666
92393218,2986.6,18.322699386503068,354.0,104,104,163,28.717307692307692,0.6380368098159509
92412666,90.0,30.0,90.0,2,2,3,45.0,0.6666666666666666
92420207,38.8,9.7,26.0,2,2,4,19.4,0.5
92429863,3.9,1.95,3.9,1,1,2,3.9,0.5
92436417,731.0,16.613636363636363,479.0,29,29,44,25.20689655172414,0.6590909090909091
92482012,186.3,13.307142857142859,71.0,7,7,14,26.614285714285717,0.5
92484390,231.0,6.416666666666667,48.0,20,20,36,11.55,0.5555555555555556
92501792,36.0,18.0,36.0,1,1,2,36.0,0.5
92503355,107.7,1.8254237288135593,43.0,41,41,59,2.626829268292683,0.6949152542372882
92542467,40.0,10.0,40.0,3,3,4,13.333333333333334,0.75
92593907,4855.2,20.837768240343348,3289.0,151,151,233,32.15364238410596,0.648068669527897
92595907,214.5,5.3625,66.0,23,23,40,9.326086956521738,0.575
92600849,382.9,29.45384615384615,215.0,8,8,13,47.8625,0.6153846153846154
92612763,2702.6,21.28031496062992,946.0,88,88,127,30.711363636363636,0.6929133858267716
92639430,1111.0,370.3333333333333,1111.0,2,2,3,555.5,0.6666666666666666
92651253,816.0,204.0,527.0,2,2,4,408.0,0.5
92663477,314.7,2.8098214285714285,76.0,66,66,112,4.768181818181818,0.5892857142857143
92669869,26.4,5.279999999999999,21.0,3,3,5,8.799999999999999,0.6
92788681,14.0,3.5,9.1,2,2,4,7.0,0.5
92842632,50.7,7.242857142857143,27.0,4,4,7,12.675,0.5714285714285714
92842809,5.9,1.475,4.8,2,2,4,2.95,0.5
92843672,175.4,25.057142857142857,175.0,4,4,7,43.85,0.5714285714285714
92901130,2470.0,617.5,1456.0,2,2,4,1235.0,0.5
92904111,23.5,2.35,18.0,5,5,10,4.7,0.5
92914917,4483.9,12.959248554913295,3738.0,238,238,346,18.839915966386553,0.6878612716763006
92929791,30.0,4.285714285714286,30.0,6,6,7,5.0,0.8571428571428571
92940732,2130.6,142.04,1899.0,10,10,15,213.06,0.6666666666666666
92958887,128.29999999999998,2.212068965517241,41.0,37,37,58,3.467567567567567,0.6379310344827587
92965596,11.6,0.7733333333333333,4.7,10,10,15,1.16,0.6666666666666666
93021129,127.0,63.5,127.0,1,1,2,127.0,0.5
93030550,290.7,10.382142857142856,202.0,15,15,28,19.38,0.5357142857142857
93034535,33.1,8.275,25.0,2,2,4,16.55,0.5
93054621,193.0,38.6,109.0,3,3,5,64.33333333333333,0.6
93085014,101.0,10.1,60.0,6,6,10,16.833333333333332,0.6
93108463,28.9,2.064285714285714,18.2,7,7,14,4.128571428571428,0.5
93126933,247.4,30.925,177.0,5,5,8,49.480000000000004,0.625
93189271,1878.0,53.65714285714286,1555.0,19,19,35,98.84210526315789,0.5428571428571428
93197620,1.7,0.85,1.7,1,1,2,1.7,0.5
93203004,8.3,4.15,8.3,1,1,2,8.3,0.5
93209414,0.5,0.25,0.5,1,1,2,0.5,0.5
93212858,25.599999999999998,3.1999999999999997,17.7,5,5,8,5.119999999999999,0.625
93221431,3.6,1.8,3.6,1,1,2,3.6,0.5
93259090,101.6,5.976470588235294,49.0,10,10,17,10.16,0.5882352941176471
93263468,0.9,0.45,0.9,1,1,2,0.9,0.5
93269664,12.3,6.15,12.3,1,1,2,12.3,0.5
93275329,1189.7,6.536813186813187,155.0,114,114,182,10.435964912280703,0.6263736263736264
93290614,1760.0,586.6666666666666,1760.0,2,2,3,880.0,0.6666666666666666
93300963,867.5,14.956896551724139,776.0,48,48,58,18.072916666666668,0.8275862068965517
93301496,175.0,87.5,175.0,1,1,2,175.0,0.5
93313267,6.2,1.55,5.3,2,2,4,3.1,0.5
93326304,62.0,31.0,62.0,1,1,2,62.0,0.5
93341815,184.9,3.0816666666666666,60.0,43,43,60,4.3,0.7166666666666667
93345965,239.0,59.75,124.0,2,2,4,119.5,0.5
93350571,28.0,14.0,28.0,1,1,2,28.0,0.5
93405380,0.6,0.3,0.6,1,1,2,0.6,0.5
93413084,2070.6,37.64727272727273,1342.0,34,34,55,60.9,0.6181818181818182
93454114,0.0,0.0,0.0,1,1,1,0.0,1.0
93458820,5.0,2.5,5.0,1,1,2,5.0,0.5
93478035,1651.9,91.77222222222223,1576.0,11,11,18,150.1727272727273,0.6111111111111112
93514355,9.2,2.3,6.3,2,2,4,4.6,0.5
93575977,4.4,2.2,4.4,1,1,2,4.4,0.5
93578126,1648.6,412.15,1648.0,2,2,4,824.3,0.5
93644606,681.6,6.553846153846154,170.0,54,54,104,12.622222222222222,0.5192307692307693
93669877,17.7,2.2125,12.1,4,4,8,4.425,0.5
93697357,15.4,7.7,15.4,1,1,2,15.4,0.5
93724705,188.1,18.81,162.0,5,5,10,37.62,0.5
93745851,0.0,0.0,0.0,2,2,2,0.0,1.0
93774169,0.0,0.0,0.0,1,1,1,0.0,1.0
93812486,634.5,90.64285714285714,624.0,4,4,7,158.625,0.5714285714285714
93882483,693.7,21.678125,156.0,18,18,32,38.53888888888889,0.5625
93907820,358.0,179.0,358.0,1,1,2,358.0,0.5
93950791,5720.0,2860.0,5720.0,1,1,2,5720.0,0.5
93963263,7.2,2.4,7.2,2,2,3,3.6,0.6666666666666666
94019469,554.3,23.09583333333333,491.0,14,14,24,39.59285714285714,0.5833333333333334
94086389,412.0,103.0,249.0,2,2,4,206.0,0.5
94088853,920.4,14.845161290322581,320.0,35,35,62,26.297142857142855,0.5645161290322581
94110492,959.3,8.199145299145298,192.0,72,72,117,13.323611111111111,0.6153846153846154
94120095,1133.3,45.332,1120.0,18,18,25,62.96111111111111,0.72
94142618,9.5,1.5833333333333333,6.7,3,3,6,3.1666666666666665,0.5
94145419,13.9,3.475,13.0,2,2,4,6.95,0.5
94152935,6.4,3.2,6.4,1,1,2,6.4,0.5
94156206,0.0,0.0,0.0,1,1,1,0.0,1.0
94161846,871.8,24.908571428571427,412.0,24,24,35,36.324999999999996,0.6857142857142857
94186745,78.0,39.0,78.0,1,1,2,78.0,0.5
94195027,750.9,20.858333333333334,230.0,20,20,36,37.545,0.5555555555555556
94229851,230.1,12.783333333333333,75.0,10,10,18,23.009999999999998,0.5555555555555556
94231294,91.0,18.2,91.0,4,4,5,22.75,0.8
94234855,181.0,18.1,125.0,7,7,10,25.857142857142858,0.7
94239910,8.4,4.2,8.4,1,1,2,8.4,0.5
94250834,0.4,0.2,0.4,1,1,2,0.4,0.5
94269421,921.8,6.228378378378378,225.0,89,89,148,10.357303370786516,0.6013513513513513
94272610,32.0,10.666666666666666,32.0,2,2,3,16.0,0.6666666666666666
94297466,574.0,114.8,553.0,3,3,5,191.33333333333334,0.6
94299484,692.4,9.616666666666667,184.0,38,38,72,18.221052631578946,0.5277777777777778
94334982,1.3,0.65,1.3,1,1,2,1.3,0.5
94335638,149.0,29.8,149.0,4,4,5,37.25,0.8
94356420,10.7,3.5666666666666664,10.7,2,2,3,5.35,0.6666666666666666
94379559,61.1,8.72857142857143,40.0,4,4,7,15.275,0.5714285714285714
94396146,24.0,12.0,24.0,1,1,2,24.0,0.5
94422408,36.0,18.0,36.0,1,1,2,36.0,0.5
94428876,63.1,3.94375,45.0,9,9,16,7.011111111111111,0.5625
94429644,0.0,0.0,0.0,4,4,4,0.0,1.0
94510414,631.9,37.17058823529412,588.0,12,12,17,52.65833333333333,0.7058823529411765
94521606,88.1,2.318421052631579,20.0,22,22,38,4.004545454545454,0.5789473684210527
94526239,1.9,0.475,1.3,2,2,4,0.95,0.5
94607216,0.8,0.4,0.8,1,1,2,0.8,0.5
94610298,247.0,123.5,247.0,1,1,2,247.0,0.5
94670160,1243.5,51.8125,689.0,13,13,24,95.65384615384616,0.5416666666666666
94675519,0.3,0.15,0.3,1,1,2,0.3,0.5
94689795,59.1,8.442857142857143,53.0,4,4,7,14.775,0.5714285714285714
94690173,3.6,0.5142857142857143,3.5,5,5,7,0.72,0.7142857142857143
94690589,1.3,0.26,1.3,4,4,5,0.325,0.8
94698408,7.0,1.75,4.8,2,2,4,3.5,0.5
94708312,41.1,4.566666666666666,27.0,5,5,9,8.22,0.5555555555555556
94712912,225.9,32.27142857142857,188.0,4,4,7,56.475,0.5714285714285714
94751685,0.0,0.0,0.0,1,1,1,0.0,1.0
94778390,0.0,0.0,0.0,1,1,1,0.0,1.0
94819329,341.0,170.5,341.0,1,1,2,341.0,0.5
94842963,0.0,0.0,0.0,2,2,2,0.0,1.0
94851051,1377.3,35.315384615384616,736.0,24,24,39,57.387499999999996,0.6153846153846154
94858657,0.5,0.25,0.5,1,1,2,0.5,0.5
94862562,7.0,3.5,7.0,1,1,2,7.0,0.5
94865453,0.0,0.0,0.0,2,2,2,0.0,1.0
94908699,374.0,31.166666666666668,329.0,7,7,12,53.42857142857143,0.5833333333333334
94931090,0.0,0.0,0.0,2,2,2,0.0,1.0
94936385,3443.9,20.87212121212121,1411.0,104,104,165,33.114423076923075,0.6303030303030303
94961328,0.0,0.0,0.0,1,1,1,0.0,1.0
94962660,1.7,0.85,1.7,1,1,2,1.7,0.5
94965694,0.0,0.0,0.0,2,2,2,0.0,1.0
94982344,0.0,0.0,0.0,2,2,2,0.0,1.0
94994519,0.5,0.25,0.5,1,1,2,0.5,0.5
95018199,2.2,1.1,2.2,1,1,2,2.2,0.5
95026679,332.0,83.0,298.0,2,2,4,166.0,0.5
95028545,193.4,48.35,193.0,2,2,4,96.7,0.5
95037089,428.2,15.85925925925926,273.0,17,17,27,25.188235294117646,0.6296296296296297
95044091,76.0,5.846153846153846,23.0,7,7,13,10.857142857142858,0.5384615384615384
95059220,614.5,30.725,543.0,10,10,20,61.45,0.5
95071167,0.3,0.15,0.3,1,1,2,0.3,0.5
95084569,159.3,3.3893617021276596,27.0,27,27,47,5.9,0.574468085106383
95103912,0.0,0.0,0.0,1,1,1,0.0,1.0
95132622,6.6,0.5499999999999999,3.4,9,9,12,0.7333333333333333,0.75
95137775,139.2,5.8,34.0,12,12,24,11.6,0.5
95177433,0.3,0.15,0.3,1,1,2,0.3,0.5
95181268,410.1,5.001219512195123,55.0,49,49,82,8.369387755102041,0.5975609756097561
95203343,1.5,0.5,1.5,2,2,3,0.75,0.6666666666666666
95221376,206.0,103.0,206.0,1,1,2,206.0,0.5
95273667,12.3,3.075,11.9,2,2,4,6.15,0.5
95279056,121.7,4.056666666666667,52.0,17,17,30,7.158823529411765,0.5666666666666667
95316727,0.0,0.0,0.0,1,1,1,0.0,1.0
95325409,75.1,2.2088235294117644,34.0,22,22,34,3.4136363636363636,0.6470588235294118
95347493,32.4,8.1,23.0,2,2,4,16.2,0.5
95362226,680.7,136.14000000000001,679.0,3,3,5,226.9,0.6
95363375,92.0,46.0,92.0,1,1,2,92.0,0.5
95369808,56.0,28.0,56.0,1,1,2,56.0,0.5
95380196,105.5,8.115384615384615,31.0,9,9,13,11.722222222222221,0.6923076923076923
95440541,384.7,42.74444444444444,337.0,5,5,9,76.94,0.5555555555555556
95445569,0.0,0.0,0.0,1,1,1,0.0,1.0
95460323,48.0,24.0,48.0,1,1,2,48.0,0.5
95461199,893.3,178.66,893.0,3,3,5,297.76666666666665,0.6
95472968,118.0,59.0,118.0,1,1,2,118.0,0.5
95519970,0.9,0.45,0.9,1,1,2,0.9,0.5
95531306,474.6,11.3,222.0,26,26,42,18.253846153846155,0.6190476190476191
95542056,19.3,9.65,19.3,1,1,2,19.3,0.5
95545167,189.0,94.5,189.0,1,1,2,189.0,0.5
95562622,115.0,57.5,115.0,1,1,2,115.0,0.5
95586525,152.0,38.0,126.0,2,2,4,76.0,0.5
95647760,0.1,0.05,0.1,1,1,2,0.1,0.5
95695156,53.5,1.7258064516129032,29.0,17,17,31,3.1470588235294117,0.5483870967741935
95699780,828.8,6.738211382113821,242.0,72,72,123,11.511111111111111,0.5853658536585366
95747088,2.8,0.7,2.0,2,2,4,1.4,0.5
95758079,5866.0,1955.3333333333333,5866.0,2,2,3,2933.0,0.6666666666666666
95761491,8.8,2.2,8.8,3,3,4,2.9333333333333336,0.75
95780749,49.699999999999996,1.0142857142857142,18.4,34,34,49,1.4617647058823529,0.6938775510204082
95817961,1.2,0.6,1.2,1,1,2,1.2,0.5
95819457,5.5,2.75,5.5,1,1,2,5.5,0.5
95853467,1216.5,55.29545454545455,1021.0,13,13,22,93.57692307692308,0.5909090909090909
95854541,0.0,0.0,0.0,1,1,1,0.0,1.0
95898619,672.7,37.37222222222223,396.0,11,11,18,61.154545454545456,0.6111111111111112
95911580,719.3,21.796969696969697,307.0,20,20,33,35.964999999999996,0.6060606060606061
95918472,1.6,0.8,1.6,1,1,2,1.6,0.5
95924900,0.0,0.0,0.0,5,5,5,0.0,1.0
95930936,41.0,4.1,15.9,5,5,10,8.2,0.5
95996939,560.9,23.370833333333334,303.0,17,17,24,32.99411764705882,0.7083333333333334
96001430,207.0,23.0,207.0,8,8,9,25.875,0.8888888888888888
96014467,2727.6,40.11176470588235,689.0,39,39,68,69.93846153846154,0.5735294117647058
96024806,128.0,32.0,93.0,2,2,4,64.0,0.5
96030847,44.0,11.0,33.0,2,2,4,22.0,0.5
96057546,64.6,16.15,62.0,2,2,4,32.3,0.5
96079217,69.0,34.5,69.0,1,1,2,69.0,0.5
96086538,3.2,1.6,3.2,1,1,2,3.2,0.5
96095486,105.0,52.5,105.0,1,1,2,105.0,0.5
96144791,5.3999999999999995,1.3499999999999999,5.1,2,2,4,2.6999999999999997,0.5
96149161,390.1,65.01666666666667,241.0,3,3,6,130.03333333333333,0.5
96157153,20.0,6.666666666666667,20.0,2,2,3,10.0,0.6666666666666666
96167505,1257.3,73.95882352941176,741.0,9,9,17,139.7,0.5294117647058824
96204317,305.5,11.75,67.0,15,15,26,20.366666666666667,0.5769230769230769
96219642,213.4,53.35,212.0,2,2,4,106.7,0.5
96221495,10.9,5.45,10.9,1,1,2,10.9,0.5
96232797,4.3,2.15,4.3,1,1,2,4.3,0.5
96233348,0.3,0.15,0.3,1,1,2,0.3,0.5
96249915,170.8,4.88,62.0,19,19,35,8.989473684210527,0.5428571428571428
96269099,855.2,142.53333333333333,837.0,3,3,6,285.06666666666666,0.5
96282673,445.1,6.545588235294118,185.0,45,45,68,9.891111111111112,0.6617647058823529
96355913,1.7,0.85,1.7,1,1,2,1.7,0.5
96365222,0.3,0.09999999999999999,0.3,2,2,3,0.15,0.6666666666666666
96400571,3149.9,18.861676646706588,732.0,91,91,167,34.614285714285714,0.5449101796407185
96405427,0.8,0.4,0.8,1,1,2,0.8,0.5
96435667,2.8,1.4,2.8,1,1,2,2.8,0.5
96439660,38.0,19.0,38.0,1,1,2,38.0,0.5
96440794,17.9,4.475,14.4,2,2,4,8.95,0.5
96504332,561.8,62.42222222222222,523.0,5,5,9,112.35999999999999,0.5555555555555556
96515834,18.9,6.3,18.9,2,2,3,9.45,0.6666666666666666
96520565,6.5,2.1666666666666665,6.5,2,2,3,3.25,0.6666666666666666
96536935,2.5,0.625,1.6,2,2,4,1.25,0.5
96556535,2620.0,65.5,2154.0,25,25,40,104.8,0.625
96577636,0.4,0.2,0.4,1,1,2,0.4,0.5
96588736,595.8,3.7708860759493668,62.0,99,99,158,6.018181818181818,0.6265822784810127
96607408,12.3,2.0500000000000003,9.9,3,3,6,4.1000000000000005,0.5
96634230,10.6,5.3,10.6,1,1,2,10.6,0.5
96648859,28.0,14.0,28.0,1,1,2,28.0,0.5
96674283,0.4,0.2,0.4,1,1,2,0.4,0.5
96674526,15.8,3.95,14.9,2,2,4,7.9,0.5
96694736,0.3,0.15,0.3,1,1,2,0.3,0.5
96696864,1108.7,55.435,1042.0,11,11,20,100.7909090909091,0.55
96723015,1.7,0.85,1.7,1,1,2,1.7,0.5
96741968,4.4,2.2,4.4,1,1,2,4.4,0.5
96771844,56.8,8.114285714285714,41.0,4,4,7,14.2,0.5714285714285714
96781711,26.2,6.55,22.0,2,2,4,13.1,0.5
96784845,9.6,4.8,9.6,1,1,2,9.6,0.5
96795319,3.6,1.8,3.6,1,1,2,3.6,0.5
96836693,14.0,0.7777777777777778,12.8,13,13,18,1.0769230769230769,0.7222222222222222
96902425,125.2,9.63076923076923,97.0,8,8,13,15.65,0.6153846153846154
96904911,13.0,6.5,13.0,1,1,2,13.0,0.5
96914675,474.0,8.31578947368421,217.0,33,33,57,14.363636363636363,0.5789473684210527
96963765,1145.0,104.0909090909091,1145.0,10,10,11,114.5,0.9090909090909091
96977722,17.900000000000002,4.4750000000000005,14.8,2,2,4,8.950000000000001,0.5
97006419,1.0,0.5,1.0,1,1,2,1.0,0.5
97017439,104.0,14.857142857142858,104.0,6,6,7,17.333333333333332,0.8571428571428571
97069030,2164.2,86.568,1835.0,13,13,25,166.47692307692307,0.52
97234778,0.0,0.0,0.0,1,1,1,0.0,1.0
97238489,24.0,12.0,24.0,1,1,2,24.0,0.5
97250159,316.0,158.0,316.0,1,1,2,316.0,0.5
97291615,506.0,253.0,506.0,1,1,2,506.0,0.5
97298878,220.6,2.424175824175824,44.0,67,67,91,3.292537313432836,0.7362637362637363
97303314,662.9,82.8625,657.0,5,5,8,132.57999999999998,0.625
97366087,2.4,1.2,2.4,1,1,2,2.4,0.5
97473168,7.5,1.875,7.4,2,2,4,3.75,0.5
97474440,71.1,5.078571428571428,65.0,10,10,14,7.109999999999999,0.7142857142857143
97475059,0.0,0.0,0.0,3,3,3,0.0,1.0
97551807,1.9,0.475,1.0,2,2,4,0.95,0.5
97564287,0.0,0.0,0.0,1,1,1,0.0,1.0
97571329,41.0,20.5,41.0,1,1,2,41.0,0.5
97578013,92.0,46.0,92.0,1,1,2,92.0,0.5
97597061,6.8,3.4,6.8,1,1,2,6.8,0.5
97604502,741.8,92.725,526.0,5,5,8,148.35999999999999,0.625
97614578,2163.6,29.63835616438356,715.0,41,41,73,52.77073170731707,0.5616438356164384
97620507,0.2,0.1,0.2,1,1,2,0.2,0.5
97622055,301.6,25.133333333333336,212.0,8,8,12,37.7,0.6666666666666666
97626507,0.0,0.0,0.0,1,1,1,0.0,1.0
97634356,237.4,10.790909090909091,133.0,14,14,22,16.95714285714286,0.6363636363636364
97659219,364.8,40.53333333333333,363.0,6,6,9,60.800000000000004,0.6666666666666666
97667936,41.300000000000004,2.173684210526316,26.0,11,11,19,3.754545454545455,0.5789473684210527
97686700,43.0,21.5,43.0,1,1,2,43.0,0.5
97743306,222.7,55.675,209.0,2,2,4,111.35,0.5
97782908,295.7,7.991891891891892,98.0,22,22,37,13.44090909090909,0.5945945945945946
97818502,89.6,3.895652173913043,28.0,15,15,23,5.973333333333333,0.6521739130434783
97843739,249.7,11.35,149.0,12,12,22,20.808333333333334,0.5454545454545454
97883175,66.3,11.049999999999999,44.0,3,3,6,22.099999999999998,0.5
97886833,4.3,2.15,4.3,1,1,2,4.3,0.5
97913360,0.0,0.0,0.0,1,1,1,0.0,1.0
97951693,46.0,23.0,46.0,1,1,2,46.0,0.5
98088157,4.3,2.15,4.3,1,1,2,4.3,0.5
98102518,2.7,1.35,2.7,1,1,2,2.7,0.5
98152188,643.0,321.5,643.0,1,1,2,643.0,0.5
98194674,0.0,0.0,0.0,1,1,1,0.0,1.0
98200791,107.0,53.5,107.0,1,1,2,107.0,0.5
98221974,28.0,14.0,28.0,1,1,2,28.0,0.5
98237090,109.2,18.2,70.0,3,3,6,36.4,0.5
98244166,0.3,0.15,0.3,1,1,2,0.3,0.5
98265922,64.2,3.7764705882352945,49.0,10,10,17,6.42,0.5882352941176471
98269934,12.4,6.2,12.4,1,1,2,12.4,0.5
98278869,43.0,21.5,43.0,1,1,2,43.0,0.5
98308239,5144.1,1028.8200000000002,5142.0,3,3,5,1714.7,0.6
98312003,824.4,19.17209302325581,424.0,33,33,43,24.98181818181818,0.7674418604651163
98314911,0.6,0.3,0.6,1,1,2,0.6,0.5
98361644,0.2,0.1,0.2,1,1,2,0.2,0.5
98380332,4.5,2.25,4.5,1,1,2,4.5,0.5
98435340,40.9,10.225,35.0,2,2,4,20.45,0.5
98463542,424.9,38.627272727272725,220.0,6,6,11,70.81666666666666,0.5454545454545454
98479901,337.9,84.475,332.0,2,2,4,168.95,0.5
98561727,86.6,1.732,38.0,29,29,50,2.986206896551724,0.58
98624880,1.5,0.16666666666666666,1.5,8,8,9,0.1875,0.8888888888888888
98624963,1986.6,47.3,1336.0,23,23,42,86.37391304347825,0.5476190476190477
98625085,2.3,1.15,2.3,1,1,2,2.3,0.5
98649241,2025.6,27.37297297297297,853.0,47,47,74,43.09787234042553,0.6351351351351351
98653215,3.3,1.65,3.3,1,1,2,3.3,0.5
98663937,0.8,0.4,0.8,1,1,2,0.8,0.5
98686446,328.4,54.73333333333333,230.0,3,3,6,109.46666666666665,0.5
98789695,0.0,0.0,0.0,1,1,1,0.0,1.0
98796965,0.1,0.05,0.1,1,1,2,0.1,0.5
98805508,344.0,172.0,344.0,1,1,2,344.0,0.5
98818460,743.0,148.6,693.0,3,3,5,247.66666666666666,0.6
98839983,3672.0,1836.0,3672.0,1,1,2,3672.0,0.5
98848653,1377.9,10.057664233576643,334.0,81,81,137,17.011111111111113,0.5912408759124088
98882747,177.0,25.285714285714285,99.0,5,5,7,35.4,0.7142857142857143
98928829,107.2,7.1466666666666665,44.0,8,8,15,13.4,0.5333333333333333
98951804,9.5,4.75,9.5,1,1,2,9.5,0.5
99017037,278.0,46.333333333333336,143.0,3,3,6,92.66666666666667,0.5
99074324,1996.0,998.0,1996.0,1,1,2,1996.0,0.5
99077905,6838.4,24.078873239436618,3309.0,177,177,284,38.63502824858757,0.6232394366197183
99083518,841.9,21.0475,416.0,25,25,40,33.676,0.625
99096740,2447.8,47.073076923076925,1704.0,28,28,52,87.42142857142858,0.5384615384615384
99110207,62.7,4.180000000000001,41.0,10,10,15,6.2700000000000005,0.6666666666666666
99129765,107.7,17.95,95.0,3,3,6,35.9,0.5
99133844,668.3,26.732,471.0,15,15,25,44.55333333333333,0.6
99157622,1.3,0.65,1.3,1,1,2,1.3,0.5
99162218,0.0,0.0,0.0,1,1,1,0.0,1.0
99171164,481.1,20.917391304347827,296.0,13,13,23,37.00769230769231,0.5652173913043478
99189757,1085.0,361.6666666666667,1085.0,2,2,3,542.5,0.6666666666666666
99200665,273.1,68.275,265.0,2,2,4,136.55,0.5
99202472,0.0,0.0,0.0,1,1,1,0.0,1.0
99216273,3.1,1.0333333333333334,3.1,2,2,3,1.55,0.6666666666666666
99244433,1332.2,133.22,466.0,5,5,10,266.44,0.5
99255590,3043.4,117.05384615384615,1815.0,18,18,26,169.07777777777778,0.6923076923076923
99264709,2575.0,9.035087719298245,562.0,167,167,285,15.419161676646707,0.5859649122807018
99285372,0.5,0.25,0.5,1,1,2,0.5,0.5
99303066,0.9,0.18,0.9,4,4,5,0.225,0.8
99304780,0.5,0.25,0.5,1,1,2,0.5,0.5
99329811,0.4,0.2,0.4,1,1,2,0.4,0.5
99355046,1141.2,190.20000000000002,1111.0,3,3,6,380.40000000000003,0.5
99372794,0.0,0.0,0.0,4,4,4,0.0,1.0
99374297,432.5,6.455223880597015,210.0,46,46,67,9.402173913043478,0.6865671641791045
99384490,6.0,1.5,5.2,2,2,4,3.0,0.5
99475738,3.1,1.55,3.1,1,1,2,3.1,0.5
99484728,91.0,10.11111111111111,58.0,5,5,9,18.2,0.5555555555555556
99499409,0.7,0.35,0.7,1,1,2,0.7,0.5
99500959,1.1,0.55,1.1,1,1,2,1.1,0.5
99520124,0.2,0.1,0.2,1,1,2,0.2,0.5
99575517,7.800000000000001,1.3,5.9,3,3,6,2.6,0.5
99609673,1.0,0.5,1.0,1,1,2,1.0,0.5
99613502,80.0,20.0,42.0,2,2,4,40.0,0.5
99616757,11.5,0.2169811320754717,6.8,46,46,53,0.25,0.8679245283018868
99640715,489.3,122.325,487.0,2,2,4,244.65,0.5
99659706,0.4,0.2,0.4,1,1,2,0.4,0.5
99701966,282.4,56.48,282.0,3,3,5,94.13333333333333,0.6
99704390,634.3,21.14333333333333,288.0,17,17,30,37.311764705882354,0.5666666666666667
99711581,58.2,2.7714285714285714,24.0,11,11,21,5.290909090909091,0.5238095238095238
99713453,155.6,5.019354838709678,54.0,19,19,31,8.189473684210526,0.6129032258064516
99723205,240.2,4.803999999999999,67.0,29,29,50,8.282758620689656,0.58
99766416,32.5,3.611111111111111,21.0,5,5,9,6.5,0.5555555555555556
99802512,29.9,4.983333333333333,23.0,4,4,6,7.475,0.6666666666666666
99812428,1.5,0.75,1.5,1,1,2,1.5,0.5
99906508,23.7,5.925,22.0,2,2,4,11.85,0.5
99940330,24.0,12.0,24.0,1,1,2,24.0,0.5
99961115,0.2,0.03333333333333333,0.2,5,5,6,0.04,0.8333333333333334
99992274,6.3,3.15,6.3,1,1,2,6.3,0.5
100012061,0.7,0.35,0.7,1,1,2,0.7,0.5
100053304,36.6,2.8153846153846156,17.0,7,7,13,5.228571428571429,0.5384615384615384
100057229,43.3,4.811111111111111,19.3,5,5,9,8.66,0.5555555555555556
100070732,283.0,25.727272727272727,129.0,7,7,11,40.42857142857143,0.6363636363636364
100096071,706.2,11.969491525423729,159.0,38,38,59,18.58421052631579,0.6440677966101694
100168166,10.7,5.35,10.7,1,1,2,10.7,0.5
100208126,21.0,10.5,21.0,1,1,2,21.0,0.5
100267049,15.2,7.6,15.2,1,1,2,15.2,0.5
100311267,260.9,1.7052287581699346,94.0,95,95,153,2.746315789473684,0.6209150326797386
100322840,366.6,91.65,354.0,2,2,4,183.3,0.5
100351493,174.5,3.292452830188679,36.0,30,30,53,5.816666666666666,0.5660377358490566
100353577,57.0,28.5,57.0,1,1,2,57.0,0.5
100359523,294.3,22.638461538461538,143.0,7,7,13,42.042857142857144,0.5384615384615384
100412579,2.2,1.1,2.2,1,1,2,2.2,0.5
100431715,28.4,1.2909090909090908,11.6,14,14,22,2.0285714285714285,0.6363636363636364
100444456,64.2,5.3500000000000005,37.0,6,6,12,10.700000000000001,0.5
100478352,37.0,18.5,37.0,1,1,2,37.0,0.5
100519466,3584.3,40.73068181818182,2484.0,54,54,88,66.37592592592593,0.6136363636363636
100607499,2.4,0.7999999999999999,2.4,2,2,3,1.2,0.6666666666666666
100616360,1.7,0.85,1.7,1,1,2,1.7,0.5
100630947,10853.2,678.325,10442.0,10,10,16,1085.3200000000002,0.625
100642975,0.0,0.0,0.0,5,5,5,0.0,1.0
100719181,557.3,6.880246913580247,290.0,59,59,81,9.445762711864406,0.7283950617283951
100728962,73.0,36.5,73.0,1,1,2,73.0,0.5
100741663,72.10000000000001,1.6767441860465118,18.1,29,29,43,2.4862068965517246,0.6744186046511628
100767560,11.6,5.8,11.6,1,1,2,11.6,0.5
100769089,257.1,7.790909090909092,114.0,17,17,33,15.123529411764707,0.5151515151515151
100813586,2.4,0.7999999999999999,2.4,2,2,3,1.2,0.6666666666666666
100818860,47.5,2.375,14.9,12,12,20,3.9583333333333335,0.6
100833937,143.4,14.34,65.0,5,5,10,28.68,0.5
100894366,983.1,8.623684210526315,491.0,88,88,114,11.17159090909091,0.7719298245614035
100895530,0.2,0.1,0.2,1,1,2,0.2,0.5
100916842,131.0,14.555555555555555,63.0,6,6,9,21.833333333333332,0.6666666666666666
100942835,1412.0,706.0,1412.0,1,1,2,1412.0,0.5
100944287,0.3,0.15,0.3,1,1,2,0.3,0.5
100993239,264.5,5.75,75.0,30,30,46,8.816666666666666,0.6521739130434783
101000574,400.4,10.82162162162162,122.0,20,20,37,20.02,0.5405405405405406
101022115,53.0,26.5,53.0,1,1,2,53.0,0.5
101030173,4.1,2.05,4.1,1,1,2,4.1,0.5
101040836,0.0,0.0,0.0,1,1,1,0.0,1.0
101122584,2.1,1.05,2.1,1,1,2,2.1,0.5
101138714,0.7,0.35,0.7,1,1,2,0.7,0.5
101142088,835.6,11.769014084507043,252.0,51,51,71,16.3843137254902,0.7183098591549296
101212067,1273.3,41.07419354838709,394.0,19,19,31,67.01578947368421,0.6129032258064516
101240143,0.6,0.3,0.6,1,1,2,0.6,0.5
101248210,797.9,199.475,797.0,2,2,4,398.95,0.5
101304417,13.7,6.85,13.7,1,1,2,13.7,0.5
101315169,3.7,1.85,3.7,1,1,2,3.7,0.5
101339059,4496.4,49.410989010989006,1499.0,61,61,91,73.71147540983605,0.6703296703296703
101355301,0.9,0.45,0.9,1,1,2,0.9,0.5
101369449,406.9,67.81666666666666,395.0,3,3,6,135.63333333333333,0.5
101395260,236.0,59.0,178.0,2,2,4,118.0,0.5
101399037,0.0,0.0,0.0,1,1,1,0.0,1.0
101414179,5982.0,2991.0,5982.0,1,1,2,5982.0,0.5
101447015,1486.0,371.5,970.0,2,2,4,743.0,0.5
101487265,2695.8,449.3,2582.0,3,3,6,898.6,0.5
101507558,251.0,50.2,152.0,3,3,5,83.66666666666667,0.6
101508611,0.6000000000000001,0.15000000000000002,0.4,2,2,4,0.30000000000000004,0.5
101529420,278.8,12.121739130434783,184.0,12,12,23,23.233333333333334,0.5217391304347826
101530848,963.2,14.376119402985076,554.0,36,36,67,26.755555555555556,0.5373134328358209
101552080,241.4,40.233333333333334,190.0,3,3,6,80.46666666666667,0.5
101596530,5232.8,31.907317073170734,672.0,87,87,164,60.14712643678161,0.5304878048780488
101597552,34.0,11.333333333333334,34.0,2,2,3,17.0,0.6666666666666666
101602586,1457.0,14.86734693877551,762.0,68,68,98,21.426470588235293,0.6938775510204082
101638181,4.0,2.0,4.0,1,1,2,4.0,0.5
101641872,1.2,0.6,1.2,1,1,2,1.2,0.5
101655571,1.4,0.7,1.4,1,1,2,1.4,0.5
101656933,598.6,28.504761904761907,428.0,11,11,21,54.41818181818182,0.5238095238095238
101687527,1865.1,12.862758620689654,618.0,80,80,145,23.31375,0.5517241379310345
101690993,1719.3,6.932661290322581,148.0,172,172,248,9.99593023255814,0.6935483870967742
101695880,2463.8,16.53557046979866,1736.0,88,88,149,27.997727272727275,0.5906040268456376
101719689,49.0,7.0,49.0,6,6,7,8.166666666666666,0.8571428571428571
101725007,850.7,15.467272727272729,285.0,31,31,55,27.44193548387097,0.5636363636363636
101731521,15.9,1.4454545454545455,14.0,7,7,11,2.2714285714285714,0.6363636363636364
101756948,7.7,3.85,7.7,1,1,2,7.7,0.5
101774264,6.9,3.45,6.9,1,1,2,6.9,0.5
101777615,0.7,0.35,0.7,1,1,2,0.7,0.5
101777863,37.0,18.5,37.0,1,1,2,37.0,0.5
101803777,1224.3,55.65,1224.0,20,20,22,61.214999999999996,0.9090909090909091
101809411,0.8,0.4,0.8,1,1,2,0.8,0.5
101826973,89.0,44.5,89.0,1,1,2,89.0,0.5
101827664,0.3,0.09999999999999999,0.3,2,2,3,0.15,0.6666666666666666
101865671,0.0,0.0,0.0,3,3,3,0.0,1.0
101878879,1063.9,8.121374045801527,218.0,106,106,131,10.03679245283019,0.8091603053435115
101892097,0.9,0.45,0.9,1,1,2,0.9,0.5
101897182,47.8,11.95,46.0,2,2,4,23.9,0.5
101902528,0.8,0.4,0.8,1,1,2,0.8,0.5
102016550,390.1,6.843859649122807,118.0,33,33,57,11.821212121212122,0.5789473684210527
102048000,9.9,4.95,9.9,1,1,2,9.9,0.5
102066849,48.0,24.0,48.0,1,1,2,48.0,0.5
102111851,2383.5,95.34,2268.0,15,15,25,158.9,0.6
102154135,66.0,13.2,44.0,3,3,5,22.0,0.6
102175618,0.4,0.2,0.4,1,1,2,0.4,0.5
102219798,0.5,0.25,0.5,1,1,2,0.5,0.5
102244595,3.1,1.55,3.1,1,1,2,3.1,0.5
102254281,6.7,3.35,6.7,1,1,2,6.7,0.5
102257546,0.0,0.0,0.0,1,1,1,0.0,1.0
102263723,2391.2,27.485057471264366,1303.0,49,49,87,48.8,0.5632183908045977
102268574,480.3,13.722857142857142,206.0,24,24,35,20.0125,0.6857142857142857
102270213,244.8,7.418181818181819,108.0,18,18,33,13.600000000000001,0.5454545454545454
102295765,1748.7,26.1,538.0,42,42,67,41.635714285714286,0.6268656716417911
102322335,149.0,74.5,149.0,1,1,2,149.0,0.5
102327684,1.4,0.7,1.4,1,1,2,1.4,0.5
102343357,3.2,1.6,3.2,1,1,2,3.2,0.5
102348964,0.1,0.03333333333333333,0.1,2,2,3,0.05,0.6666666666666666
102376253,4785.0,2392.5,4785.0,1,1,2,4785.0,0.5
102454403,304.7,17.923529411764704,221.0,13,13,17,23.43846153846154,0.7647058823529411
102465357,39.7,9.925,35.0,2,2,4,19.85,0.5
102494404,0.0,0.0,0.0,1,1,1,0.0,1.0
102539470,59.2,9.866666666666667,50.0,3,3,6,19.733333333333334,0.5
102540721,4.2,2.1,4.2,1,1,2,4.2,0.5
102543268,12.8,6.4,12.8,1,1,2,12.8,0.5
102552233,196.1,4.669047619047619,66.0,27,27,42,7.262962962962963,0.6428571428571429
102606653,679.0,339.5,679.0,1,1,2,679.0,0.5
102623516,2.1,0.7000000000000001,2.1,2,2,3,1.05,0.6666666666666666
102687513,592.0,31.157894736842106,591.0,17,17,19,34.8235294117647,0.8947368421052632
102740003,45.0,22.5,45.0,1,1,2,45.0,0.5
102796492,3.8,1.9,3.8,1,1,2,3.8,0.5
102799966,0.6,0.3,0.6,1,1,2,0.6,0.5
102825821,1173.5,5.4581395348837205,430.0,136,136,215,8.628676470588236,0.6325581395348837
102831764,401.6,100.4,399.0,2,2,4,200.8,0.5
102834895,1.8,0.9,1.8,1,1,2,1.8,0.5
102836023,860.6,215.15,860.0,2,2,4,430.3,0.5
102838001,28.0,14.0,28.0,1,1,2,28.0,0.5
102866858,36.0,18.0,36.0,1,1,2,36.0,0.5
102921672,93.8,1.488888888888889,25.0,47,47,63,1.9957446808510637,0.746031746031746
102927775,377.0,9.921052631578947,122.0,20,20,38,18.85,0.5263157894736842
102949215,19.1,9.55,19.1,1,1,2,19.1,0.5
102950472,104.0,17.333333333333332,54.0,3,3,6,34.666666666666664,0.5
102971783,737.0,368.5,737.0,1,1,2,737.0,0.5
102988032,8.4,4.2,8.4,1,1,2,8.4,0.5
103012052,1.0,0.5,1.0,1,1,2,1.0,0.5
103034870,0.4,0.2,0.4,1,1,2,0.4,0.5
103093060,1164.0,582.0,1164.0,1,1,2,1164.0,0.5
103093573,721.2,90.15,675.0,4,4,8,180.3,0.5
103171339,4.3,2.15,4.3,1,1,2,4.3,0.5
103235293,30.0,15.0,30.0,1,1,2,30.0,0.5
103260848,5419.3,45.160833333333336,1759.0,62,62,120,87.40806451612903,0.5166666666666667
103326015,18.5,9.25,18.5,1,1,2,18.5,0.5
103363050,32.0,16.0,32.0,1,1,2,32.0,0.5
103371488,1162.4,10.567272727272728,274.0,88,88,110,13.20909090909091,0.8
103373255,31.0,15.5,31.0,1,1,2,31.0,0.5
103411746,17.5,1.4583333333333333,4.7,6,6,12,2.9166666666666665,0.5
103445207,3460.7,41.695180722891564,707.0,47,47,83,73.63191489361702,0.5662650602409639
103520209,9.4,4.7,9.4,1,1,2,9.4,0.5
103523221,13.0,6.5,13.0,1,1,2,13.0,0.5
103559489,0.2,0.06666666666666667,0.2,2,2,3,0.1,0.6666666666666666
103563010,3491.4,139.656,3353.0,13,13,25,268.5692307692308,0.52
103574570,31.1,6.220000000000001,31.0,3,3,5,10.366666666666667,0.6
103604903,0.3,0.15,0.3,1,1,2,0.3,0.5
103620349,7.5,1.875,6.4,2,2,4,3.75,0.5
103624897,746.3,16.961363636363636,123.0,24,24,44,31.09583333333333,0.5454545454545454
103631407,26.0,1.3,21.0,15,15,20,1.7333333333333334,0.75
103638409,1369.6,9.64507042253521,369.0,81,81,142,16.90864197530864,0.5704225352112676
103649913,8.5,0.9444444444444444,6.7,7,7,9,1.2142857142857142,0.7777777777777778
103669953,6.3,1.05,4.7,3,3,6,2.1,0.5
103690917,26.299999999999997,1.3842105263157893,18.4,16,16,19,1.6437499999999998,0.8421052631578947
103691417,40.0,20.0,40.0,1,1,2,40.0,0.5
103705957,3.2,1.6,3.2,1,1,2,3.2,0.5
103729596,240.0,120.0,240.0,1,1,2,240.0,0.5
103731895,1602.1,11.525899280575539,446.0,79,79,139,20.27974683544304,0.5683453237410072
103774615,135.8,16.975,95.0,4,4,8,33.95,0.5
103804924,3772.5,130.08620689655172,3704.0,19,19,29,198.55263157894737,0.6551724137931034
103805799,0.2,0.1,0.2,1,1,2,0.2,0.5
103840115,0.2,0.1,0.2,1,1,2,0.2,0.5
103848468,16.8,0.6,6.3,20,20,28,0.8400000000000001,0.7142857142857143
103890656,706.0,100.85714285714286,706.0,6,6,7,117.66666666666667,0.8571428571428571
103908321,1.1,0.55,1.1,1,1,2,1.1,0.5
103911620,617.5,26.847826086956523,300.0,12,12,23,51.458333333333336,0.5217391304347826
103943711,4.9,2.45,4.9,1,1,2,4.9,0.5
103963922,0.4,0.2,0.4,1,1,2,0.4,0.5
103966604,17.4,8.7,17.4,1,1,2,17.4,0.5
103973922,306.5,76.625,303.0,2,2,4,153.25,0.5
103984034,116.0,29.0,90.0,2,2,4,58.0,0.5
104011576,1.0,0.5,1.0,1,1,2,1.0,0.5
104032602,88.7,8.870000000000001,67.0,5,5,10,17.740000000000002,0.5
104038561,135.0,33.75,68.0,2,2,4,67.5,0.5
104055167,1956.1,88.91363636363636,1169.0,11,11,22,177.8272727272727,0.5
104077418,2.2,1.1,2.2,1,1,2,2.2,0.5
104109817,316.0,39.5,259.0,6,6,8,52.666666666666664,0.75
104120883,466.5,9.147058823529411,156.0,28,28,51,16.660714285714285,0.5490196078431373
104132805,1019.3,254.825,1019.0,2,2,4,509.65,0.5
104151931,181.0,90.5,181.0,1,1,2,181.0,0.5
104159428,234.4,6.1684210526315795,80.0,20,20,38,11.72,0.5263157894736842
104192353,100.4,14.342857142857143,94.0,5,5,7,20.080000000000002,0.7142857142857143
104198014,12.0,3.0,11.0,2,2,4,6.0,0.5
104198851,36.0,18.0,36.0,1,1,2,36.0,0.5
104235320,4.7,2.35,4.7,1,1,2,4.7,0.5
104265574,0.0,0.0,0.0,2,2,2,0.0,1.0
104321718,868.2,124.02857142857144,868.0,5,5,7,173.64000000000001,0.7142857142857143
104358836,30.0,15.0,30.0,1,1,2,30.0,0.5
104380136,0.2,0.05,0.2,3,3,4,0.06666666666666667,0.75
104407519,21.0,10.5,21.0,1,1,2,21.0,0.5
104408704,159.8,19.975,149.0,6,6,8,26.633333333333336,0.75
104418822,514.0,257.0,514.0,1,1,2,514.0,0.5
104418870,38.1,6.3500000000000005,35.0,3,3,6,12.700000000000001,0.5
104470331,2.2,1.1,2.2,1,1,2,2.2,0.5
104543500,271.0,67.75,271.0,3,3,4,90.33333333333333,0.75
104587115,18.8,9.4,18.8,1,1,2,18.8,0.5
104635003,1057.0,151.0,964.0,5,5,7,211.4,0.7142857142857143
104704406,9.6,4.8,9.6,1,1,2,9.6,0.5
104707698,31.2,6.24,18.7,3,3,5,10.4,0.6
104709012,12.3,2.46,12.3,4,4,5,3.075,0.8
104721942,2793.0,147.0,1578.0,12,12,19,232.75,0.631578947368421
104727643,875.5,11.082278481012658,385.0,44,44,79,19.897727272727273,0.5569620253164557
104800393,45.0,22.5,45.0,1,1,2,45.0,0.5
104802064,39.7,6.616666666666667,36.0,3,3,6,13.233333333333334,0.5
104826174,1.7,0.85,1.7,1,1,2,1.7,0.5
104830836,1059.3,25.22142857142857,809.0,24,24,42,44.137499999999996,0.5714285714285714
104870123,1460.2,15.210416666666667,930.0,62,62,96,23.551612903225806,0.6458333333333334
104900462,110.0,55.0,110.0,1,1,2,110.0,0.5
104912720,806.0,403.0,806.0,1,1,2,806.0,0.5
105022811,63.6,15.9,59.0,2,2,4,31.8,0.5
105024602,15.5,2.5833333333333335,10.3,3,3,6,5.166666666666667,0.5
105028982,290.8,36.35,275.0,4,4,8,72.7,0.5
105048330,1.0,0.5,1.0,1,1,2,1.0,0.5
105052833,16.5,8.25,16.5,1,1,2,16.5,0.5
105071117,1.6,0.32,1.6,4,4,5,0.4,0.8
105080654,15.7,7.85,15.7,1,1,2,15.7,0.5
105120044,551.0,275.5,551.0,1,1,2,551.0,0.5
105159791,263.9,8.796666666666665,127.0,16,16,30,16.49375,0.5333333333333333
105159839,1829.0,261.2857142857143,1829.0,6,6,7,304.8333333333333,0.8571428571428571
105186824,3.6999999999999997,0.9249999999999999,3.4,2,2,4,1.8499999999999999,0.5
105243827,1701.3,12.888636363636364,349.0,81,81,132,21.003703703703703,0.6136363636363636
105261470,13.1,6.55,13.1,1,1,2,13.1,0.5
105274697,2489.5,207.45833333333334,921.0,6,6,12,414.9166666666667,0.5
105277989,43.5,1.5535714285714286,17.2,25,25,28,1.74,0.8928571428571429
105289933,0.0,0.0,0.0,3,3,3,0.0,1.0
105361549,154.0,77.0,154.0,1,1,2,154.0,0.5
105384518,2075.9,13.307051282051283,323.0,87,87,156,23.860919540229887,0.5576923076923077
105445346,213.1,4.6326086956521735,102.0,31,31,46,6.874193548387097,0.6739130434782609
105503045,1147.5,4.43050193050193,228.0,150,150,259,7.65,0.5791505791505791
105507326,24.0,12.0,24.0,1,1,2,24.0,0.5
105511340,13.9,6.95,13.9,1,1,2,13.9,0.5
105517470,3.3,1.0999999999999999,3.3,2,2,3,1.65,0.6666666666666666
105585767,219.7,27.4625,109.0,4,4,8,54.925,0.5
105586920,3909.8,122.18125,3695.0,19,19,32,205.77894736842106,0.59375
105590063,15.2,5.066666666666666,15.2,2,2,3,7.6,0.6666666666666666
105632759,15.399999999999999,3.8499999999999996,14.2,2,2,4,7.699999999999999,0.5
105644511,27.0,13.5,27.0,1,1,2,27.0,0.5
105685427,267.0,133.5,267.0,1,1,2,267.0,0.5
105720584,0.4,0.2,0.4,1,1,2,0.4,0.5
105725769,256.2,11.139130434782608,144.0,14,14,23,18.3,0.6086956521739131
105736077,56.2,3.3058823529411767,23.0,9,9,17,6.2444444444444445,0.5294117647058824
105741405,2.8,1.4,2.8,1,1,2,2.8,0.5
105782521,579.2,6.507865168539326,184.0,63,63,89,9.193650793650795,0.7078651685393258
105788297,957.8,68.41428571428571,512.0,7,7,14,136.82857142857142,0.5
105796956,88.0,44.0,88.0,1,1,2,88.0,0.5
105837235,2.0,1.0,2.0,1,1,2,2.0,0.5
105877396,1099.1,7.2788079470198666,555.0,95,95,151,11.569473684210525,0.6291390728476821
105885524,0.0,0.0,0.0,1,1,1,0.0,1.0
105934631,10.3,5.15,10.3,1,1,2,10.3,0.5
105938590,0.7,0.35,0.7,1,1,2,0.7,0.5
105949816,21.0,10.5,21.0,1,1,2,21.0,0.5
106004548,1247.0,623.5,1247.0,1,1,2,1247.0,0.5
106014415,4.4,2.2,4.4,1,1,2,4.4,0.5
106028574,27.0,5.4,27.0,4,4,5,6.75,0.8
106042595,95.0,10.555555555555555,64.0,5,5,9,19.0,0.5555555555555556
106054679,0.2,0.04,0.2,4,4,5,0.05,0.8
106057222,524.4,30.84705882352941,180.0,10,10,17,52.44,0.5882352941176471
106066141,13.2,3.3,7.5,2,2,4,6.6,0.5
106099216,5739.8,441.5230769230769,5483.0,7,7,13,819.9714285714286,0.5384615384615384
106101617,22.0,11.0,22.0,1,1,2,22.0,0.5
106132774,97.3,16.216666666666665,96.0,3,3,6,32.43333333333333,0.5
106147454,852.6,5.83972602739726,99.0,79,79,146,10.79240506329114,0.541095890410959
106147639,0.0,0.0,0.0,2,2,2,0.0,1.0
106170243,217.1,7.236666666666666,81.0,15,15,30,14.473333333333333,0.5
106216084,3.0,1.5,3.0,1,1,2,3.0,0.5
106235885,4.5,0.75,2.2,3,3,6,1.5,0.5
106238372,27.4,4.566666666666666,18.4,3,3,6,9.133333333333333,0.5
106247569,35.0,11.666666666666666,35.0,2,2,3,17.5,0.6666666666666666
106259770,385.2,6.01875,349.0,44,44,64,8.754545454545454,0.6875
106268266,31.0,15.5,31.0,1,1,2,31.0,0.5
106278654,564.0,112.8,526.0,3,3,5,188.0,0.6
106333903,140.0,3.6842105263157894,81.0,27,27,38,5.185185185185185,0.7105263157894737
106340092,209.0,104.5,209.0,1,1,2,209.0,0.5
106346875,65.7,8.2125,55.0,5,5,8,13.14,0.625
106387489,7.0,3.5,7.0,1,1,2,7.0,0.5
106426705,0.4,0.2,0.4,1,1,2,0.4,0.5
106433292,14.7,7.35,14.7,1,1,2,14.7,0.5
106454385,38.0,9.5,32.0,2,2,4,19.0,0.5
106472745,10.1,5.05,10.1,1,1,2,10.1,0.5
106578843,1528.5,101.9,1002.0,10,10,15,152.85,0.6666666666666666
106579434,148.0,74.0,148.0,1,1,2,148.0,0.5
106592046,1107.3,79.09285714285714,1069.0,8,8,14,138.4125,0.5714285714285714
106682261,9.9,2.475,9.3,2,2,4,4.95,0.5
106746754,0.4,0.2,0.4,1,1,2,0.4,0.5
106760673,467.5,6.493055555555555,143.0,42,42,72,11.130952380952381,0.5833333333333334
106796307,1971.3,17.920909090909092,1305.0,66,66,110,29.868181818181817,0.6
106797321,1.7,0.85,1.7,1,1,2,1.7,0.5
106797670,2.0,1.0,2.0,1,1,2,2.0,0.5
106802395,0.0,0.0,0.0,1,1,1,0.0,1.0
106806146,52.1,0.8830508474576272,12.8,37,37,59,1.4081081081081082,0.6271186440677966
106806354,59.0,29.5,59.0,1,1,2,59.0,0.5
106816274,54.5,6.055555555555555,50.0,5,5,9,10.9,0.5555555555555556
106834867,1205.5,18.546153846153846,1043.0,47,47,65,25.648936170212767,0.7230769230769231
106859813,1.5,0.75,1.5,1,1,2,1.5,0.5
106901665,23.8,5.95,21.0,2,2,4,11.9,0.5
106925576,0.30000000000000004,0.07500000000000001,0.2,2,2,4,0.15000000000000002,0.5
106956838,16.0,0.5161290322580645,7.5,25,25,31,0.64,0.8064516129032258
106966738,439.0,62.714285714285715,439.0,6,6,7,73.16666666666667,0.8571428571428571
106980036,758.0,10.82857142857143,451.0,40,40,70,18.95,0.5714285714285714
106986812,89.7,1.446774193548387,26.0,44,44,62,2.0386363636363636,0.7096774193548387
107028289,360.8,27.753846153846155,165.0,7,7,13,51.542857142857144,0.5384615384615384
107049645,601.0,300.5,601.0,1,1,2,601.0,0.5
107097425,46.2,5.775,32.0,4,4,8,11.55,0.5
107107474,150.1,25.016666666666666,120.0,3,3,6,50.03333333333333,0.5
107123140,40.1,2.6733333333333333,25.0,9,9,15,4.455555555555556,0.6
107124480,47.4,3.3857142857142857,43.0,7,7,14,6.771428571428571,0.5
107124497,26.1,1.3736842105263158,10.8,11,11,19,2.372727272727273,0.5789473684210527
107131506,70.0,3.3333333333333335,47.0,11,11,21,6.363636363636363,0.5238095238095238
107160281,17.5,8.75,17.5,1,1,2,17.5,0.5
107241585,11.9,5.95,11.9,1,1,2,11.9,0.5
107256941,78.0,39.0,78.0,1,1,2,78.0,0.5
107273897,1531.6,54.699999999999996,1020.0,20,20,28,76.58,0.7142857142857143
107285166,13.4,6.7,13.4,1,1,2,13.4,0.5
107307955,0.7,0.11666666666666665,0.6,4,4,6,0.175,0.6666666666666666
107324790,1457.0,182.125,462.0,4,4,8,364.25,0.5
107346769,19.0,2.7142857142857144,9.9,4,4,7,4.75,0.5714285714285714
107346948,77.0,38.5,77.0,1,1,2,77.0,0.5
107347684,208.0,104.0,208.0,1,1,2,208.0,0.5
107359794,2.2,1.1,2.2,1,1,2,2.2,0.5
107377573,2209.0,19.208695652173912,775.0,68,68,115,32.48529411764706,0.591304347826087
107383658,28.0,14.0,28.0,1,1,2,28.0,0.5
107417121,44.2,5.525,25.0,4,4,8,11.05,0.5
107452765,462.6,1.9436974789915968,159.0,217,217,238,2.1317972350230416,0.9117647058823529
107475554,8.5,4.25,8.5,1,1,2,8.5,0.5
107476377,1340.1,83.75625,1064.0,9,9,16,148.89999999999998,0.5625
107488920,4.8,2.4,4.8,1,1,2,4.8,0.5
107554143,56.1,7.0125,41.0,4,4,8,14.025,0.5
107567915,333.3,4.504054054054055,100.0,37,37,74,9.00810810810811,0.5
107574541,1596.7,399.175,1596.0,2,2,4,798.35,0.5
107623882,465.1,51.67777777777778,201.0,5,5,9,93.02000000000001,0.5555555555555556
107632182,305.7,30.57,168.0,5,5,10,61.14,0.5
107652130,0.1,0.05,0.1,1,1,2,0.1,0.5
107698030,2.2,1.1,2.2,1,1,2,2.2,0.5
107708102,9.8,4.9,9.8,1,1,2,9.8,0.5
107743243,1010.9,13.128571428571428,337.0,46,46,77,21.976086956521737,0.5974025974025974
107769137,1.7,0.85,1.7,1,1,2,1.7,0.5
107818793,352.7,9.532432432432433,147.0,20,20,37,17.634999999999998,0.5405405405405406
107841348,18.1,1.5083333333333335,13.9,6,6,12,3.016666666666667,0.5
107876972,327.0,81.75,293.0,2,2,4,163.5,0.5
107886872,29.8,7.45,27.0,2,2,4,14.9,0.5
107902370,563.0,93.83333333333333,537.0,4,4,6,140.75,0.6666666666666666
107913460,1376.4,13.363106796116506,178.0,59,59,103,23.328813559322036,0.5728155339805825
107948398,316.0,39.5,228.0,5,5,8,63.2,0.625
107950496,168.4,28.066666666666666,166.0,4,4,6,42.1,0.6666666666666666
107951494,42.1,10.525,42.0,2,2,4,21.05,0.5
107967382,2.9,1.45,2.9,1,1,2,2.9,0.5
107977716,12.200000000000001,2.0333333333333337,7.4,3,3,6,4.066666666666667,0.5
107984181,186.4,10.964705882352941,113.0,10,10,17,18.64,0.5882352941176471
108007732,2220.0,17.903225806451612,1143.0,69,69,124,32.17391304347826,0.5564516129032258
108011380,13.5,6.75,13.5,1,1,2,13.5,0.5
108033629,116.3,29.075,116.0,2,2,4,58.15,0.5
108114779,1808.6,41.10454545454545,1093.0,24,24,44,75.35833333333333,0.5454545454545454
108160472,1133.1,13.024137931034481,480.0,51,51,87,22.217647058823527,0.5862068965517241
108162562,0.1,0.05,0.1,1,1,2,0.1,0.5
108183518,251.0,25.1,251.0,9,9,10,27.88888888888889,0.9
108219790,35.2,8.8,35.0,2,2,4,17.6,0.5
108223505,150.6,6.845454545454545,92.0,16,16,22,9.4125,0.7272727272727273
108241539,0.8,0.4,0.8,1,1,2,0.8,0.5
108264287,825.0,7.051282051282051,230.0,70,70,117,11.785714285714286,0.5982905982905983
108315158,3790.0,1263.3333333333333,3790.0,2,2,3,1895.0,0.6666666666666666
108327674,18.5,9.25,18.5,1,1,2,18.5,0.5
108391103,0.2,0.1,0.2,1,1,2,0.2,0.5
108435168,0.0,0.0,0.0,3,3,3,0.0,1.0
108454875,427.9,19.45,327.0,12,12,22,35.65833333333333,0.5454545454545454
108484523,236.5,47.3,226.0,3,3,5,78.83333333333333,0.6
108493237,0.5,0.25,0.5,1,1,2,0.5,0.5
108511499,14.8,4.933333333333334,14.8,2,2,3,7.4,0.6666666666666666
108512521,44.2,4.911111111111111,32.0,6,6,9,7.366666666666667,0.6666666666666666
108560573,83.8,6.446153846153846,24.0,7,7,13,11.971428571428572,0.5384615384615384
108569990,7.2,0.8,5.0,5,5,9,1.44,0.5555555555555556
108575170,29.8,2.709090909090909,21.0,7,7,11,4.257142857142857,0.6363636363636364
108591170,1.4,0.7,1.4,1,1,2,1.4,0.5
108593099,36.3,9.075,36.0,2,2,4,18.15,0.5
108595389,47.3,1.2128205128205127,30.0,24,24,39,1.9708333333333332,0.6153846153846154
108598510,7.3,3.65,7.3,1,1,2,7.3,0.5
108601099,293.0,146.5,293.0,1,1,2,293.0,0.5
108639015,410.6,19.552380952380954,223.0,12,12,21,34.21666666666667,0.5714285714285714
108714391,12.4,2.066666666666667,8.8,4,4,6,3.1,0.6666666666666666
108726847,0.0,0.0,0.0,7,7,7,0.0,1.0
108727716,3.4,1.7,3.4,1,1,2,3.4,0.5
108750879,1807.5,60.25,758.0,15,15,30,120.5,0.5
108755905,12.2,6.1,12.2,1,1,2,12.2,0.5
108758176,0.4,0.2,0.4,1,1,2,0.4,0.5
108771556,69.0,34.5,69.0,1,1,2,69.0,0.5
108771877,127.0,63.5,127.0,1,1,2,127.0,0.5
108872482,0.0,0.0,0.0,1,1,1,0.0,1.0
108877388,67.5,6.75,61.0,6,6,10,11.25,0.6
108878910,243.3,6.758333333333334,86.0,21,21,36,11.585714285714285,0.5833333333333334
108887922,0.2,0.1,0.2,1,1,2,0.2,0.5
108943853,126.4,5.495652173913044,67.0,16,16,23,7.9,0.6956521739130435
108950666,615.1,9.31969696969697,249.0,51,51,66,12.06078431372549,0.7727272727272727
109165920,424.9,53.1125,370.0,4,4,8,106.225,0.5
109173829,34.2,3.4200000000000004,13.4,6,6,10,5.7,0.6
109175936,997.1,22.157777777777778,436.0,31,31,45,32.16451612903226,0.6888888888888889
109201849,38.699999999999996,1.6124999999999998,12.0,13,13,24,2.9769230769230766,0.5416666666666666
109205612,673.6,7.832558139534884,432.0,58,58,86,11.613793103448277,0.6744186046511628
109207860,728.7,60.725,661.0,7,7,12,104.10000000000001,0.5833333333333334
109271976,0.5,0.25,0.5,1,1,2,0.5,0.5
109278470,76.0,6.333333333333333,75.0,9,9,12,8.444444444444445,0.75
109323647,729.4,182.35,729.0,2,2,4,364.7,0.5
109328586,699.0,349.5,699.0,1,1,2,699.0,0.5
109338714,52.0,26.0,52.0,1,1,2,52.0,0.5
109373866,159.7,14.518181818181818,99.0,6,6,11,26.616666666666664,0.5454545454545454
109393227,2889.0,722.25,2857.0,2,2,4,1444.5,0.5
109446190,0.4,0.2,0.4,1,1,2,0.4,0.5
109446355,900.0,450.0,900.0,1,1,2,900.0,0.5
109458201,387.5,43.05555555555556,338.0,6,6,9,64.58333333333333,0.6666666666666666
109475164,1592.0,796.0,1592.0,1,1,2,1592.0,0.5
109486584,10.1,2.525,10.0,2,2,4,5.05,0.5
109592594,769.7,51.31333333333334,637.0,11,11,15,69.97272727272728,0.7333333333333333
109598076,57.0,5.181818181818182,29.0,7,7,11,8.142857142857142,0.6363636363636364
109655092,31.0,15.5,31.0,1,1,2,31.0,0.5
109660238,1859.0,929.5,1859.0,1,1,2,1859.0,0.5
109669093,472.3,23.615000000000002,225.0,11,11,20,42.93636363636364,0.55
109673465,6.2,3.1,6.2,1,1,2,6.2,0.5
109715095,54.4,1.8758620689655172,46.0,27,27,29,2.0148148148148146,0.9310344827586207
109763455,1564.0,782.0,1564.0,1,1,2,1564.0,0.5
109780632,49.4,2.2454545454545456,20.0,12,12,22,4.116666666666666,0.5454545454545454
109946857,13.5,6.75,13.5,1,1,2,13.5,0.5
109961633,1.3,0.325,0.9,2,2,4,0.65,0.5
109967112,46.5,4.65,27.0,6,6,10,7.75,0.6
109969285,0.9,0.45,0.9,1,1,2,0.9,0.5
109969767,0.2,0.1,0.2,1,1,2,0.2,0.5
110088484,3.7,0.925,3.7,3,3,4,1.2333333333333334,0.75
110095045,37.4,5.3428571428571425,36.0,4,4,7,9.35,0.5714285714285714
110104315,2.6,1.3,2.6,1,1,2,2.6,0.5
110104967,34.5,1.4375,12.0,16,16,24,2.15625,0.6666666666666666
110107925,586.4,22.553846153846152,498.0,18,18,26,32.577777777777776,0.6923076923076923
110121805,0.6,0.3,0.6,1,1,2,0.6,0.5
110150300,3.5,1.75,3.5,1,1,2,3.5,0.5
110160904,315.1,35.01111111111111,239.0,5,5,9,63.02,0.5555555555555556
110174573,42.7,10.675,32.0,2,2,4,21.35,0.5
110194091,831.4,69.28333333333333,680.0,6,6,12,138.56666666666666,0.5
110209964,0.5,0.25,0.5,1,1,2,0.5,0.5
110226344,485.9,53.98888888888889,289.0,5,5,9,97.17999999999999,0.5555555555555556
110238251,192.6,19.259999999999998,72.0,5,5,10,38.519999999999996,0.5
110248234,258.6,25.860000000000003,191.0,6,6,10,43.1,0.6
110268154,80.0,20.0,50.0,2,2,4,40.0,0.5
110268888,0.2,0.1,0.2,1,1,2,0.2,0.5
110304379,41.0,3.4166666666666665,33.0,8,8,12,5.125,0.6666666666666666
110304598,0.8,0.4,0.8,1,1,2,0.8,0.5
110369840,2079.3,27.724000000000004,797.0,43,43,75,48.35581395348838,0.5733333333333334
110397537,116.1,12.899999999999999,53.0,5,5,9,23.22,0.5555555555555556
110412872,24.8,2.2545454545454544,7.8,6,6,11,4.133333333333334,0.5454545454545454
110470534,1060.1,70.67333333333333,913.0,8,8,15,132.5125,0.5333333333333333
110473936,0.0,0.0,0.0,1,1,1,0.0,1.0
110478090,228.5,28.5625,226.0,5,5,8,45.7,0.625
110478743,696.1,9.535616438356165,271.0,41,41,73,16.978048780487807,0.5616438356164384
110480529,0.0,0.0,0.0,2,2,2,0.0,1.0
110489310,206.2,18.745454545454546,63.0,6,6,11,34.36666666666667,0.5454545454545454
110546460,807.0,19.682926829268293,221.0,26,26,41,31.03846153846154,0.6341463414634146
110546832,55.300000000000004,2.212,30.0,15,15,25,3.686666666666667,0.6
110650041,4.1,0.2733333333333333,3.3,11,11,15,0.3727272727272727,0.7333333333333333
110658990,281.3,3.0912087912087913,44.0,49,49,91,5.740816326530613,0.5384615384615384
110708539,3.6,1.8,3.6,1,1,2,3.6,0.5
110761091,100.0,50.0,100.0,1,1,2,100.0,0.5
110776325,580.0,290.0,580.0,1,1,2,580.0,0.5
110814860,4.2,1.05,3.7,2,2,4,2.1,0.5
110824765,1123.8,21.203773584905658,624.0,31,31,53,36.251612903225805,0.5849056603773585
110840027,0.2,0.1,0.2,1,1,2,0.2,0.5
110843185,97.0,16.166666666666668,82.0,3,3,6,32.333333333333336,0.5
110875215,12.8,6.4,12.8,1,1,2,12.8,0.5
110879737,0.1,0.03333333333333333,0.1,2,2,3,0.05,0.6666666666666666
110881546,1687.4,25.96,802.0,43,43,65,39.24186046511628,0.6615384615384615
110881551,8.5,4.25,8.5,1,1,2,8.5,0.5
110895915,30.0,15.0,30.0,1,1,2,30.0,0.5
110899658,900.0,60.0,544.0,10,10,15,90.0,0.6666666666666666
110903956,1.5,0.75,1.5,1,1,2,1.5,0.5
110906645,2131.3,19.553211009174312,866.0,63,63,109,33.830158730158736,0.5779816513761468
110928152,9.2,4.6,9.2,1,1,2,9.2,0.5
110934550,11.2,5.6,11.2,1,1,2,11.2,0.5
110967402,1.9,0.95,1.9,1,1,2,1.9,0.5
110999033,8.0,4.0,8.0,1,1,2,8.0,0.5
111003065,1073.7,38.346428571428575,950.0,16,16,28,67.10625,0.5714285714285714
111003194,2.3,1.15,2.3,1,1,2,2.3,0.5
111003429,1.6,0.8,1.6,1,1,2,1.6,0.5
111044780,139.3,6.056521739130435,106.0,17,17,23,8.194117647058825,0.7391304347826086
111091837,0.9,0.225,0.5,2,2,4,0.45,0.5
111097037,1.0,0.5,1.0,1,1,2,1.0,0.5
111130695,2169.4,31.440579710144927,1763.0,44,44,69,49.304545454545455,0.6376811594202898
111142411,104.0,52.0,104.0,1,1,2,104.0,0.5
111163130,816.0,13.37704918032787,229.0,37,37,61,22.054054054054053,0.6065573770491803
111182405,1308.8,29.745454545454546,1143.0,28,28,44,46.74285714285714,0.6363636363636364
111190541,54.9,10.98,37.0,3,3,5,18.3,0.6
111202525,271.7,30.188888888888886,239.0,5,5,9,54.339999999999996,0.5555555555555556
111212436,708.9,9.088461538461539,115.0,42,42,78,16.878571428571426,0.5384615384615384
111313670,28.0,14.0,28.0,1,1,2,28.0,0.5
111316830,1492.0,41.44444444444444,1395.0,19,19,36,78.52631578947368,0.5277777777777778
111343998,1.1,0.55,1.1,1,1,2,1.1,0.5
111362598,5205.3,82.62380952380953,3252.0,45,45,63,115.67333333333333,0.7142857142857143
111368209,0.8,0.4,0.8,1,1,2,0.8,0.5
111419019,0.6000000000000001,0.15000000000000002,0.4,2,2,4,0.30000000000000004,0.5
111422562,1966.1,50.41282051282051,1543.0,21,21,39,93.62380952380951,0.5384615384615384
111425056,1.1,0.55,1.1,1,1,2,1.1,0.5
111442295,2047.3,29.247142857142858,1537.0,52,52,70,39.371153846153845,0.7428571428571429
111451741,366.0,183.0,366.0,1,1,2,366.0,0.5
111456195,64.0,21.333333333333332,64.0,2,2,3,32.0,0.6666666666666666
111479516,865.0,432.5,865.0,1,1,2,865.0,0.5
111498455,193.8,6.46,70.0,18,18,30,10.766666666666667,0.6
111529766,188.3,18.830000000000002,188.0,7,7,10,26.900000000000002,0.7
111545169,0.0,0.0,0.0,1,1,1,0.0,1.0
111551727,3843.1,37.31165048543689,3085.0,58,58,103,66.26034482758621,0.5631067961165048
111575581,23.0,11.5,23.0,1,1,2,23.0,0.5
111688835,0.0,0.0,0.0,1,1,1,0.0,1.0
111728146,307.0,153.5,307.0,1,1,2,307.0,0.5
111754806,2563.6,12.03568075117371,867.0,130,130,213,19.72,0.6103286384976526
111795034,594.8,59.48,552.0,7,7,10,84.97142857142856,0.7
111804259,1.0,0.5,1.0,1,1,2,1.0,0.5
111820040,92.3,23.075,91.0,2,2,4,46.15,0.5
111953639,40.0,20.0,40.0,1,1,2,40.0,0.5
111970037,155.0,38.75,94.0,2,2,4,77.5,0.5
112084902,29.0,14.5,29.0,1,1,2,29.0,0.5
112085262,1.1,0.55,1.1,1,1,2,1.1,0.5
112088340,159.0,79.5,159.0,1,1,2,159.0,0.5
112089956,0.0,0.0,0.0,2,2,2,0.0,1.0
112110682,927.2,19.316666666666666,499.0,26,26,48,35.66153846153846,0.5416666666666666
112134832,342.0,85.5,342.0,3,3,4,114.0,0.75
112148863,11.700000000000001,2.9250000000000003,10.8,2,2,4,5.8500000000000005,0.5
112192991,1146.0,573.0,1146.0,1,1,2,1146.0,0.5
112199961,730.5,14.908163265306122,171.0,27,27,49,27.055555555555557,0.5510204081632653
112216065,45.0,22.5,45.0,1,1,2,45.0,0.5
112240173,6.3,1.575,4.8,2,2,4,3.15,0.5
112345616,438.2,109.55,431.0,2,2,4,219.1,0.5
112365658,2.6,0.52,2.1,3,3,5,0.8666666666666667,0.6
112376397,622.9,25.954166666666666,408.0,15,15,24,41.526666666666664,0.625
112432049,0.4,0.2,0.4,1,1,2,0.4,0.5
112459307,1078.2,269.55,1075.0,2,2,4,539.1,0.5
112474535,5.5,2.75,5.5,1,1,2,5.5,0.5
112504953,6.0,0.6666666666666666,4.1,5,5,9,1.2,0.5555555555555556
112509160,1.4,0.7,1.4,1,1,2,1.4,0.5
112532182,4.3,2.15,4.3,1,1,2,4.3,0.5
112547463,214.0,21.4,78.0,6,6,10,35.666666666666664,0.6
112566632,1.9,0.95,1.9,1,1,2,1.9,0.5
112584028,1.2,0.6,1.2,1,1,2,1.2,0.5
112590296,2.6,1.3,2.6,1,1,2,2.6,0.5
112613985,0.2,0.1,0.2,1,1,2,0.2,0.5
112626210,577.9,3.6575949367088607,86.0,122,122,158,4.7368852459016395,0.7721518987341772
112647787,2609.0,1304.5,2609.0,1,1,2,2609.0,0.5
112677705,0.2,0.06666666666666667,0.2,2,2,3,0.1,0.6666666666666666
112694811,154.0,77.0,154.0,1,1,2,154.0,0.5
112699561,194.0,97.0,194.0,1,1,2,194.0,0.5
112700700,5.5,2.75,5.5,1,1,2,5.5,0.5
112739159,0.3,0.15,0.3,1,1,2,0.3,0.5
112763045,368.2,9.689473684210526,130.0,27,27,38,13.637037037037036,0.7105263157894737
112764199,0.8,0.4,0.8,1,1,2,0.8,0.5
112774446,0.4,0.2,0.4,1,1,2,0.4,0.5
112784971,2.8,0.7,2.5,2,2,4,1.4,0.5
112845094,5240.8,85.91475409836066,1918.0,37,37,61,141.64324324324326,0.6065573770491803
112849197,2050.1,52.56666666666666,986.0,23,23,39,89.13478260869564,0.5897435897435898
112865325,33.4,4.771428571428571,32.0,5,5,7,6.68,0.7142857142857143
112907304,0.1,0.05,0.1,1,1,2,0.1,0.5
112919409,9.4,4.7,9.4,1,1,2,9.4,0.5
112939816,26.4,2.933333333333333,17.4,6,6,9,4.3999999999999995,0.6666666666666666
112944877,0.4,0.05714285714285715,0.2,4,4,7,0.1,0.5714285714285714
112962796,219.3,18.275000000000002,197.0,7,7,12,31.32857142857143,0.5833333333333334
112986636,77.6,3.3739130434782605,50.0,14,14,23,5.542857142857143,0.6086956521739131
112994491,117.4,5.336363636363637,44.0,13,13,22,9.03076923076923,0.5909090909090909
112999066,32.0,16.0,32.0,1,1,2,32.0,0.5
113015223,182.0,91.0,182.0,1,1,2,182.0,0.5
113039667,216.6,13.5375,117.0,8,8,16,27.075,0.5
113045977,1.1,0.3666666666666667,1.1,2,2,3,0.55,0.6666666666666666
113058136,1.0,0.5,1.0,1,1,2,1.0,0.5
113124720,1338.0,31.11627906976744,1082.0,27,27,43,49.55555555555556,0.627906976744186
113142233,3.2,1.6,3.2,1,1,2,3.2,0.5
113186568,683.4,37.96666666666667,421.0,9,9,18,75.93333333333334,0.5
113196318,2500.1,28.7367816091954,574.0,47,47,87,53.193617021276594,0.5402298850574713
113205285,1.9,0.95,1.9,1,1,2,1.9,0.5
113224251,632.6,21.813793103448276,532.0,17,17,29,37.21176470588235,0.5862068965517241
113227222,1879.2,45.834146341463416,1009.0,22,22,41,85.41818181818182,0.5365853658536586
113260911,1333.8,70.2,598.0,10,10,19,133.38,0.5263157894736842
113268833,89.9,3.457692307692308,45.0,14,14,26,6.421428571428572,0.5384615384615384
113300324,598.4,13.6,243.0,29,29,44,20.63448275862069,0.6590909090909091
113308351,14.1,7.05,14.1,1,1,2,14.1,0.5
113312586,746.2,46.6375,602.0,10,10,16,74.62,0.625
113321644,167.3,18.58888888888889,107.0,5,5,9,33.46,0.5555555555555556
113329678,1.2,0.6,1.2,1,1,2,1.2,0.5
113399673,0.2,0.1,0.2,1,1,2,0.2,0.5
113407067,511.6,127.9,508.0,2,2,4,255.8,0.5
113411607,11.0,5.5,11.0,1,1,2,11.0,0.5
113423671,3177.3,144.4227272727273,2979.0,18,18,22,176.51666666666668,0.8181818181818182
113444723,3749.3,937.325,3744.0,2,2,4,1874.65,0.5
113446397,92.2,23.05,92.0,2,2,4,46.1,0.5
113496097,45.0,15.0,45.0,2,2,3,22.5,0.6666666666666666
113530439,809.0,404.5,809.0,1,1,2,809.0,0.5
113544961,221.9,7.651724137931034,82.0,18,18,29,12.327777777777778,0.6206896551724138
113546110,1377.5,13.775,524.0,66,66,100,20.87121212121212,0.66
113557230,2.1,0.3,1.8,5,5,7,0.42000000000000004,0.7142857142857143
113557935,221.7,20.154545454545453,177.0,7,7,11,31.67142857142857,0.6363636363636364
113570611,211.0,105.5,211.0,1,1,2,211.0,0.5
113580708,211.4,2.9774647887323944,48.0,41,41,71,5.15609756097561,0.5774647887323944
113661299,0.1,0.05,0.1,1,1,2,0.1,0.5
113667989,465.0,35.76923076923077,465.0,12,12,13,38.75,0.9230769230769231
113682800,27.0,13.5,27.0,1,1,2,27.0,0.5
113729479,27.2,2.4727272727272727,11.1,6,6,11,4.533333333333333,0.5454545454545454
113752996,4876.7,21.389035087719297,1428.0,128,128,228,38.09921875,0.5614035087719298
113771004,20.0,5.0,18.9,2,2,4,10.0,0.5
113794086,43.7,10.925,43.0,2,2,4,21.85,0.5
113820072,1.1,0.55,1.1,1,1,2,1.1,0.5
113835971,0.2,0.06666666666666667,0.2,2,2,3,0.1,0.6666666666666666
113857311,0.0,0.0,0.0,1,1,1,0.0,1.0
113868035,375.0,187.5,375.0,1,1,2,375.0,0.5
113910653,15.4,7.7,15.4,1,1,2,15.4,0.5
114000267,1.0,0.1111111111111111,0.4,6,6,9,0.16666666666666666,0.6666666666666666
114017825,298.5,74.625,297.0,2,2,4,149.25,0.5
114024939,1513.7,151.37,533.0,5,5,10,302.74,0.5
114030647,2539.9,22.279824561403508,2380.0,63,63,114,40.31587301587302,0.5526315789473685
114080968,2.5,0.625,2.5,3,3,4,0.8333333333333334,0.75
114092121,1.6,0.8,1.6,1,1,2,1.6,0.5
114112364,3047.0,1523.5,3047.0,1,1,2,3047.0,0.5
114132445,0.9,0.45,0.9,1,1,2,0.9,0.5
114142213,2.3,1.15,2.3,1,1,2,2.3,0.5
114167965,2.4,1.2,2.4,1,1,2,2.4,0.5
114231279,92.0,46.0,92.0,1,1,2,92.0,0.5
114244707,7.2,3.6,7.2,1,1,2,7.2,0.5
114273290,45.0,22.5,45.0,1,1,2,45.0,0.5
114287682,0.8,0.4,0.8,1,1,2,0.8,0.5
114297316,1.7,0.85,1.7,1,1,2,1.7,0.5
114324869,265.9,4.506779661016949,192.0,46,46,59,5.780434782608695,0.7796610169491526
114325392,1.7999999999999998,0.11999999999999998,1.4,12,12,15,0.15,0.8
114332337,0.9,0.45,0.9,1,1,2,0.9,0.5
114343925,21.0,10.5,21.0,1,1,2,21.0,0.5
114364553,22.0,3.142857142857143,16.2,4,4,7,5.5,0.5714285714285714
114416197,0.5,0.25,0.5,1,1,2,0.5,0.5
114431673,969.0,323.0,969.0,2,2,3,484.5,0.6666666666666666
114439892,335.0,167.5,335.0,1,1,2,335.0,0.5
114447625,43.8,5.475,31.0,4,4,8,10.95,0.5
114479142,0.2,0.05,0.2,3,3,4,0.06666666666666667,0.75
114578751,70.3,5.858333333333333,34.0,8,8,12,8.7875,0.6666666666666666
114617787,2671.3,36.59315068493151,2254.0,64,64,73,41.7390625,0.8767123287671232
114620302,7.6,3.8,7.6,1,1,2,7.6,0.5
114632006,2696.3,117.2304347826087,1944.0,15,15,23,179.75333333333336,0.6521739130434783
114635070,92.0,46.0,92.0,1,1,2,92.0,0.5
114637687,292.3,26.572727272727274,230.0,6,6,11,48.71666666666667,0.5454545454545454
114727578,354.4,2.726153846153846,144.0,113,113,130,3.136283185840708,0.8692307692307693
114730998,2.8,1.4,2.8,1,1,2,2.8,0.5
114736887,29.1,7.275,18.5,2,2,4,14.55,0.5
114751336,0.7,0.35,0.7,1,1,2,0.7,0.5
114758044,9.0,4.5,9.0,1,1,2,9.0,0.5
114781347,29.0,14.5,29.0,1,1,2,29.0,0.5
114789855,14.5,7.25,14.5,1,1,2,14.5,0.5
114792785,0.1,0.025,0.1,3,3,4,0.03333333333333333,0.75
114838001,598.0,11.5,508.0,41,41,52,14.585365853658537,0.7884615384615384
114846707,25.099999999999998,5.02,17.4,3,3,5,8.366666666666665,0.6
114872913,2.2,1.1,2.2,1,1,2,2.2,0.5
114881003,2.5,0.625,2.0,2,2,4,1.25,0.5
114899424,32.1,8.025,25.0,2,2,4,16.05,0.5
114912926,1526.7,138.79090909090908,1525.0,7,7,11,218.1,0.6363636363636364
114922862,55.0,27.5,55.0,1,1,2,55.0,0.5
114924461,83.8,3.1037037037037036,40.0,14,14,27,5.985714285714286,0.5185185185185185
114931125,141.0,70.5,141.0,1,1,2,141.0,0.5
114937057,440.7,73.45,390.0,3,3,6,146.9,0.5
114964884,36.0,18.0,36.0,1,1,2,36.0,0.5
114972372,265.0,12.619047619047619,89.0,11,11,21,24.09090909090909,0.5238095238095238
115003799,0.7,0.35,0.7,1,1,2,0.7,0.5
115008799,1608.2,107.21333333333334,1176.0,9,9,15,178.6888888888889,0.6
115019075,32.0,16.0,32.0,1,1,2,32.0,0.5
115037563,534.7,4.997196261682244,145.0,65,65,107,8.226153846153847,0.6074766355140186
115109218,352.0,88.0,217.0,2,2,4,176.0,0.5
115122875,0.1,0.05,0.1,1,1,2,0.1,0.5
115160797,130.0,65.0,130.0,1,1,2,130.0,0.5
115163074,12.5,6.25,12.5,1,1,2,12.5,0.5
115167911,1637.8,16.712244897959184,278.0,54,54,98,30.32962962962963,0.5510204081632653
115192877,421.0,52.625,226.0,4,4,8,105.25,0.5
115242203,8.0,4.0,8.0,1,1,2,8.0,0.5
115249917,0.5,0.25,0.5,1,1,2,0.5,0.5
115275499,8.0,2.0,8.0,3,3,4,2.6666666666666665,0.75
115287826,296.6,42.371428571428574,268.0,4,4,7,74.15,0.5714285714285714
115290202,0.3,0.15,0.3,1,1,2,0.3,0.5
115311682,143.0,71.5,143.0,1,1,2,143.0,0.5
115324976,423.3,84.66,419.0,3,3,5,141.1,0.6
115325355,6.6,1.65,6.0,2,2,4,3.3,0.5
115358376,0.6,0.3,0.6,1,1,2,0.6,0.5
115375178,0.0,0.0,0.0,1,1,1,0.0,1.0
115396529,374.4,46.8,347.0,4,4,8,93.6,0.5
115404202,35.0,17.5,35.0,1,1,2,35.0,0.5
115436501,0.0,0.0,0.0,6,6,6,0.0,1.0
115472935,39.7,9.925,38.0,2,2,4,19.85,0.5
115487966,1317.8,14.975,473.0,49,49,88,26.893877551020406,0.5568181818181818
115494980,0.3,0.15,0.3,1,1,2,0.3,0.5
115558697,5.0,1.0,2.7,3,3,5,1.6666666666666667,0.6
115567288,435.7,33.51538461538461,278.0,9,9,13,48.41111111111111,0.6923076923076923
115571373,104.2,6.946666666666667,61.0,8,8,15,13.025,0.5333333333333333
115602674,2.0,1.0,2.0,1,1,2,2.0,0.5
115632831,1107.8,7.485135135135135,779.0,117,117,148,9.468376068376068,0.7905405405405406
115637271,15.4,3.85,11.3,2,2,4,7.7,0.5
115655987,1396.6,107.43076923076923,601.0,7,7,13,199.5142857142857,0.5384615384615384
115671217,212.6,6.64375,184.0,19,19,32,11.189473684210526,0.59375
115736372,13.8,6.9,13.8,1,1,2,13.8,0.5
115753521,0.0,0.0,0.0,1,1,1,0.0,1.0
115784259,5.1,0.26842105263157895,1.6,13,13,19,0.3923076923076923,0.6842105263157895
115806772,55.7,9.283333333333333,55.0,3,3,6,18.566666666666666,0.5
115813584,0.2,0.1,0.2,1,1,2,0.2,0.5
115821787,38.0,19.0,38.0,1,1,2,38.0,0.5
115826231,4.8,2.4,4.8,1,1,2,4.8,0.5
115918955,3.0999999999999996,0.7749999999999999,2.4,2,2,4,1.5499999999999998,0.5
115958331,74.2,6.183333333333334,57.0,7,7,12,10.6,0.5833333333333334
115959445,30.9,3.09,18.7,5,5,10,6.18,0.5
115990965,3.7,0.925,2.9,2,2,4,1.85,0.5
115996656,2034.0,13.931506849315069,1073.0,91,91,146,22.35164835164835,0.6232876712328768
116000122,923.0,461.5,923.0,1,1,2,923.0,0.5
116024605,529.0,264.5,529.0,1,1,2,529.0,0.5
116038263,42.0,21.0,42.0,1,1,2,42.0,0.5
116085629,80.0,20.0,80.0,3,3,4,26.666666666666668,0.75
116283279,216.0,6.352941176470588,142.0,21,21,34,10.285714285714286,0.6176470588235294
116314616,394.0,197.0,394.0,1,1,2,394.0,0.5
116325720,234.4,6.1684210526315795,119.0,28,28,38,8.371428571428572,0.7368421052631579
116338192,3.5,1.75,3.5,1,1,2,3.5,0.5
116407650,0.0,0.0,0.0,1,1,1,0.0,1.0
116409449,54.0,27.0,54.0,1,1,2,54.0,0.5
116411567,87.0,3.625,40.0,13,13,24,6.6923076923076925,0.5416666666666666
116437770,2144.7,357.45,2132.0,3,3,6,714.9,0.5
116450986,11.4,2.85,11.0,2,2,4,5.7,0.5
116478374,22.5,3.2142857142857144,22.0,4,4,7,5.625,0.5714285714285714
116482142,168.8,10.55,73.0,9,9,16,18.755555555555556,0.5625
116494569,2532.8,56.284444444444446,1899.0,26,26,45,97.41538461538462,0.5777777777777777
116515230,896.6,9.538297872340426,543.0,71,71,94,12.628169014084508,0.7553191489361702
116515529,1.8,0.45,1.7,2,2,4,0.9,0.5
116564064,770.2,2.9623076923076925,69.0,180,180,260,4.278888888888889,0.6923076923076923
116580688,1.1,0.55,1.1,1,1,2,1.1,0.5
116617462,391.4,5.083116883116883,97.0,43,43,77,9.102325581395348,0.5584415584415584
116620161,115.0,57.5,115.0,1,1,2,115.0,0.5
116626402,10.1,5.05,10.1,1,1,2,10.1,0.5
116637302,0.2,0.1,0.2,1,1,2,0.2,0.5
116663350,0.4,0.2,0.4,1,1,2,0.4,0.5
116756674,47.5,11.875,38.0,2,2,4,23.75,0.5
116777928,42.0,14.0,42.0,2,2,3,21.0,0.6666666666666666
116831291,1459.3,243.21666666666667,1343.0,3,3,6,486.43333333333334,0.5
116831920,2.5,1.25,2.5,1,1,2,2.5,0.5
116876958,2824.3,4.730820770519263,1552.0,389,389,597,7.260411311053985,0.6515912897822446
116912767,1025.9,20.936734693877554,176.0,28,28,49,36.63928571428572,0.5714285714285714
116955153,13.4,6.7,13.4,1,1,2,13.4,0.5
116966965,17.1,8.55,17.1,1,1,2,17.1,0.5
116968417,6.7,3.35,6.7,1,1,2,6.7,0.5
117022366,844.5,8.042857142857143,134.0,54,54,105,15.63888888888889,0.5142857142857142
117036229,0.5,0.25,0.5,1,1,2,0.5,0.5
117044529,0.9,0.45,0.9,1,1,2,0.9,0.5
117066456,46.0,23.0,46.0,1,1,2,46.0,0.5
117097969,14.799999999999999,2.1142857142857143,14.1,4,4,7,3.6999999999999997,0.5714285714285714
117106617,5229.0,2614.5,5229.0,1,1,2,5229.0,0.5
117118007,0.8,0.4,0.8,1,1,2,0.8,0.5
117129725,4.4,1.4666666666666668,4.4,2,2,3,2.2,0.6666666666666666
117194705,0.0,0.0,0.0,8,8,8,0.0,1.0
117210908,2.8,1.4,2.8,1,1,2,2.8,0.5
117217039,60.0,20.0,60.0,2,2,3,30.0,0.6666666666666666
117238061,0.7,0.175,0.5,2,2,4,0.35,0.5
117312360,265.2,24.10909090909091,194.0,6,6,11,44.199999999999996,0.5454545454545454
117321969,243.0,48.6,174.0,3,3,5,81.0,0.6
117331659,0.0,0.0,0.0,4,4,4,0.0,1.0
117345810,845.0,8.366336633663366,482.0,77,77,101,10.974025974025974,0.7623762376237624
117370965,576.5,14.4125,218.0,23,23,40,25.065217391304348,0.575
117397132,0.4,0.2,0.4,1,1,2,0.4,0.5
117402082,9.7,1.2125,6.6,4,4,8,2.425,0.5
117414332,0.0,0.0,0.0,1,1,1,0.0,1.0
117435302,0.2,0.1,0.2,1,1,2,0.2,0.5
117463647,1.2,0.6,1.2,1,1,2,1.2,0.5
117469505,0.6,0.3,0.6,1,1,2,0.6,0.5
117483116,0.0,0.0,0.0,1,1,1,0.0,1.0
117488479,4360.7,48.45222222222222,2989.0,53,53,90,82.27735849056603,0.5888888888888889
117529891,383.0,191.5,383.0,1,1,2,383.0,0.5
117531196,787.2,3.611009174311927,71.0,135,135,218,5.831111111111111,0.6192660550458715
117552823,131.4,18.771428571428572,95.0,4,4,7,32.85,0.5714285714285714
117573012,32.0,6.4,29.0,3,3,5,10.666666666666666,0.6
117581255,114.5,14.3125,103.0,4,4,8,28.625,0.5
117601858,1054.8,18.186206896551724,330.0,37,37,58,28.508108108108107,0.6379310344827587
117657402,229.8,12.766666666666667,108.0,11,11,18,20.89090909090909,0.6111111111111112
117663927,187.0,18.7,181.0,5,5,10,37.4,0.5
117695149,5.1,0.6375,2.4,4,4,8,1.275,0.5
117720079,50.0,16.666666666666668,50.0,2,2,3,25.0,0.6666666666666666
117724509,8.4,4.2,8.4,1,1,2,8.4,0.5
117727921,194.0,97.0,194.0,1,1,2,194.0,0.5
117740575,1090.0,545.0,1090.0,1,1,2,1090.0,0.5
117742782,0.4,0.1,0.2,2,2,4,0.2,0.5
117883499,6.0,1.5,4.7,2,2,4,3.0,0.5
117949868,203.1,5.8028571428571425,88.0,18,18,35,11.283333333333333,0.5142857142857142
117970761,0.0,0.0,0.0,1,1,1,0.0,1.0
117974875,0.8,0.4,0.8,1,1,2,0.8,0.5
118031880,137.5,13.75,118.0,8,8,10,17.1875,0.8
118066938,59.9,7.4875,59.0,6,6,8,9.983333333333333,0.75
118086742,35.4,1.9666666666666666,13.7,10,10,18,3.54,0.5555555555555556
118101920,0.0,0.0,0.0,1,1,1,0.0,1.0
118180800,6.8,3.4,6.8,1,1,2,6.8,0.5
118189718,550.5,26.214285714285715,347.0,11,11,21,50.04545454545455,0.5238095238095238
118236431,216.0,108.0,216.0,1,1,2,216.0,0.5
118263812,4.0,2.0,4.0,1,1,2,4.0,0.5
118274084,12.4,1.55,11.5,6,6,8,2.066666666666667,0.75
118301896,12.3,6.15,12.3,1,1,2,12.3,0.5
118360669,63.0,31.5,63.0,1,1,2,63.0,0.5
118374482,0.5,0.25,0.5,1,1,2,0.5,0.5
118427901,85.0,42.5,85.0,1,1,2,85.0,0.5
118433250,56.0,28.0,56.0,1,1,2,56.0,0.5
118437205,144.9,28.98,140.0,3,3,5,48.300000000000004,0.6
118442089,1.0,0.5,1.0,1,1,2,1.0,0.5
118446513,1989.0,994.5,1989.0,1,1,2,1989.0,0.5
118447144,18.1,9.05,18.1,1,1,2,18.1,0.5
118541865,188.8,0.9209756097560976,58.0,169,169,205,1.1171597633136094,0.824390243902439
118544165,0.9,0.45,0.9,1,1,2,0.9,0.5
118554131,1394.3,53.62692307692308,851.0,15,15,26,92.95333333333333,0.5769230769230769
118585913,22.1,1.5785714285714287,18.8,9,9,14,2.4555555555555557,0.6428571428571429
118664413,4.7,0.2611111111111111,1.9,10,10,18,0.47000000000000003,0.5555555555555556
118693656,699.0,233.0,699.0,2,2,3,349.5,0.6666666666666666
118693973,1200.9,19.36935483870968,505.0,37,37,62,32.45675675675676,0.5967741935483871
118695833,135.7,5.654166666666666,52.0,17,17,24,7.98235294117647,0.7083333333333334
118721220,1.8,0.9,1.8,1,1,2,1.8,0.5
118723066,43.3,1.968181818181818,27.0,12,12,22,3.608333333333333,0.5454545454545454
118725402,10.5,2.625,8.4,2,2,4,5.25,0.5
118792304,1539.1,81.00526315789473,571.0,10,10,19,153.91,0.5263157894736842
118808320,0.5,0.25,0.5,1,1,2,0.5,0.5
118834514,0.3,0.15,0.3,1,1,2,0.3,0.5
118838369,1150.4,17.430303030303033,173.0,35,35,66,32.86857142857143,0.5303030303030303
118852041,2877.1,10.577573529411765,720.0,151,151,272,19.05364238410596,0.5551470588235294
118859786,58.1,14.525,57.0,2,2,4,29.05,0.5
118888110,0.2,0.1,0.2,1,1,2,0.2,0.5
118894547,1791.9,162.9,1787.0,8,8,11,223.9875,0.7272727272727273
118920238,206.0,22.88888888888889,150.0,7,7,9,29.428571428571427,0.7777777777777778
118971362,638.2,7.977500000000001,485.0,71,71,80,8.988732394366197,0.8875
118988066,8.0,4.0,8.0,1,1,2,8.0,0.5
118991581,1300.0,260.0,718.0,3,3,5,433.3333333333333,0.6
119103675,361.0,180.5,361.0,1,1,2,361.0,0.5
119170251,41.0,10.25,41.0,3,3,4,13.666666666666666,0.75
119185179,13.5,6.75,13.5,1,1,2,13.5,0.5
119187092,42.0,10.5,26.0,2,2,4,21.0,0.5
119211507,63.0,31.5,63.0,1,1,2,63.0,0.5
119211545,305.6,12.224,241.0,14,14,25,21.82857142857143,0.56
119228046,69.0,17.25,36.0,2,2,4,34.5,0.5
119236075,35.3,2.5214285714285714,15.8,7,7,14,5.042857142857143,0.5
119239620,1315.2,10.355905511811024,248.0,73,73,127,18.016438356164386,0.5748031496062992
119310413,52.0,0.8387096774193549,10.0,35,35,62,1.4857142857142858,0.5645161290322581
119311184,29.0,9.666666666666666,29.0,2,2,3,14.5,0.6666666666666666
119350525,2.6,1.3,2.6,1,1,2,2.6,0.5
119361334,143.4,28.68,141.0,3,3,5,47.800000000000004,0.6
119362603,19.7,9.85,19.7,1,1,2,19.7,0.5
119365702,507.0,84.5,419.0,3,3,6,169.0,0.5
119368216,741.6,43.62352941176471,590.0,9,9,17,82.4,0.5294117647058824
119405428,0.5,0.125,0.5,3,3,4,0.16666666666666666,0.75
119410678,0.0,0.0,0.0,1,1,1,0.0,1.0
119410870,4.5,2.25,4.5,1,1,2,4.5,0.5
119428254,113.4,4.2,65.0,14,14,27,8.1,0.5185185185185185
119430691,887.9,221.975,877.0,2,2,4,443.95,0.5
119530092,42.7,2.1350000000000002,17.1,10,10,20,4.2700000000000005,0.5
119556235,2.9,0.9666666666666667,2.9,2,2,3,1.45,0.6666666666666666
119619506,1729.3,10.609202453987729,766.0,95,95,163,18.20315789473684,0.5828220858895705
119624572,13.600000000000001,2.72,9.8,3,3,5,4.533333333333334,0.6
119625118,1655.0,827.5,1655.0,1,1,2,1655.0,0.5
119626898,743.0,247.66666666666666,743.0,2,2,3,371.5,0.6666666666666666
119670302,915.0,228.75,532.0,2,2,4,457.5,0.5
119675419,133.0,66.5,133.0,1,1,2,133.0,0.5
119721478,14.2,7.1,14.2,1,1,2,14.2,0.5
119723223,52.7,13.175,40.0,2,2,4,26.35,0.5
119829710,0.7999999999999999,0.19999999999999998,0.7,2,2,4,0.39999999999999997,0.5
119835248,519.0,86.5,222.0,3,3,6,173.0,0.5
119906029,38.0,19.0,38.0,1,1,2,38.0,0.5
119909634,59.7,1.6583333333333334,34.0,26,26,36,2.2961538461538464,0.7222222222222222
119937035,4053.6,109.55675675675676,3667.0,21,21,37,193.0285714285714,0.5675675675675675
119949344,326.5,11.258620689655173,227.0,19,19,29,17.18421052631579,0.6551724137931034
119970695,408.0,136.0,408.0,2,2,3,204.0,0.6666666666666666
119971648,54.0,27.0,54.0,1,1,2,54.0,0.5
120055850,0.0,0.0,0.0,1,1,1,0.0,1.0
120066253,3.5,1.1666666666666667,3.5,2,2,3,1.75,0.6666666666666666
120106834,216.5,12.735294117647058,105.0,10,10,17,21.65,0.5882352941176471
120113754,581.3,38.75333333333333,520.0,9,9,15,64.58888888888889,0.6
120116659,2122.0,176.83333333333334,2108.0,7,7,12,303.14285714285717,0.5833333333333334
120139965,12.3,0.3075,2.7,24,24,40,0.5125000000000001,0.6
120141290,0.5,0.25,0.5,1,1,2,0.5,0.5
120143206,56.0,28.0,56.0,1,1,2,56.0,0.5
120164786,570.6,33.56470588235294,210.0,9,9,17,63.400000000000006,0.5294117647058824
120169360,0.0,0.0,0.0,2,2,2,0.0,1.0
120171057,4.9,1.225,2.9,2,2,4,2.45,0.5
120181402,203.6,50.9,193.0,2,2,4,101.8,0.5
120237789,712.9,14.852083333333333,319.0,31,31,48,22.996774193548386,0.6458333333333334
120271188,46.3,11.575,44.0,2,2,4,23.15,0.5
120308479,1115.0,371.6666666666667,1115.0,2,2,3,557.5,0.6666666666666666
120342002,45.0,15.0,45.0,2,2,3,22.5,0.6666666666666666
120377800,31.0,15.5,31.0,1,1,2,31.0,0.5
120405554,0.4,0.2,0.4,1,1,2,0.4,0.5
120420435,349.6,31.781818181818185,343.0,8,8,11,43.7,0.7272727272727273
120421832,1548.9,154.89000000000001,1519.0,6,6,10,258.15000000000003,0.6
120448027,3.1,1.55,3.1,1,1,2,3.1,0.5
120514265,113.0,56.5,113.0,1,1,2,113.0,0.5
120514307,206.4,10.32,56.0,11,11,20,18.763636363636365,0.55
120520430,130.0,26.0,130.0,4,4,5,32.5,0.8
120523185,201.8,1.9980198019801982,48.0,67,67,101,3.011940298507463,0.6633663366336634
120589251,10.5,1.5,10.0,5,5,7,2.1,0.7142857142857143
120606442,1.6,0.8,1.6,1,1,2,1.6,0.5
120630528,13.3,6.65,13.3,1,1,2,13.3,0.5
120639809,136.0,68.0,136.0,1,1,2,136.0,0.5
120650367,0.3,0.15,0.3,1,1,2,0.3,0.5
120668831,49.0,7.0,47.0,4,4,7,12.25,0.5714285714285714
120696775,130.2,7.658823529411764,46.0,9,9,17,14.466666666666665,0.5294117647058824
120698121,0.2,0.1,0.2,1,1,2,0.2,0.5
120725512,3.8,1.9,3.8,1,1,2,3.8,0.5
120725727,5297.8,278.8315789473684,4694.0,13,13,19,407.5230769230769,0.6842105263157895
120740511,2403.0,1201.5,2403.0,1,1,2,2403.0,0.5
120766003,39.7,7.94,37.0,3,3,5,13.233333333333334,0.6
120838793,45.1,3.4692307692307693,30.0,10,10,13,4.51,0.7692307692307693
120852852,3594.3,449.2875,3590.0,5,5,8,718.86,0.625
120853104,0.1,0.05,0.1,1,1,2,0.1,0.5
120952837,2.4,1.2,2.4,1,1,2,2.4,0.5
120955239,2.3,1.15,2.3,1,1,2,2.3,0.5
120970326,8.2,4.1,8.2,1,1,2,8.2,0.5
121075133,1559.0,389.75,843.0,2,2,4,779.5,0.5
121080515,523.3,130.825,523.0,2,2,4,261.65,0.5
121133260,125.8,7.3999999999999995,91.0,9,9,17,13.977777777777778,0.5294117647058824
121137382,4.0,2.0,4.0,1,1,2,4.0,0.5
121150146,4.7,1.175,3.0,2,2,4,2.35,0.5
121154091,3.0,1.5,3.0,1,1,2,3.0,0.5
121168851,69.0,8.625,69.0,7,7,8,9.857142857142858,0.875
121199670,6827.2,1137.8666666666666,6753.0,3,3,6,2275.733333333333,0.5
121207655,65.2,5.927272727272728,64.0,8,8,11,8.15,0.7272727272727273
121225694,0.4,0.2,0.4,1,1,2,0.4,0.5
121240872,0.0,0.0,0.0,1,1,1,0.0,1.0
121248758,570.0,285.0,570.0,1,1,2,570.0,0.5
121255383,13.299999999999999,2.2166666666666663,9.2,3,3,6,4.433333333333333,0.5
121280370,889.1,25.402857142857144,228.0,20,20,35,44.455,0.5714285714285714
121291260,849.2,32.66153846153846,813.0,15,15,26,56.61333333333334,0.5769230769230769
121348667,2.3,1.15,2.3,1,1,2,2.3,0.5
121352371,2442.0,1221.0,2442.0,1,1,2,2442.0,0.5
121360145,3020.1,302.01,2126.0,5,5,10,604.02,0.5
121382416,0.0,0.0,0.0,1,1,1,0.0,1.0
121383308,2.0,1.0,2.0,1,1,2,2.0,0.5
121480841,1.4,0.4666666666666666,1.4,2,2,3,0.7,0.6666666666666666
121481890,6.0,3.0,6.0,1,1,2,6.0,0.5
121497634,3062.6,31.902083333333334,1069.0,56,56,96,54.68928571428571,0.5833333333333334
121523105,1.5,0.375,0.8,2,2,4,0.75,0.5
121531316,1.4,0.35,1.2,2,2,4,0.7,0.5
121535800,6.4,3.2,6.4,1,1,2,6.4,0.5
121573188,141.0,23.5,110.0,4,4,6,35.25,0.6666666666666666
121577821,1903.4,475.85,1884.0,2,2,4,951.7,0.5
121582062,5.2,2.6,5.2,1,1,2,5.2,0.5
121593653,1.0,0.5,1.0,1,1,2,1.0,0.5
121615038,1367.0,195.28571428571428,822.0,4,4,7,341.75,0.5714285714285714
121674532,0.0,0.0,0.0,6,6,6,0.0,1.0
121727972,3.1,1.55,3.1,1,1,2,3.1,0.5
121770429,295.0,147.5,295.0,1,1,2,295.0,0.5
121796986,5.6,2.8,5.6,1,1,2,5.6,0.5
121808566,18.3,3.0500000000000003,9.1,3,3,6,6.1000000000000005,0.5
121809665,39.0,9.75,39.0,3,3,4,13.0,0.75
121865430,2205.3,59.60270270270271,1998.0,22,22,37,100.2409090909091,0.5945945945945946
121884238,109.7,4.062962962962963,26.0,16,16,27,6.85625,0.5925925925925926
121891688,286.0,16.823529411764707,104.0,10,10,17,28.6,0.5882352941176471
121900241,5038.8,296.40000000000003,4217.0,10,10,17,503.88,0.5882352941176471
121989214,68.0,34.0,68.0,1,1,2,68.0,0.5
121999719,37.0,18.5,37.0,1,1,2,37.0,0.5
122021564,54.0,13.5,28.0,2,2,4,27.0,0.5
122026623,3056.3,5.628545119705341,306.0,416,416,543,7.346875000000001,0.7661141804788214
122064686,1.9,0.95,1.9,1,1,2,1.9,0.5
122083909,8.0,4.0,8.0,1,1,2,8.0,0.5
122094388,1557.6,14.159999999999998,510.0,76,76,110,20.49473684210526,0.6909090909090909
122117051,31.1,5.183333333333334,27.0,3,3,6,10.366666666666667,0.5
122117928,179.0,89.5,179.0,1,1,2,179.0,0.5
122118929,17.4,8.7,17.4,1,1,2,17.4,0.5
122162211,15.3,7.65,15.3,1,1,2,15.3,0.5
122188548,15.2,1.9,9.7,5,5,8,3.04,0.625
122189133,1.5,0.75,1.5,1,1,2,1.5,0.5
122189475,2.2,1.1,2.2,1,1,2,2.2,0.5
122212108,3.5,1.75,3.5,1,1,2,3.5,0.5
122216032,1.3,0.1625,0.8,6,6,8,0.21666666666666667,0.75
122226149,411.0,205.5,411.0,1,1,2,411.0,0.5
122274197,1807.0,451.75,1806.0,2,2,4,903.5,0.5
122319388,513.3,85.55,513.0,4,4,6,128.325,0.6666666666666666
122328547,0.9,0.45,0.9,1,1,2,0.9,0.5
122332010,65.6,4.1,25.0,9,9,16,7.288888888888888,0.5625
122444332,125.6,3.3945945945945946,50.0,21,21,37,5.980952380952381,0.5675675675675675
122452753,36.0,18.0,36.0,1,1,2,36.0,0.5
122471552,41.0,13.666666666666666,41.0,2,2,3,20.5,0.6666666666666666
122486775,0.3,0.15,0.3,1,1,2,0.3,0.5
122492047,847.2,56.480000000000004,309.0,9,9,15,94.13333333333334,0.6
122529449,2.2,1.1,2.2,1,1,2,2.2,0.5
122536802,0.9,0.45,0.9,1,1,2,0.9,0.5
122538805,252.7,31.5875,252.0,6,6,8,42.11666666666667,0.75
122551425,1536.6,26.957894736842103,1251.0,34,34,57,45.19411764705882,0.5964912280701754
122552077,1604.0,802.0,1604.0,1,1,2,1604.0,0.5
122563664,19.9,4.975,17.7,2,2,4,9.95,0.5
122579249,0.1,0.05,0.1,1,1,2,0.1,0.5
122620165,1569.2,54.11034482758621,1337.0,20,20,29,78.46000000000001,0.6896551724137931
122658341,590.2,19.038709677419355,407.0,16,16,31,36.8875,0.5161290322580645
122679931,3134.1,32.990526315789474,2522.0,52,52,95,60.271153846153844,0.5473684210526316
122782609,2.1,1.05,2.1,1,1,2,2.1,0.5
122798021,1307.2,12.815686274509805,1001.0,75,75,102,17.429333333333332,0.7352941176470589
122803519,241.0,9.26923076923077,146.0,14,14,26,17.214285714285715,0.5384615384615384
122824133,78.0,19.5,48.0,2,2,4,39.0,0.5
122847338,176.0,22.0,110.0,4,4,8,44.0,0.5
122940861,74.5,12.416666666666666,74.0,4,4,6,18.625,0.6666666666666666
122956129,2074.1,115.22777777777777,700.0,9,9,18,230.45555555555555,0.5
123010581,0.0,0.0,0.0,1,1,1,0.0,1.0
123029327,3.1,1.55,3.1,1,1,2,3.1,0.5
123039887,0.0,0.0,0.0,1,1,1,0.0,1.0
123052194,155.7,25.95,115.0,3,3,6,51.9,0.5
123063251,0.4,0.2,0.4,1,1,2,0.4,0.5
123101539,1621.6,14.350442477876106,247.0,68,68,113,23.84705882352941,0.6017699115044248
123122821,14.5,7.25,14.5,1,1,2,14.5,0.5
123128145,841.0,420.5,841.0,1,1,2,841.0,0.5
123142474,294.0,49.0,149.0,3,3,6,98.0,0.5
123148033,9.1,4.55,9.1,1,1,2,9.1,0.5
123165817,255.6,15.035294117647059,216.0,9,9,17,28.4,0.5294117647058824
123186310,19.1,9.55,19.1,1,1,2,19.1,0.5
123245831,14.5,7.25,14.5,1,1,2,14.5,0.5
123325040,71.8,3.1217391304347823,70.0,19,19,23,3.7789473684210524,0.8260869565217391
123334228,0.0,0.0,0.0,1,1,1,0.0,1.0
123338258,5.1,2.55,5.1,1,1,2,5.1,0.5
123361818,959.0,479.5,959.0,1,1,2,959.0,0.5
123397302,128.5,21.416666666666668,89.0,3,3,6,42.833333333333336,0.5
123422108,0.2,0.1,0.2,1,1,2,0.2,0.5
123423051,0.3,0.15,0.3,1,1,2,0.3,0.5
123435296,1.7,0.85,1.7,1,1,2,1.7,0.5
123449538,27.0,13.5,27.0,1,1,2,27.0,0.5
123461705,490.2,54.46666666666667,488.0,6,6,9,81.7,0.6666666666666666
123483924,1673.7,69.7375,1622.0,14,14,24,119.55,0.5833333333333334
123546767,2.4,1.2,2.4,1,1,2,2.4,0.5
123625432,141.7,2.249206349206349,39.0,39,39,63,3.633333333333333,0.6190476190476191
123627691,8.0,1.0,6.6,6,6,8,1.3333333333333333,0.75
123670509,1309.0,654.5,1309.0,1,1,2,1309.0,0.5
123671395,1291.3,92.23571428571428,1290.0,12,12,14,107.60833333333333,0.8571428571428571
123696203,2567.7,42.794999999999995,1806.0,37,37,60,69.39729729729729,0.6166666666666667
123727087,117.0,58.5,117.0,1,1,2,117.0,0.5
123732393,0.4,0.2,0.4,1,1,2,0.4,0.5
123734483,169.2,2.9172413793103447,91.0,32,32,58,5.2875,0.5517241379310345
123800818,0.0,0.0,0.0,1,1,1,0.0,1.0
123875734,252.2,42.03333333333333,233.0,3,3,6,84.06666666666666,0.5
123904490,190.5,2.8863636363636362,136.0,44,44,66,4.329545454545454,0.6666666666666666
123917008,1301.0,650.5,1301.0,1,1,2,1301.0,0.5
123939009,33.0,6.6,33.0,4,4,5,8.25,0.8
123974970,833.1,29.75357142857143,501.0,15,15,28,55.54,0.5357142857142857
123988363,0.7,0.35,0.7,1,1,2,0.7,0.5
123989127,15.8,7.9,15.8,1,1,2,15.8,0.5
124003951,1747.0,349.4,1747.0,4,4,5,436.75,0.8
124059151,344.5,2.69140625,235.0,113,113,128,3.0486725663716814,0.8828125
124070622,403.2,17.530434782608694,248.0,12,12,23,33.6,0.5217391304347826
124142651,3.6,1.8,3.6,1,1,2,3.6,0.5
124221152,0.0,0.0,0.0,2,2,2,0.0,1.0
124229280,1.7,0.33999999999999997,1.7,4,4,5,0.425,0.8
124234882,284.0,11.36,108.0,14,14,25,20.285714285714285,0.56
124258418,46.0,23.0,46.0,1,1,2,46.0,0.5
124330988,1.8,0.9,1.8,1,1,2,1.8,0.5
124365369,75.0,37.5,75.0,1,1,2,75.0,0.5
124395695,29.0,14.5,29.0,1,1,2,29.0,0.5
124400480,1039.4,25.985000000000003,606.0,22,22,40,47.24545454545455,0.55
124428084,0.8,0.16,0.8,4,4,5,0.2,0.8
124429562,22.0,11.0,22.0,1,1,2,22.0,0.5
124437057,717.8,4.078409090909091,205.0,112,112,176,6.408928571428571,0.6363636363636364
124443679,2824.9,32.847674418604655,1819.0,53,53,86,53.300000000000004,0.6162790697674418
124451578,10.5,5.25,10.5,1,1,2,10.5,0.5
124462762,4.8,0.7999999999999999,2.4,3,3,6,1.5999999999999999,0.5
124525404,27.1,4.516666666666667,21.0,4,4,6,6.775,0.6666666666666666
124537977,181.0,45.25,135.0,2,2,4,90.5,0.5
124540027,2.7,0.45,1.5,4,4,6,0.675,0.6666666666666666
124556386,1720.2,18.3,932.0,69,69,94,24.930434782608696,0.7340425531914894
124566319,2.5,1.25,2.5,1,1,2,2.5,0.5
124570576,5.3,2.65,5.3,1,1,2,5.3,0.5
124595910,1.0,0.5,1.0,1,1,2,1.0,0.5
124641717,2249.9,83.32962962962964,1406.0,15,15,27,149.99333333333334,0.5555555555555556
124651043,974.2,24.355,246.0,23,23,40,42.356521739130436,0.575
124661390,1246.0,623.0,1246.0,1,1,2,1246.0,0.5
124663731,43.3,3.936363636363636,36.0,6,6,11,7.216666666666666,0.5454545454545454
124707605,1379.0,689.5,1379.0,1,1,2,1379.0,0.5
124709414,1002.0,501.0,1002.0,1,1,2,1002.0,0.5
124712421,59.8,4.983333333333333,18.5,6,6,12,9.966666666666667,0.5
124723151,1174.0,587.0,1174.0,1,1,2,1174.0,0.5
124725852,1180.7,4.899170124481328,284.0,150,150,241,7.871333333333333,0.6224066390041494
124739366,1156.0,578.0,1156.0,1,1,2,1156.0,0.5
124763074,964.0,482.0,964.0,1,1,2,964.0,0.5
124776658,473.8,47.38,441.0,5,5,10,94.76,0.5
124777563,2.1,0.7000000000000001,2.1,2,2,3,1.05,0.6666666666666666
124785503,1.0,0.3333333333333333,1.0,2,2,3,0.5,0.6666666666666666
124810250,2855.3,317.2555555555556,1657.0,5,5,9,571.0600000000001,0.5555555555555556
124851136,2.2,1.1,2.2,1,1,2,2.2,0.5
124878949,364.2,19.16842105263158,200.0,12,12,19,30.349999999999998,0.631578947368421
124884511,1447.3,241.21666666666667,1447.0,4,4,6,361.825,0.6666666666666666
124975432,1614.0,807.0,1614.0,1,1,2,1614.0,0.5
124978318,295.0,98.33333333333333,295.0,2,2,3,147.5,0.6666666666666666
124991843,2.0,1.0,2.0,1,1,2,2.0,0.5
125016435,0.6,0.3,0.6,1,1,2,0.6,0.5
125017535,4635.3,44.145714285714284,4021.0,63,63,105,73.57619047619048,0.6
125093638,0.1,0.05,0.1,1,1,2,0.1,0.5
125108218,42.0,14.0,42.0,2,2,3,21.0,0.6666666666666666
125141344,3008.2,158.32631578947368,2956.0,10,10,19,300.82,0.5263157894736842
125145239,148.0,74.0,148.0,1,1,2,148.0,0.5
125153273,51.599999999999994,5.7333333333333325,18.9,5,5,9,10.319999999999999,0.5555555555555556
125191585,7.0,3.5,7.0,1,1,2,7.0,0.5
125198998,7.1,3.55,7.1,1,1,2,7.1,0.5
125226713,517.1,103.42,510.0,3,3,5,172.36666666666667,0.6
125246281,22.299999999999997,3.7166666666666663,12.2,3,3,6,7.433333333333333,0.5
125249652,0.6,0.3,0.6,1,1,2,0.6,0.5
125255679,29.2,7.3,15.7,2,2,4,14.6,0.5
125276746,7.5,3.75,7.5,1,1,2,7.5,0.5
125324040,2681.0,670.25,2666.0,2,2,4,1340.5,0.5
125353580,141.0,23.5,126.0,3,3,6,47.0,0.5
125355604,16.1,8.05,16.1,1,1,2,16.1,0.5
125369057,0.8,0.4,0.8,1,1,2,0.8,0.5
125371499,6.3,3.15,6.3,1,1,2,6.3,0.5
125404736,2.5,0.625,1.9,2,2,4,1.25,0.5
125424716,287.4,11.495999999999999,81.0,13,13,25,22.107692307692307,0.52
125456822,5.4,2.7,5.4,1,1,2,5.4,0.5
125472731,4.7,0.33571428571428574,4.7,13,13,14,0.36153846153846153,0.9285714285714286
125475916,148.0,74.0,148.0,1,1,2,148.0,0.5
125508547,162.0,81.0,162.0,1,1,2,162.0,0.5
125518594,25.0,12.5,25.0,1,1,2,25.0,0.5
125543616,78.0,26.0,78.0,2,2,3,39.0,0.6666666666666666
125546624,0.6,0.3,0.6,1,1,2,0.6,0.5
125552489,0.2,0.1,0.2,1,1,2,0.2,0.5
125559963,1.7,0.85,1.7,1,1,2,1.7,0.5
125589748,28.7,1.5105263157894737,13.1,11,11,19,2.609090909090909,0.5789473684210527
125595162,0.3,0.09999999999999999,0.3,2,2,3,0.15,0.6666666666666666
125654059,1.7,0.85,1.7,1,1,2,1.7,0.5
125682446,2030.5,29.007142857142856,823.0,42,42,70,48.345238095238095,0.6
125699277,57.0,28.5,57.0,1,1,2,57.0,0.5
125718224,116.0,16.571428571428573,68.0,5,5,7,23.2,0.7142857142857143
125718844,1.1,0.55,1.1,1,1,2,1.1,0.5
125718913,7.0,0.5833333333333334,6.1,10,10,12,0.7,0.8333333333333334
125721073,0.3,0.15,0.3,1,1,2,0.3,0.5
125848824,1.2,0.6,1.2,1,1,2,1.2,0.5
125851854,47.0,23.5,47.0,1,1,2,47.0,0.5
125875677,0.0,0.0,0.0,6,6,6,0.0,1.0
125895194,5.8,2.9,5.8,1,1,2,5.8,0.5
125912054,4923.6,182.35555555555558,4617.0,14,14,27,351.6857142857143,0.5185185185185185
125950209,0.1,0.014285714285714287,0.1,6,6,7,0.016666666666666666,0.8571428571428571
125979393,7.5,1.875,4.4,2,2,4,3.75,0.5
126063949,1.2,0.6,1.2,1,1,2,1.2,0.5
126074325,2025.0,506.25,2025.0,3,3,4,675.0,0.75
126098408,300.8,10.742857142857144,107.0,17,17,28,17.694117647058825,0.6071428571428571
126120127,2.3,1.15,2.3,1,1,2,2.3,0.5
126158311,73.0,36.5,73.0,1,1,2,73.0,0.5
126191291,1609.1,10.516993464052288,994.0,101,101,153,15.93168316831683,0.6601307189542484
126200826,298.1,7.643589743589744,196.0,22,22,39,13.55,0.5641025641025641
126231245,0.8,0.4,0.8,1,1,2,0.8,0.5
126233699,0.1,0.05,0.1,1,1,2,0.1,0.5
126269125,1698.3,20.46144578313253,483.0,49,49,83,34.659183673469386,0.5903614457831325
126290232,2.6,0.325,2.1,5,5,8,0.52,0.625
126294907,190.0,95.0,190.0,1,1,2,190.0,0.5
126308758,1.5,0.75,1.5,1,1,2,1.5,0.5
126326205,1.4,0.7,1.4,1,1,2,1.4,0.5
126339247,124.0,62.0,124.0,1,1,2,124.0,0.5
126340495,2770.9,60.23695652173913,1784.0,29,29,46,95.54827586206896,0.6304347826086957
126345126,133.1,9.507142857142856,63.0,9,9,14,14.788888888888888,0.6428571428571429
126372451,253.0,126.5,253.0,1,1,2,253.0,0.5
126388107,4340.0,131.5151515151515,4122.0,19,19,33,228.42105263157896,0.5757575757575758
126402145,16.5,8.25,16.5,1,1,2,16.5,0.5
126425648,388.3,48.5375,287.0,4,4,8,97.075,0.5
126428976,232.5,38.75,206.0,3,3,6,77.5,0.5
126465386,2.9,1.45,2.9,1,1,2,2.9,0.5
126471719,1309.8,52.391999999999996,675.0,15,15,25,87.32,0.6
126522515,1228.3,16.16184210526316,635.0,42,42,76,29.245238095238093,0.5526315789473685
126567484,8.2,4.1,8.2,1,1,2,8.2,0.5
126583867,300.2,75.05,295.0,2,2,4,150.1,0.5
126595775,362.8,6.364912280701755,87.0,37,37,57,9.805405405405406,0.6491228070175439
126602285,0.4,0.2,0.4,1,1,2,0.4,0.5
126622399,170.0,14.166666666666666,170.0,11,11,12,15.454545454545455,0.9166666666666666
126640783,9.9,4.95,9.9,1,1,2,9.9,0.5
126656629,2.4,1.2,2.4,1,1,2,2.4,0.5
126690600,0.2,0.1,0.2,1,1,2,0.2,0.5
126701146,27.7,1.6294117647058823,8.4,9,9,17,3.0777777777777775,0.5294117647058824
126718281,8.1,2.6999999999999997,8.1,2,2,3,4.05,0.6666666666666666
126756731,393.0,98.25,393.0,3,3,4,131.0,0.75
126796140,46.1,2.5611111111111113,18.8,9,9,18,5.122222222222223,0.5
126843636,1.1,0.55,1.1,1,1,2,1.1,0.5
126868138,48.9,6.985714285714286,41.0,4,4,7,12.225,0.5714285714285714
126876615,49.0,24.5,49.0,1,1,2,49.0,0.5
126877285,3.1,0.5166666666666667,1.6,3,3,6,1.0333333333333334,0.5
126883374,0.6,0.3,0.6,1,1,2,0.6,0.5
126887624,631.3,48.56153846153846,620.0,7,7,13,90.18571428571428,0.5384615384615384
126963965,227.0,113.5,227.0,1,1,2,227.0,0.5
126992940,347.4,10.85625,239.0,16,16,32,21.7125,0.5
127058155,2.2,1.1,2.2,1,1,2,2.2,0.5
127072755,1545.0,9.96774193548387,871.0,96,96,155,16.09375,0.6193548387096774
127074858,2531.6,230.14545454545453,2531.0,9,9,11,281.2888888888889,0.8181818181818182
127117386,41.0,3.1538461538461537,31.0,9,9,13,4.555555555555555,0.6923076923076923
127117543,10.8,5.4,10.8,1,1,2,10.8,0.5
127208680,77.3,2.3424242424242423,32.0,20,20,33,3.8649999999999998,0.6060606060606061
127218796,1.1,0.55,1.1,1,1,2,1.1,0.5
127220350,716.7,7.026470588235295,303.0,60,60,102,11.945,0.5882352941176471
127261069,26.9,4.483333333333333,25.0,3,3,6,8.966666666666667,0.5
127272741,4013.1,19.76896551724138,649.0,111,111,203,36.15405405405405,0.5467980295566502
127298726,0.8,0.4,0.8,1,1,2,0.8,0.5
127311699,1277.1,10.915384615384614,514.0,77,77,117,16.585714285714285,0.6581196581196581
127325079,1224.1,61.205,703.0,11,11,20,111.28181818181817,0.55
127335438,1492.5,9.754901960784315,710.0,102,102,153,14.632352941176471,0.6666666666666666
127344335,1599.3,13.787068965517241,1154.0,63,63,116,25.385714285714286,0.5431034482758621
127426141,170.4,5.011764705882353,136.0,24,24,34,7.1000000000000005,0.7058823529411765
127461395,3795.0,948.75,3481.0,2,2,4,1897.5,0.5
127461743,308.4,19.275,177.0,9,9,16,34.266666666666666,0.5625
127475581,3.0,1.5,3.0,1,1,2,3.0,0.5
127541532,33.0,16.5,33.0,1,1,2,33.0,0.5
127555883,227.3,2.806172839506173,98.0,67,67,81,3.392537313432836,0.8271604938271605
127594108,47.0,3.6153846153846154,30.0,7,7,13,6.714285714285714,0.5384615384615384
127603833,2245.0,449.0,1843.0,3,3,5,748.3333333333334,0.6
127606511,0.2,0.1,0.2,1,1,2,0.2,0.5
127628725,1149.3,6.643352601156069,740.0,120,120,173,9.577499999999999,0.6936416184971098
127693647,56.0,28.0,56.0,1,1,2,56.0,0.5
127697304,48.0,24.0,48.0,1,1,2,48.0,0.5
127706455,6.5,3.25,6.5,1,1,2,6.5,0.5
127724511,2.2,1.1,2.2,1,1,2,2.2,0.5
127788996,76.3,4.015789473684211,70.0,16,16,19,4.76875,0.8421052631578947
127796104,982.0,491.0,982.0,1,1,2,982.0,0.5
127797363,0.2,0.1,0.2,1,1,2,0.2,0.5
127813787,32.9,5.483333333333333,18.3,3,3,6,10.966666666666667,0.5
127850470,2222.7,41.9377358490566,424.0,30,30,53,74.08999999999999,0.5660377358490566
127851637,974.0,487.0,974.0,1,1,2,974.0,0.5
127890922,0.1,0.05,0.1,1,1,2,0.1,0.5
127894126,20.7,5.175,18.2,2,2,4,10.35,0.5
127947215,318.0,106.0,318.0,2,2,3,159.0,0.6666666666666666
127948452,12.3,6.15,12.3,1,1,2,12.3,0.5
127974833,4.0,2.0,4.0,1,1,2,4.0,0.5
127977081,5.4,2.7,5.4,1,1,2,5.4,0.5
127987714,20.0,5.0,20.0,3,3,4,6.666666666666667,0.75
127992087,2080.6,63.04848484848485,1267.0,20,20,33,104.03,0.6060606060606061
127992748,11.8,5.9,11.8,1,1,2,11.8,0.5
128019521,25.0,12.5,25.0,1,1,2,25.0,0.5
128025016,85.0,21.25,54.0,2,2,4,42.5,0.5
128034621,12.3,6.15,12.3,1,1,2,12.3,0.5
128065805,5366.0,1341.5,5002.0,2,2,4,2683.0,0.5
128135136,22.0,7.333333333333333,22.0,2,2,3,11.0,0.6666666666666666
128135895,11.6,5.8,11.6,1,1,2,11.6,0.5
128173430,0.0,0.0,0.0,2,2,2,0.0,1.0
128207897,996.0,10.709677419354838,695.0,56,56,93,17.785714285714285,0.6021505376344086
128236624,546.0,68.25,546.0,7,7,8,78.0,0.875
128240584,25.799999999999997,6.449999999999999,17.7,2,2,4,12.899999999999999,0.5
128275106,11.1,5.55,11.1,1,1,2,11.1,0.5
128279487,2.4,1.2,2.4,1,1,2,2.4,0.5
128285073,6.2,3.1,6.2,1,1,2,6.2,0.5
128287411,1285.0,428.3333333333333,1285.0,2,2,3,642.5,0.6666666666666666
128292918,42.0,14.0,42.0,2,2,3,21.0,0.6666666666666666
128297600,66.0,16.5,66.0,3,3,4,22.0,0.75
128319430,20.0,10.0,20.0,1,1,2,20.0,0.5
128329207,33.0,16.5,33.0,1,1,2,33.0,0.5
128329977,0.0,0.0,0.0,1,1,1,0.0,1.0
128335681,0.5,0.25,0.5,1,1,2,0.5,0.5
128342186,498.8,124.7,497.0,2,2,4,249.4,0.5
128412180,1.2,0.6,1.2,1,1,2,1.2,0.5
128430362,6.1,1.525,6.0,2,2,4,3.05,0.5
128470551,426.9,13.340625,291.0,16,16,32,26.68125,0.5
128478373,2.9,1.45,2.9,1,1,2,2.9,0.5
128491811,0.8,0.4,0.8,1,1,2,0.8,0.5
128536244,1.7,0.85,1.7,1,1,2,1.7,0.5
128546479,0.1,0.05,0.1,1,1,2,0.1,0.5
128570709,107.0,35.666666666666664,107.0,2,2,3,53.5,0.6666666666666666
128593044,85.5,1.9,40.0,37,37,45,2.310810810810811,0.8222222222222222
128608678,130.0,14.444444444444445,130.0,8,8,9,16.25,0.8888888888888888
128651888,331.0,5.426229508196721,70.0,35,35,61,9.457142857142857,0.5737704918032787
128653133,50.8,10.16,42.0,3,3,5,16.933333333333334,0.6
128681412,1.8,0.9,1.8,1,1,2,1.8,0.5
128706580,0.2,0.1,0.2,1,1,2,0.2,0.5
128784125,0.5,0.25,0.5,1,1,2,0.5,0.5
128790593,129.0,4.03125,46.0,17,17,32,7.588235294117647,0.53125
128792215,0.0,0.0,0.0,1,1,1,0.0,1.0
128817246,160.0,80.0,160.0,1,1,2,160.0,0.5
128831281,1445.0,722.5,1445.0,1,1,2,1445.0,0.5
128868128,34.0,17.0,34.0,1,1,2,34.0,0.5
128925610,2178.6,36.925423728813556,2092.0,31,31,59,70.27741935483871,0.5254237288135594
128934005,9.600000000000001,1.3714285714285717,7.4,5,5,7,1.9200000000000004,0.7142857142857143
128937352,2.8,1.4,2.8,1,1,2,2.8,0.5
128956830,513.0,85.5,271.0,3,3,6,171.0,0.5
128964236,48.6,6.075,22.0,4,4,8,12.15,0.5
128995325,76.0,38.0,76.0,1,1,2,76.0,0.5
129006700,0.0,0.0,0.0,1,1,1,0.0,1.0
129019336,548.0,274.0,548.0,1,1,2,548.0,0.5
129081996,268.8,12.8,53.0,11,11,21,24.436363636363637,0.5238095238095238
129102620,692.7,49.478571428571435,550.0,7,7,14,98.95714285714287,0.5
129114153,69.6,4.971428571428571,27.0,8,8,14,8.7,0.5714285714285714
129117376,1423.0,6.352678571428571,259.0,123,123,224,11.56910569105691,0.5491071428571429
129128224,0.1,0.05,0.1,1,1,2,0.1,0.5
129162036,1131.0,226.2,1023.0,3,3,5,377.0,0.6
129177552,14.2,7.1,14.2,1,1,2,14.2,0.5
129211317,266.6,16.6625,229.0,9,9,16,29.622222222222224,0.5625
129221732,14.6,7.3,14.6,1,1,2,14.6,0.5
129240163,137.0,27.4,125.0,3,3,5,45.666666666666664,0.6
129240324,3.8,1.9,3.8,1,1,2,3.8,0.5
129272742,30.0,15.0,30.0,1,1,2,30.0,0.5
129300430,144.8,6.581818181818182,95.0,13,13,22,11.13846153846154,0.5909090909090909
129339750,3.7,1.85,3.7,1,1,2,3.7,0.5
129356429,1.8,0.9,1.8,1,1,2,1.8,0.5
129364343,73.8,3.3545454545454545,45.0,13,13,22,5.676923076923076,0.5909090909090909
129371925,489.4,44.49090909090909,355.0,6,6,11,81.56666666666666,0.5454545454545454
129391396,260.1,10.8375,167.0,12,12,24,21.675,0.5
129425022,8.3,2.075,8.3,3,3,4,2.766666666666667,0.75
129449377,10.4,5.2,10.4,1,1,2,10.4,0.5
129452387,11.1,3.6999999999999997,11.1,2,2,3,5.55,0.6666666666666666
129466241,3.1,1.0333333333333334,3.1,2,2,3,1.55,0.6666666666666666
129478138,47.0,0.8103448275862069,22.0,47,47,58,1.0,0.8103448275862069
129478920,1851.0,617.0,1851.0,2,2,3,925.5,0.6666666666666666
129501816,333.0,13.875,133.0,13,13,24,25.615384615384617,0.5416666666666666
129520075,97.8,8.15,77.0,6,6,12,16.3,0.5
129522238,110.0,36.666666666666664,110.0,2,2,3,55.0,0.6666666666666666
129525006,0.5,0.25,0.5,1,1,2,0.5,0.5
129585692,0.1,0.05,0.1,1,1,2,0.1,0.5
129602040,16.1,8.05,16.1,1,1,2,16.1,0.5
129634406,146.1,36.525,145.0,2,2,4,73.05,0.5
129647095,0.8,0.4,0.8,1,1,2,0.8,0.5
129659946,158.0,39.5,96.0,2,2,4,79.0,0.5
129704982,145.6,29.119999999999997,143.0,3,3,5,48.53333333333333,0.6
129720834,0.0,0.0,0.0,1,1,1,0.0,1.0
129724065,107.0,53.5,107.0,1,1,2,107.0,0.5
129743598,10.1,5.05,10.1,1,1,2,10.1,0.5
129762577,10.7,5.35,10.7,1,1,2,10.7,0.5
129795122,1.0,0.25,0.5,2,2,4,0.5,0.5
129796010,1.6,0.8,1.6,1,1,2,1.6,0.5
129808247,7.7,3.85,7.7,1,1,2,7.7,0.5
129825010,0.3,0.15,0.3,1,1,2,0.3,0.5
129862640,50.0,25.0,50.0,1,1,2,50.0,0.5
129873202,108.0,54.0,108.0,1,1,2,108.0,0.5
129885479,0.8,0.4,0.8,1,1,2,0.8,0.5
129910954,0.1,0.05,0.1,1,1,2,0.1,0.5
129922806,11.8,5.9,11.8,1,1,2,11.8,0.5
129925351,2297.8,52.222727272727276,1158.0,28,28,44,82.06428571428572,0.6363636363636364
129926253,2292.3,382.05,2292.0,4,4,6,573.075,0.6666666666666666
129928069,64.0,32.0,64.0,1,1,2,64.0,0.5
129966650,667.4,25.66923076923077,563.0,15,15,26,44.49333333333333,0.5769230769230769
129982462,1.4,0.7,1.4,1,1,2,1.4,0.5
130021142,14.2,3.55,7.4,2,2,4,7.1,0.5
130029851,2.0,1.0,2.0,1,1,2,2.0,0.5
130051338,1601.2,84.27368421052631,1566.0,12,12,19,133.43333333333334,0.631578947368421
130057540,848.0,141.33333333333334,648.0,3,3,6,282.6666666666667,0.5
130062637,14.1,7.05,14.1,1,1,2,14.1,0.5
130133036,110.0,55.0,110.0,1,1,2,110.0,0.5
130145396,50.0,25.0,50.0,1,1,2,50.0,0.5
130146848,6.699999999999999,1.6749999999999998,6.6,2,2,4,3.3499999999999996,0.5
130201800,745.0,32.391304347826086,341.0,13,13,23,57.30769230769231,0.5652173913043478
130247011,3.6,1.8,3.6,1,1,2,3.6,0.5
130280718,180.7,5.475757575757576,68.0,18,18,33,10.038888888888888,0.5454545454545454
130290346,0.6,0.3,0.6,1,1,2,0.6,0.5
130299876,101.0,25.25,54.0,2,2,4,50.5,0.5
130303679,0.3,0.023076923076923075,0.3,12,12,13,0.024999999999999998,0.9230769230769231
130312302,549.9,3.792413793103448,107.0,90,90,145,6.109999999999999,0.6206896551724138
130315685,0.5,0.25,0.5,1,1,2,0.5,0.5
130324181,1567.2,24.4875,732.0,41,41,64,38.22439024390244,0.640625
130342360,391.4,97.85,380.0,2,2,4,195.7,0.5
130351904,37.6,3.4181818181818184,15.4,6,6,11,6.266666666666667,0.5454545454545454
130369238,708.0,22.838709677419356,303.0,17,17,31,41.64705882352941,0.5483870967741935
130378178,400.0,200.0,400.0,1,1,2,400.0,0.5
130431476,0.0,0.0,0.0,1,1,1,0.0,1.0
130440628,4.6,2.3,4.6,1,1,2,4.6,0.5
130452748,1262.0,631.0,1262.0,1,1,2,1262.0,0.5
130460859,506.3,8.438333333333334,340.0,49,49,60,10.332653061224491,0.8166666666666667
130470206,50.0,8.333333333333334,40.0,3,3,6,16.666666666666668,0.5
130475480,106.8,26.7,106.0,2,2,4,53.4,0.5
130534025,23.7,2.37,9.0,6,6,10,3.9499999999999997,0.6
130547869,997.0,39.88,365.0,14,14,25,71.21428571428571,0.56
130553575,1103.0,551.5,1103.0,1,1,2,1103.0,0.5
130581074,4.2,2.1,4.2,1,1,2,4.2,0.5
130678525,905.1,181.02,905.0,3,3,5,301.7,0.6
130742617,3.9,1.95,3.9,1,1,2,3.9,0.5
130753596,199.0,49.75,174.0,2,2,4,99.5,0.5
130758906,163.0,40.75,163.0,3,3,4,54.333333333333336,0.75
130764464,1819.0,121.26666666666667,1790.0,11,11,15,165.36363636363637,0.7333333333333333
130810920,12.6,6.3,12.6,1,1,2,12.6,0.5
130851836,1298.0,649.0,1298.0,1,1,2,1298.0,0.5
130882834,7801.9,866.8777777777777,7765.0,6,6,9,1300.3166666666666,0.6666666666666666
130931340,4.1,2.05,4.1,1,1,2,4.1,0.5
130933471,0.0,0.0,0.0,1,1,1,0.0,1.0
130941814,0.7,0.35,0.7,1,1,2,0.7,0.5
130950166,0.1,0.05,0.1,1,1,2,0.1,0.5
130954987,0.2,0.1,0.2,1,1,2,0.2,0.5
130993597,12.5,4.166666666666667,12.5,2,2,3,6.25,0.6666666666666666
131023125,440.1,19.13478260869565,301.0,12,12,23,36.675000000000004,0.5217391304347826
131032344,237.1,9.879166666666666,90.0,12,12,24,19.758333333333333,0.5
131061056,101.5,25.375,100.0,2,2,4,50.75,0.5
131096906,604.0,302.0,604.0,1,1,2,604.0,0.5
131130328,26.4,1.056,6.4,14,14,25,1.8857142857142857,0.56
131203306,0.5,0.25,0.5,1,1,2,0.5,0.5
131217195,2179.0,1089.5,2179.0,1,1,2,2179.0,0.5
131227682,648.9,24.03333333333333,465.0,15,15,27,43.26,0.5555555555555556
131227694,179.3,5.433333333333334,90.0,21,21,33,8.538095238095238,0.6363636363636364
131237387,7.1,3.55,7.1,1,1,2,7.1,0.5
131296919,9.0,4.5,9.0,1,1,2,9.0,0.5
131311166,4.6,2.3,4.6,1,1,2,4.6,0.5
131334429,2.3,1.15,2.3,1,1,2,2.3,0.5
131348564,2013.8,11.573563218390804,369.0,102,102,174,19.74313725490196,0.5862068965517241
131360546,2.0,1.0,2.0,1,1,2,2.0,0.5
131377772,67.3,8.4125,63.0,4,4,8,16.825,0.5
131386705,374.3,10.694285714285714,289.0,23,23,35,16.273913043478263,0.6571428571428571
131394043,16.8,2.8000000000000003,14.1,3,3,6,5.6000000000000005,0.5
131406060,17.3,8.65,17.3,1,1,2,17.3,0.5
131407045,0.1,0.05,0.1,1,1,2,0.1,0.5
131444737,996.0,13.643835616438356,480.0,40,40,73,24.9,0.547945205479452
131463112,455.6,8.59622641509434,165.0,36,36,53,12.655555555555557,0.6792452830188679
131465743,60.0,30.0,60.0,1,1,2,60.0,0.5
131473057,449.8,29.986666666666668,343.0,8,8,15,56.225,0.5333333333333333
131481418,7.4,3.7,7.4,1,1,2,7.4,0.5
131533123,0.1,0.05,0.1,1,1,2,0.1,0.5
131539267,138.0,17.25,90.0,4,4,8,34.5,0.5
131610144,5191.6,71.11780821917809,1829.0,40,40,73,129.79000000000002,0.547945205479452
131613117,1.3,0.65,1.3,1,1,2,1.3,0.5
131690275,1344.0,448.0,1344.0,2,2,3,672.0,0.6666666666666666
131712986,7.300000000000001,1.8250000000000002,4.2,2,2,4,3.6500000000000004,0.5
131730206,1.1,0.55,1.1,1,1,2,1.1,0.5
131732878,4.2,2.1,4.2,1,1,2,4.2,0.5
131785763,908.2,8.81747572815534,411.0,63,63,103,14.415873015873016,0.6116504854368932
131876863,638.4,13.299999999999999,234.0,26,26,48,24.553846153846152,0.5416666666666666
131912265,5.1,0.85,4.6,4,4,6,1.275,0.6666666666666666
131929080,0.0,0.0,0.0,1,1,1,0.0,1.0
131940023,2895.2,22.44341085271318,980.0,77,77,129,37.599999999999994,0.5968992248062015
131948270,1.9,0.475,1.9,3,3,4,0.6333333333333333,0.75
131949880,0.7,0.35,0.7,1,1,2,0.7,0.5
131962554,22.5,1.875,12.0,6,6,12,3.75,0.5
131963274,94.0,47.0,94.0,1,1,2,94.0,0.5
131973876,434.7,9.45,179.0,29,29,46,14.989655172413793,0.6304347826086957
131995566,2.5,1.25,2.5,1,1,2,2.5,0.5
132008856,529.5,132.375,527.0,2,2,4,264.75,0.5
132014951,320.5,6.540816326530612,104.0,29,29,49,11.051724137931034,0.5918367346938775
132044394,2.3,1.15,2.3,1,1,2,2.3,0.5
132057825,79.0,19.75,79.0,3,3,4,26.333333333333332,0.75
132111476,103.0,51.5,103.0,1,1,2,103.0,0.5
132116602,44.0,22.0,44.0,1,1,2,44.0,0.5
132118265,0.0,0.0,0.0,5,5,5,0.0,1.0
132180557,372.7,8.873809523809523,141.0,23,23,42,16.204347826086956,0.5476190476190477
132191842,36.0,18.0,36.0,1,1,2,36.0,0.5
132196353,1987.7,19.298058252427186,970.0,74,74,103,26.86081081081081,0.7184466019417476
132258726,5.3,2.65,5.3,1,1,2,5.3,0.5
132277897,1.6,0.32,1.5,3,3,5,0.5333333333333333,0.6
132286953,743.0,371.5,743.0,1,1,2,743.0,0.5
132300630,2085.6,9.70046511627907,475.0,130,130,215,16.04307692307692,0.6046511627906976
132313154,10.0,5.0,10.0,1,1,2,10.0,0.5
132353043,871.1,124.44285714285715,870.0,4,4,7,217.775,0.5714285714285714
132366413,0.0,0.0,0.0,1,1,1,0.0,1.0
132381775,2055.0,513.75,1994.0,2,2,4,1027.5,0.5
132418423,164.2,6.315384615384615,107.0,16,16,26,10.2625,0.6153846153846154
132593770,81.9,3.9000000000000004,30.0,11,11,21,7.445454545454546,0.5238095238095238
132708032,28.0,14.0,28.0,1,1,2,28.0,0.5
132732817,26.4,4.3999999999999995,15.6,3,3,6,8.799999999999999,0.5
132748085,985.5,6.237341772151899,509.0,93,93,158,10.596774193548388,0.5886075949367089
132757318,63.0,31.5,63.0,1,1,2,63.0,0.5
132784716,99.8,24.95,97.0,2,2,4,49.9,0.5
132800758,153.0,76.5,153.0,1,1,2,153.0,0.5
132840940,397.2,79.44,396.0,3,3,5,132.4,0.6
132852256,1037.5,148.21428571428572,1036.0,4,4,7,259.375,0.5714285714285714
132875638,6.3,3.15,6.3,1,1,2,6.3,0.5
132917640,125.7,31.425,120.0,2,2,4,62.85,0.5
132927208,172.3,34.46,168.0,3,3,5,57.43333333333334,0.6
133024750,4771.6,113.60952380952382,3692.0,25,25,42,190.864,0.5952380952380952
133033659,13.2,6.6,13.2,1,1,2,13.2,0.5
133048797,3.6,1.8,3.6,1,1,2,3.6,0.5
133149797,0.0,0.0,0.0,6,6,6,0.0,1.0
133169378,2.0,1.0,2.0,1,1,2,2.0,0.5
133215334,0.5,0.25,0.5,1,1,2,0.5,0.5
133217805,61.0,30.5,61.0,1,1,2,61.0,0.5
133228469,42.9,2.523529411764706,18.1,10,10,17,4.29,0.5882352941176471
133231400,0.7999999999999999,0.19999999999999998,0.7,2,2,4,0.39999999999999997,0.5
133234931,322.3,32.230000000000004,173.0,5,5,10,64.46000000000001,0.5
133237267,0.8,0.4,0.8,1,1,2,0.8,0.5
133262375,290.0,145.0,290.0,1,1,2,290.0,0.5
133267799,452.0,226.0,452.0,1,1,2,452.0,0.5
133268317,1300.3,43.343333333333334,1083.0,18,18,30,72.23888888888888,0.6
133268706,2311.9,100.51739130434783,1888.0,15,15,23,154.12666666666667,0.6521739130434783
133273541,1.2,0.6,1.2,1,1,2,1.2,0.5
133298634,4.8,2.4,4.8,1,1,2,4.8,0.5
133313288,4.6,2.3,4.6,1,1,2,4.6,0.5
133328129,2.0,1.0,2.0,1,1,2,2.0,0.5
133355027,8.2,4.1,8.2,1,1,2,8.2,0.5
133378280,664.9,39.11176470588235,173.0,11,11,17,60.445454545454545,0.6470588235294118
133387630,0.2,0.1,0.2,1,1,2,0.2,0.5
133402780,4.8,2.4,4.8,1,1,2,4.8,0.5
133404545,153.1,6.124,47.0,15,15,25,10.206666666666667,0.6
133407060,0.6,0.3,0.6,1,1,2,0.6,0.5
133422169,1075.6,8.81639344262295,276.0,82,82,122,13.117073170731706,0.6721311475409836
133439311,16.8,4.2,16.8,3,3,4,5.6000000000000005,0.75
133439936,109.39999999999999,1.854237288135593,28.0,39,39,59,2.805128205128205,0.6610169491525424
133459021,2.1,1.05,2.1,1,1,2,2.1,0.5
133517515,21.5,5.375,19.9,2,2,4,10.75,0.5
133534893,16.3,2.716666666666667,11.8,3,3,6,5.433333333333334,0.5
133547462,732.0,366.0,732.0,1,1,2,732.0,0.5
133553031,2.0,1.0,2.0,1,1,2,2.0,0.5
133573140,877.0,219.25,798.0,2,2,4,438.5,0.5
133609786,57.0,28.5,57.0,1,1,2,57.0,0.5
133676441,127.0,63.5,127.0,1,1,2,127.0,0.5
133680143,66.9,4.18125,43.0,9,9,16,7.433333333333334,0.5625
133688603,13.8,6.9,13.8,1,1,2,13.8,0.5
133719158,4474.7,372.89166666666665,4320.0,7,7,12,639.2428571428571,0.5833333333333334
133729675,0.8,0.4,0.8,1,1,2,0.8,0.5
133794741,74.0,37.0,74.0,1,1,2,74.0,0.5
133800100,6.9,3.45,6.9,1,1,2,6.9,0.5
133885796,11.7,1.95,8.0,3,3,6,3.9,0.5
133938767,1423.4,61.88695652173914,748.0,18,18,23,79.07777777777778,0.782608695652174
133964193,687.5,45.833333333333336,548.0,11,11,15,62.5,0.7333333333333333
133990456,13.6,6.8,13.6,1,1,2,13.6,0.5
133997970,981.5,20.882978723404257,444.0,30,30,47,32.71666666666667,0.6382978723404256
134003545,1.0,0.5,1.0,1,1,2,1.0,0.5
134017049,6.2,0.8857142857142858,5.4,5,5,7,1.24,0.7142857142857143
134078373,1.9,0.95,1.9,1,1,2,1.9,0.5
134086280,6.8,3.4,6.8,1,1,2,6.8,0.5
134127685,10.4,2.08,7.3,3,3,5,3.466666666666667,0.6
134213189,215.7,8.628,86.0,13,13,25,16.592307692307692,0.52
134223421,2422.1,80.73666666666666,2296.0,19,19,30,127.47894736842105,0.6333333333333333
134224287,836.3,30.97407407407407,309.0,15,15,27,55.75333333333333,0.5555555555555556
134225377,0.3,0.15,0.3,1,1,2,0.3,0.5
134247395,1.5,0.75,1.5,1,1,2,1.5,0.5
134258069,3.8,1.9,3.8,1,1,2,3.8,0.5
134274586,219.0,15.642857142857142,152.0,7,7,14,31.285714285714285,0.5
134282559,0.4,0.2,0.4,1,1,2,0.4,0.5
134322141,1434.8,5.6046875,208.0,170,170,256,8.44,0.6640625
134337915,1.5,0.75,1.5,1,1,2,1.5,0.5
134416946,0.0,0.0,0.0,1,1,1,0.0,1.0
134448504,6.9,3.45,6.9,1,1,2,6.9,0.5
134452836,12.4,6.2,12.4,1,1,2,12.4,0.5
134471670,3.7,1.85,3.7,1,1,2,3.7,0.5
134482539,2.5,0.8333333333333334,2.5,2,2,3,1.25,0.6666666666666666
134516625,151.2,2.0999999999999996,103.0,54,54,72,2.8,0.75
134549707,0.1,0.05,0.1,1,1,2,0.1,0.5
134590374,173.0,86.5,173.0,1,1,2,173.0,0.5
134615317,89.0,44.5,89.0,1,1,2,89.0,0.5
134641355,1164.7,14.932051282051283,734.0,57,57,78,20.433333333333334,0.7307692307692307
134649138,34.0,17.0,34.0,1,1,2,34.0,0.5
134765677,37.0,2.642857142857143,18.3,9,9,14,4.111111111111111,0.6428571428571429
134776102,513.0,102.6,481.0,3,3,5,171.0,0.6
134809146,278.0,139.0,278.0,1,1,2,278.0,0.5
134832575,501.5,55.72222222222222,489.0,5,5,9,100.3,0.5555555555555556
134839311,362.0,10.055555555555555,338.0,27,27,36,13.407407407407407,0.75
134847173,0.8,0.4,0.8,1,1,2,0.8,0.5
134910543,0.6,0.3,0.6,1,1,2,0.6,0.5
134927689,83.0,41.5,83.0,1,1,2,83.0,0.5
134930004,1.3,0.65,1.3,1,1,2,1.3,0.5
134959420,10.9,5.45,10.9,1,1,2,10.9,0.5
134967717,721.8,14.436,431.0,34,34,50,21.22941176470588,0.68
135012938,9.8,1.6333333333333335,9.5,4,4,6,2.45,0.6666666666666666
135057976,971.0,323.6666666666667,971.0,2,2,3,485.5,0.6666666666666666
135066372,425.1,21.255000000000003,205.0,11,11,20,38.64545454545455,0.55
135091121,1119.1,186.51666666666665,1107.0,3,3,6,373.0333333333333,0.5
135147743,67.6,1.9314285714285713,18.5,24,24,35,2.8166666666666664,0.6857142857142857
135148415,0.1,0.05,0.1,1,1,2,0.1,0.5
135156563,15.3,7.65,15.3,1,1,2,15.3,0.5
135162448,13.1,6.55,13.1,1,1,2,13.1,0.5
135177440,271.7,33.9625,253.0,4,4,8,67.925,0.5
135179790,17.7,4.425,17.4,2,2,4,8.85,0.5
135244036,924.2,8.972815533980583,194.0,58,58,103,15.93448275862069,0.5631067961165048
135277795,1.8,0.9,1.8,1,1,2,1.8,0.5
135329995,0.2,0.1,0.2,1,1,2,0.2,0.5
135338821,2.7,0.675,1.6,2,2,4,1.35,0.5
135400225,2139.0,6.833865814696486,217.0,185,185,313,11.562162162162162,0.5910543130990416
135410112,16.0,8.0,16.0,1,1,2,16.0,0.5
135414002,39.8,7.959999999999999,39.0,3,3,5,13.266666666666666,0.6
135475055,31.0,15.5,31.0,1,1,2,31.0,0.5
135485250,1.3,0.65,1.3,1,1,2,1.3,0.5
135503830,1040.5,115.61111111111111,1022.0,5,5,9,208.1,0.5555555555555556
135505928,0.9,0.45,0.9,1,1,2,0.9,0.5
135508941,0.6,0.15,0.6,3,3,4,0.19999999999999998,0.75
135522355,2.8000000000000003,0.7000000000000001,2.2,2,2,4,1.4000000000000001,0.5
135540095,7.3,3.65,7.3,1,1,2,7.3,0.5
135545063,39.0,19.5,39.0,1,1,2,39.0,0.5
135554311,663.8,30.172727272727272,404.0,13,13,22,51.06153846153846,0.5909090909090909
135599605,0.5,0.25,0.5,1,1,2,0.5,0.5
135680230,0.0,0.0,0.0,1,1,1,0.0,1.0
135690828,14.6,7.3,14.6,1,1,2,14.6,0.5
135698781,427.0,71.16666666666667,217.0,3,3,6,142.33333333333334,0.5
135812174,3.0,1.5,3.0,1,1,2,3.0,0.5
135825356,5.1,2.55,5.1,1,1,2,5.1,0.5
135865220,659.6,10.638709677419355,328.0,39,39,62,16.912820512820513,0.6290322580645161
135872798,7.0,3.5,7.0,1,1,2,7.0,0.5
135879753,4810.0,94.31372549019608,4659.0,33,33,51,145.75757575757575,0.6470588235294118
135911271,39.0,19.5,39.0,1,1,2,39.0,0.5
135929781,2.5,1.25,2.5,1,1,2,2.5,0.5
135949593,3.1,1.0333333333333334,3.1,2,2,3,1.55,0.6666666666666666
135951168,2.5,1.25,2.5,1,1,2,2.5,0.5
135957644,1.0,0.5,1.0,1,1,2,1.0,0.5
135966512,1.2,0.6,1.2,1,1,2,1.2,0.5
135967185,0.2,0.1,0.2,1,1,2,0.2,0.5
136021775,660.4,18.344444444444445,283.0,20,20,36,33.019999999999996,0.5555555555555556
136029113,2.6,1.3,2.6,1,1,2,2.6,0.5
136037775,0.7,0.35,0.7,1,1,2,0.7,0.5
136053642,560.0,280.0,560.0,1,1,2,560.0,0.5
136092449,87.0,43.5,87.0,1,1,2,87.0,0.5
136135322,989.0,4.994949494949495,415.0,110,110,198,8.99090909090909,0.5555555555555556
136137921,784.3,25.299999999999997,351.0,17,17,31,46.13529411764706,0.5483870967741935
136139505,50.1,1.565625,18.3,16,16,32,3.13125,0.5
136190090,1786.0,893.0,1786.0,1,1,2,1786.0,0.5
136219907,999.4,166.56666666666666,872.0,3,3,6,333.1333333333333,0.5
136222532,6.5,3.25,6.5,1,1,2,6.5,0.5
136246724,0.2,0.1,0.2,1,1,2,0.2,0.5
136253839,0.3,0.15,0.3,1,1,2,0.3,0.5
136258332,96.0,48.0,96.0,1,1,2,96.0,0.5
136271892,0.7,0.35,0.7,1,1,2,0.7,0.5
136291039,0.6,0.3,0.6,1,1,2,0.6,0.5
136301597,1.7,0.85,1.7,1,1,2,1.7,0.5
136341868,0.5,0.25,0.5,1,1,2,0.5,0.5
136345897,0.9,0.45,0.9,1,1,2,0.9,0.5
136357840,1.4,0.7,1.4,1,1,2,1.4,0.5
136397050,815.0,135.83333333333334,646.0,3,3,6,271.6666666666667,0.5
136403318,4.9,2.45,4.9,1,1,2,4.9,0.5
136493411,53.2,13.3,52.0,2,2,4,26.6,0.5
136495026,333.8,4.636111111111111,80.0,54,54,72,6.181481481481482,0.75
136520135,7.1,3.55,7.1,1,1,2,7.1,0.5
136554467,164.0,41.0,101.0,2,2,4,82.0,0.5
136557761,0.4,0.2,0.4,1,1,2,0.4,0.5
136561410,22.0,11.0,22.0,1,1,2,22.0,0.5
136563996,59.0,14.75,45.0,2,2,4,29.5,0.5
136640372,47.0,23.5,47.0,1,1,2,47.0,0.5
136668535,258.5,16.15625,93.0,8,8,16,32.3125,0.5
136695520,7.3,3.65,7.3,1,1,2,7.3,0.5
136705294,61.0,30.5,61.0,1,1,2,61.0,0.5
136752099,1.2,0.6,1.2,1,1,2,1.2,0.5
136778642,272.0,136.0,272.0,1,1,2,272.0,0.5
136783755,2683.8,383.40000000000003,2682.0,5,5,7,536.76,0.7142857142857143
136788043,17.5,8.75,17.5,1,1,2,17.5,0.5
136789010,11.4,2.85,10.3,2,2,4,5.7,0.5
136791084,264.3,5.745652173913044,128.0,26,26,46,10.165384615384616,0.5652173913043478
136804252,664.0,332.0,664.0,1,1,2,664.0,0.5
136836233,0.2,0.1,0.2,1,1,2,0.2,0.5
136850924,1.9,0.95,1.9,1,1,2,1.9,0.5
136866564,178.2,6.6,74.0,16,16,27,11.1375,0.5925925925925926
136891549,85.5,9.5,53.0,5,5,9,17.1,0.5555555555555556
136913396,173.5,43.375,160.0,2,2,4,86.75,0.5
136953993,0.3,0.15,0.3,1,1,2,0.3,0.5
136961289,6.1,3.05,6.1,1,1,2,6.1,0.5
136998614,42.0,3.230769230769231,26.0,7,7,13,6.0,0.5384615384615384
137022689,24.8,2.2545454545454544,19.0,7,7,11,3.542857142857143,0.6363636363636364
137075650,7.6,3.8,7.6,1,1,2,7.6,0.5
137079357,41.0,20.5,41.0,1,1,2,41.0,0.5
137079876,114.4,19.066666666666666,113.0,3,3,6,38.13333333333333,0.5
137158399,2971.5,123.8125,1957.0,15,15,24,198.1,0.625
137222368,4246.8,202.22857142857143,4074.0,12,12,21,353.90000000000003,0.5714285714285714
137334839,1575.1,24.232307692307693,778.0,35,35,65,45.00285714285714,0.5384615384615384
137335407,34.0,17.0,34.0,1,1,2,34.0,0.5
137341828,422.0,105.5,422.0,3,3,4,140.66666666666666,0.75
137398114,0.8,0.4,0.8,1,1,2,0.8,0.5
137409673,0.9,0.45,0.9,1,1,2,0.9,0.5
137451490,412.7,17.195833333333333,184.0,13,13,24,31.746153846153845,0.5416666666666666
137455836,10.3,2.06,9.4,3,3,5,3.4333333333333336,0.6
137460095,339.0,5.296875,219.0,57,57,64,5.947368421052632,0.890625
137475392,1.0,0.5,1.0,1,1,2,1.0,0.5
137483421,0.6000000000000001,0.12000000000000002,0.4,3,3,5,0.20000000000000004,0.6
137508279,397.7,14.72962962962963,121.0,14,14,27,28.407142857142855,0.5185185185185185
137514463,1.2,0.6,1.2,1,1,2,1.2,0.5
137531238,0.9,0.060000000000000005,0.5,12,12,15,0.075,0.8
137588230,6.1,0.46923076923076923,3.0,8,8,13,0.7625,0.6153846153846154
137588719,0.2,0.1,0.2,1,1,2,0.2,0.5
137603581,5.5,2.75,5.5,1,1,2,5.5,0.5
137610845,637.5,11.383928571428571,176.0,33,33,56,19.318181818181817,0.5892857142857143
137623071,63.0,31.5,63.0,1,1,2,63.0,0.5
137651115,386.1,29.700000000000003,340.0,7,7,13,55.15714285714286,0.5384615384615384
137732181,1.2,0.6,1.2,1,1,2,1.2,0.5
137747562,0.2,0.1,0.2,1,1,2,0.2,0.5
137755956,142.0,47.333333333333336,142.0,2,2,3,71.0,0.6666666666666666
137797636,2.1,1.05,2.1,1,1,2,2.1,0.5
137837203,67.1,2.164516129032258,19.5,18,18,31,3.7277777777777774,0.5806451612903226
137846274,53.5,2.675,17.7,12,12,20,4.458333333333333,0.6
137939290,50.0,25.0,50.0,1,1,2,50.0,0.5
137949393,3.8000000000000003,0.76,3.6,3,3,5,1.2666666666666668,0.6
137951076,10.6,2.65,6.8,2,2,4,5.3,0.5
137977132,10.6,5.3,10.6,1,1,2,10.6,0.5
138010203,14.6,7.3,14.6,1,1,2,14.6,0.5
138044624,187.0,15.583333333333334,130.0,6,6,12,31.166666666666668,0.5
138080934,2.3,1.15,2.3,1,1,2,2.3,0.5
138110654,68.0,34.0,68.0,1,1,2,68.0,0.5
138115430,1513.7,100.91333333333334,1498.0,11,11,15,137.60909090909092,0.7333333333333333
138129129,1335.0,667.5,1335.0,1,1,2,1335.0,0.5
138135171,26.7,5.34,26.0,3,3,5,8.9,0.6
138168089,16.5,8.25,16.5,1,1,2,16.5,0.5
138200512,2152.0,1076.0,2152.0,1,1,2,2152.0,0.5
138202190,88.0,44.0,88.0,1,1,2,88.0,0.5
138228336,2.4,1.2,2.4,1,1,2,2.4,0.5
138242360,152.0,76.0,152.0,1,1,2,152.0,0.5
138259286,777.9,155.57999999999998,777.0,3,3,5,259.3,0.6
138279635,85.7,6.592307692307693,50.0,9,9,13,9.522222222222222,0.6923076923076923
138294341,10.1,5.05,10.1,1,1,2,10.1,0.5
138329382,8.1,4.05,8.1,1,1,2,8.1,0.5
138349389,4.6,2.3,4.6,1,1,2,4.6,0.5
138369566,0.6,0.3,0.6,1,1,2,0.6,0.5
138375115,319.0,159.5,319.0,1,1,2,319.0,0.5
138406331,0.1,0.05,0.1,1,1,2,0.1,0.5
138412880,4.5,2.25,4.5,1,1,2,4.5,0.5
138429058,20.0,10.0,20.0,1,1,2,20.0,0.5
138453978,19.5,9.75,19.5,1,1,2,19.5,0.5
138455695,112.0,56.0,112.0,1,1,2,112.0,0.5
138460230,496.0,248.0,496.0,1,1,2,496.0,0.5
138482130,503.8,5.536263736263736,67.0,55,55,91,9.16,0.6043956043956044
138483324,24.0,12.0,24.0,1,1,2,24.0,0.5
138542725,972.0,324.0,972.0,2,2,3,486.0,0.6666666666666666
138558097,3.1,1.55,3.1,1,1,2,3.1,0.5
138561124,1702.0,851.0,1702.0,1,1,2,1702.0,0.5
138570935,59.2,3.115789473684211,46.0,10,10,19,5.92,0.5263157894736842
138578560,0.1,0.05,0.1,1,1,2,0.1,0.5
138581545,140.9,4.2696969696969695,65.0,20,20,33,7.045,0.6060606060606061
138587718,1467.0,733.5,1467.0,1,1,2,1467.0,0.5
138590829,1026.0,513.0,1026.0,1,1,2,1026.0,0.5
138618447,1.4,0.7,1.4,1,1,2,1.4,0.5
138655214,1.7,0.85,1.7,1,1,2,1.7,0.5
138656604,1750.0,875.0,1750.0,1,1,2,1750.0,0.5
138670893,3.9,1.95,3.9,1,1,2,3.9,0.5
138674360,213.0,106.5,213.0,1,1,2,213.0,0.5
138681278,7.0,3.5,7.0,1,1,2,7.0,0.5
138690776,124.0,62.0,124.0,1,1,2,124.0,0.5
138691112,3.9,1.95,3.9,1,1,2,3.9,0.5
138695230,458.0,229.0,458.0,1,1,2,458.0,0.5
138695243,17.5,4.375,16.1,2,2,4,8.75,0.5
138725344,284.6,8.624242424242425,116.0,19,19,33,14.978947368421053,0.5757575757575758
138818276,6.9,3.45,6.9,1,1,2,6.9,0.5
138847348,1.5,0.75,1.5,1,1,2,1.5,0.5
138906315,73.0,36.5,73.0,1,1,2,73.0,0.5
138918389,153.0,76.5,153.0,1,1,2,153.0,0.5
138919253,760.0,380.0,760.0,1,1,2,760.0,0.5
138929901,2.0,1.0,2.0,1,1,2,2.0,0.5
138938057,222.0,74.0,222.0,2,2,3,111.0,0.6666666666666666
138939472,457.0,228.5,457.0,1,1,2,457.0,0.5
138941587,3011.2,4.052759084791386,392.0,444,444,743,6.781981981981982,0.5975773889636609
138958592,244.5,40.75,208.0,3,3,6,81.5,0.5
138960345,6.9,3.45,6.9,1,1,2,6.9,0.5
138963130,7.8,3.9,7.8,1,1,2,7.8,0.5
139013624,215.0,53.75,176.0,2,2,4,107.5,0.5
139015518,28.8,5.76,20.0,3,3,5,9.6,0.6
139016142,781.4,14.207272727272727,345.0,34,34,55,22.98235294117647,0.6181818181818182
139049885,1.3,0.65,1.3,1,1,2,1.3,0.5
139074732,2228.0,1114.0,2228.0,1,1,2,2228.0,0.5
139110840,4.9,2.45,4.9,1,1,2,4.9,0.5
139115643,0.2,0.1,0.2,1,1,2,0.2,0.5
139122042,54.0,27.0,54.0,1,1,2,54.0,0.5
139149185,75.0,10.714285714285714,71.0,5,5,7,15.0,0.7142857142857143
139166190,143.0,71.5,143.0,1,1,2,143.0,0.5
139171297,1029.0,205.8,926.0,3,3,5,343.0,0.6
139181289,3.7,1.85,3.7,1,1,2,3.7,0.5
139187216,170.6,42.65,170.0,2,2,4,85.3,0.5
139236825,316.0,158.0,316.0,1,1,2,316.0,0.5
139240080,38.0,19.0,38.0,1,1,2,38.0,0.5
139272740,193.2,38.64,193.0,3,3,5,64.39999999999999,0.6
139343012,1.1,0.1375,1.1,7,7,8,0.15714285714285717,0.875
139352395,13.2,6.6,13.2,1,1,2,13.2,0.5
139388319,1499.0,749.5,1499.0,1,1,2,1499.0,0.5
139389564,1.1,0.55,1.1,1,1,2,1.1,0.5
139393793,15.9,7.95,15.9,1,1,2,15.9,0.5
139396034,10.8,5.4,10.8,1,1,2,10.8,0.5
139404987,3.0,1.5,3.0,1,1,2,3.0,0.5
139433517,0.3,0.15,0.3,1,1,2,0.3,0.5
139456215,5.5,2.75,5.5,1,1,2,5.5,0.5
139457410,2009.0,251.125,1895.0,6,6,8,334.8333333333333,0.75
139480472,0.2,0.1,0.2,1,1,2,0.2,0.5
139481298,1.1,0.55,1.1,1,1,2,1.1,0.5
139494513,1.0,0.5,1.0,1,1,2,1.0,0.5
139527776,3.0,1.5,3.0,1,1,2,3.0,0.5
139573198,1.4,0.7,1.4,1,1,2,1.4,0.5
139574442,23.0,11.5,23.0,1,1,2,23.0,0.5
139574808,0.8,0.4,0.8,1,1,2,0.8,0.5
139673932,3487.6,232.50666666666666,3374.0,8,8,15,435.95,0.5333333333333333
139695479,1201.3,75.08125,789.0,9,9,16,133.47777777777776,0.5625
139706897,3.2,1.6,3.2,1,1,2,3.2,0.5
139746888,39.0,19.5,39.0,1,1,2,39.0,0.5
139763487,5.0,2.5,5.0,1,1,2,5.0,0.5
139769742,0.2,0.1,0.2,1,1,2,0.2,0.5
139773400,0.4,0.2,0.4,1,1,2,0.4,0.5
139774658,1.4,0.35,1.2,2,2,4,0.7,0.5
139804310,62.0,31.0,62.0,1,1,2,62.0,0.5
139806634,489.0,97.8,489.0,4,4,5,122.25,0.8
139832829,882.0,441.0,882.0,1,1,2,882.0,0.5
139841475,38.0,19.0,38.0,1,1,2,38.0,0.5
139854220,222.0,111.0,222.0,1,1,2,222.0,0.5
139873696,49.1,9.82,47.0,3,3,5,16.366666666666667,0.6
139901528,3.0,1.5,3.0,1,1,2,3.0,0.5
139909136,25.0,8.333333333333334,25.0,2,2,3,12.5,0.6666666666666666
139955299,91.0,45.5,91.0,1,1,2,91.0,0.5
139986442,1.3,0.65,1.3,1,1,2,1.3,0.5
140050187,19.6,1.9600000000000002,7.3,6,6,10,3.266666666666667,0.6
140065934,359.0,179.5,359.0,1,1,2,359.0,0.5
140086587,198.0,22.0,198.0,8,8,9,24.75,0.8888888888888888
140149061,136.0,68.0,136.0,1,1,2,136.0,0.5
140178954,3.4,1.7,3.4,1,1,2,3.4,0.5
140207602,4.5,2.25,4.5,1,1,2,4.5,0.5
140223606,89.0,44.5,89.0,1,1,2,89.0,0.5
140225817,7.7,3.85,7.7,1,1,2,7.7,0.5
140236312,1.6,0.8,1.6,1,1,2,1.6,0.5
140256783,4.3,2.15,4.3,1,1,2,4.3,0.5
140282974,0.2,0.1,0.2,1,1,2,0.2,0.5
140293612,278.0,139.0,278.0,1,1,2,278.0,0.5
140337149,236.0,118.0,236.0,1,1,2,236.0,0.5
140372243,33.0,16.5,33.0,1,1,2,33.0,0.5
140385853,0.6,0.3,0.6,1,1,2,0.6,0.5
140408017,1748.9,27.760317460317463,1250.0,36,36,63,48.580555555555556,0.5714285714285714
140435453,6.3,3.15,6.3,1,1,2,6.3,0.5
140440551,0.5,0.25,0.5,1,1,2,0.5,0.5
140488802,2320.0,1160.0,2320.0,1,1,2,2320.0,0.5
140492549,147.0,73.5,147.0,1,1,2,147.0,0.5
140493636,0.5,0.25,0.5,1,1,2,0.5,0.5
140499826,123.2,13.68888888888889,98.0,5,5,9,24.64,0.5555555555555556
140527332,11.3,5.65,11.3,1,1,2,11.3,0.5
140580839,585.0,146.25,583.0,2,2,4,292.5,0.5
140596673,0.2,0.1,0.2,1,1,2,0.2,0.5
140672677,0.1,0.05,0.1,1,1,2,0.1,0.5
140700995,134.2,33.55,134.0,2,2,4,67.1,0.5
140708070,271.0,90.33333333333333,271.0,2,2,3,135.5,0.6666666666666666
140725417,73.0,36.5,73.0,1,1,2,73.0,0.5
140757969,3.7,1.85,3.7,1,1,2,3.7,0.5
140800500,0.6,0.3,0.6,1,1,2,0.6,0.5
140809304,0.5,0.25,0.5,1,1,2,0.5,0.5
140820563,236.6,6.958823529411765,49.0,19,19,34,12.452631578947368,0.5588235294117647
140825164,137.2,1.8293333333333333,33.0,40,40,75,3.4299999999999997,0.5333333333333333
140854798,17.1,0.8142857142857144,10.1,16,16,21,1.06875,0.7619047619047619
140911953,22.1,2.0090909090909093,14.9,8,8,11,2.7625,0.7272727272727273
140931602,4.8,2.4,4.8,1,1,2,4.8,0.5
140943875,3.0,1.5,3.0,1,1,2,3.0,0.5
140954425,13.0,6.5,13.0,1,1,2,13.0,0.5
140971088,6.1,3.05,6.1,1,1,2,6.1,0.5
141003701,5.4,2.7,5.4,1,1,2,5.4,0.5
141012357,1.0,0.5,1.0,1,1,2,1.0,0.5
141023389,787.0,98.375,787.0,7,7,8,112.42857142857143,0.875
141027992,0.8,0.4,0.8,1,1,2,0.8,0.5
141034426,104.0,52.0,104.0,1,1,2,104.0,0.5
141037251,3.3,1.65,3.3,1,1,2,3.3,0.5
141097888,328.0,164.0,328.0,1,1,2,328.0,0.5
141103096,1.4,0.7,1.4,1,1,2,1.4,0.5
141108138,8.8,4.4,8.8,1,1,2,8.8,0.5
141118871,1228.2,102.35000000000001,1031.0,7,7,12,175.45714285714286,0.5833333333333334
141124987,264.0,132.0,264.0,1,1,2,264.0,0.5
141141039,99.0,49.5,99.0,1,1,2,99.0,0.5
141156585,0.1,0.05,0.1,1,1,2,0.1,0.5
141160698,1961.5,40.03061224489796,462.0,27,27,49,72.64814814814815,0.5510204081632653
141161011,8.6,0.9555555555555555,5.5,5,5,9,1.72,0.5555555555555556
141162118,0.5,0.25,0.5,1,1,2,0.5,0.5
141197436,29.0,9.666666666666666,29.0,2,2,3,14.5,0.6666666666666666
141246626,1.8,0.9,1.8,1,1,2,1.8,0.5
141288012,0.9,0.45,0.9,1,1,2,0.9,0.5
141315459,10.8,5.4,10.8,1,1,2,10.8,0.5
141402600,1011.8,19.457692307692305,847.0,29,29,52,34.88965517241379,0.5576923076923077
141408990,55.1,13.775,47.0,2,2,4,27.55,0.5
141414004,8.2,4.1,8.2,1,1,2,8.2,0.5
141493630,0.2,0.1,0.2,1,1,2,0.2,0.5
141497944,27.9,5.58,19.9,3,3,5,9.299999999999999,0.6
141513178,5.0,2.5,5.0,1,1,2,5.0,0.5
141566597,0.2,0.1,0.2,1,1,2,0.2,0.5
141566602,35.0,17.5,35.0,1,1,2,35.0,0.5
141569027,12.2,3.05,8.6,2,2,4,6.1,0.5
141571751,3.4,1.7,3.4,1,1,2,3.4,0.5
141586040,3.8,1.9,3.8,1,1,2,3.8,0.5
141593830,2.1,1.05,2.1,1,1,2,2.1,0.5
141593973,423.0,211.5,423.0,1,1,2,423.0,0.5
141640819,2.3,1.15,2.3,1,1,2,2.3,0.5
141677474,31.0,15.5,31.0,1,1,2,31.0,0.5
141680691,5.2,2.6,5.2,1,1,2,5.2,0.5
141682250,18.1,4.525,14.5,2,2,4,9.05,0.5
141693292,2.8,1.4,2.8,1,1,2,2.8,0.5
141701102,55.0,27.5,55.0,1,1,2,55.0,0.5
141706846,4067.0,2033.5,4067.0,1,1,2,4067.0,0.5
141707530,154.0,77.0,154.0,1,1,2,154.0,0.5
141721383,852.1,10.786075949367088,404.0,43,43,79,19.816279069767443,0.5443037974683544
141721441,35.8,8.95,30.0,2,2,4,17.9,0.5
141737874,3.4,1.7,3.4,1,1,2,3.4,0.5
141749157,12.0,2.4,8.9,3,3,5,4.0,0.6
141773234,1973.1,131.54,1944.0,9,9,15,219.23333333333332,0.6
141774640,39.0,9.75,37.0,2,2,4,19.5,0.5
141794556,3.9,1.3,3.9,2,2,3,1.95,0.6666666666666666
141873792,365.0,7.1568627450980395,138.0,28,28,51,13.035714285714286,0.5490196078431373
141892155,3.3,1.65,3.3,1,1,2,3.3,0.5
141918091,411.0,137.0,411.0,2,2,3,205.5,0.6666666666666666
141918894,3.9,1.95,3.9,1,1,2,3.9,0.5
141950398,1320.8,146.75555555555556,1316.0,7,7,9,188.68571428571428,0.7777777777777778
142001340,933.7,17.29074074074074,558.0,39,39,54,23.941025641025643,0.7222222222222222
142001485,16.1,8.05,16.1,1,1,2,16.1,0.5
142004534,94.0,47.0,94.0,1,1,2,94.0,0.5
142011717,8.1,1.6199999999999999,6.1,3,3,5,2.6999999999999997,0.6
142040835,0.3,0.15,0.3,1,1,2,0.3,0.5
142044216,699.0,349.5,699.0,1,1,2,699.0,0.5
142060022,1.2,0.6,1.2,1,1,2,1.2,0.5
142065874,6.6,3.3,6.6,1,1,2,6.6,0.5
142151125,4.3,2.15,4.3,1,1,2,4.3,0.5
142183287,7.699999999999999,1.9249999999999998,7.6,2,2,4,3.8499999999999996,0.5
142215487,15.4,7.7,15.4,1,1,2,15.4,0.5
142215921,0.7,0.35,0.7,1,1,2,0.7,0.5
142256500,0.4,0.2,0.4,1,1,2,0.4,0.5
142279088,0.3,0.15,0.3,1,1,2,0.3,0.5
142284353,1.1,0.55,1.1,1,1,2,1.1,0.5
142388676,7.7,0.77,2.9,6,6,10,1.2833333333333334,0.6
142408262,650.7,46.478571428571435,647.0,11,11,14,59.154545454545456,0.7857142857142857
142409681,259.1,43.18333333333334,254.0,4,4,6,64.775,0.6666666666666666
142414329,1.3,0.65,1.3,1,1,2,1.3,0.5
142433607,1218.6,304.65,1214.0,2,2,4,609.3,0.5
142475478,27.4,2.283333333333333,25.0,7,7,12,3.914285714285714,0.5833333333333334
142489812,2836.0,945.3333333333334,2836.0,2,2,3,1418.0,0.6666666666666666
142494421,41.0,20.5,41.0,1,1,2,41.0,0.5
142552066,19.5,9.75,19.5,1,1,2,19.5,0.5
142591675,21.8,3.6333333333333333,18.8,3,3,6,7.266666666666667,0.5
142602286,22.0,11.0,22.0,1,1,2,22.0,0.5
142650116,77.9,3.3869565217391306,53.0,13,13,23,5.992307692307692,0.5652173913043478
142696524,258.0,129.0,258.0,1,1,2,258.0,0.5
142706526,161.4,6.456,89.0,17,17,25,9.494117647058824,0.68
142721011,69.0,34.5,69.0,1,1,2,69.0,0.5
142750305,1115.8,21.052830188679245,499.0,31,31,53,35.99354838709677,0.5849056603773585
142754561,259.0,43.166666666666664,147.0,3,3,6,86.33333333333333,0.5
142775542,484.2,6.288311688311688,154.0,52,52,77,9.311538461538461,0.6753246753246753
142790708,2418.1,186.0076923076923,2047.0,7,7,13,345.4428571428571,0.5384615384615384
142793906,874.1,10.92625,506.0,47,47,80,18.597872340425532,0.5875
142794497,1.8,0.9,1.8,1,1,2,1.8,0.5
142799594,740.4,15.753191489361702,422.0,25,25,47,29.616,0.5319148936170213
142801176,119.0,23.8,77.0,3,3,5,39.666666666666664,0.6
142803056,1.5,0.75,1.5,1,1,2,1.5,0.5
142844201,143.6,5.318518518518518,128.0,18,18,27,7.977777777777778,0.6666666666666666
142955654,11.8,5.9,11.8,1,1,2,11.8,0.5
142967660,4.0,1.3333333333333333,4.0,2,2,3,2.0,0.6666666666666666
142971534,51.4,4.672727272727273,26.0,7,7,11,7.3428571428571425,0.6363636363636364
142999522,669.2,26.768,660.0,23,23,25,29.095652173913045,0.92
143006890,0.5,0.25,0.5,1,1,2,0.5,0.5
143062096,7.6000000000000005,0.9500000000000001,3.6,4,4,8,1.9000000000000001,0.5
143124637,44.1,2.5941176470588236,28.0,9,9,17,4.9,0.5294117647058824
143127924,2.4,1.2,2.4,1,1,2,2.4,0.5
143137329,2566.0,1283.0,2566.0,1,1,2,2566.0,0.5
143153541,0.3,0.04285714285714286,0.3,6,6,7,0.049999999999999996,0.8571428571428571
143156437,6.7,3.35,6.7,1,1,2,6.7,0.5
143157943,305.2,20.346666666666668,235.0,11,11,15,27.745454545454546,0.7333333333333333
143158466,12.2,6.1,12.2,1,1,2,12.2,0.5
143177422,2.3,1.15,2.3,1,1,2,2.3,0.5
143198617,14.7,2.1,14.7,6,6,7,2.4499999999999997,0.8571428571428571
143198999,0.0,0.0,0.0,1,1,1,0.0,1.0
143222174,24.7,4.9399999999999995,23.0,3,3,5,8.233333333333333,0.6
143223745,4.3,2.15,4.3,1,1,2,4.3,0.5
143235127,203.2,5.491891891891892,186.0,23,23,37,8.834782608695651,0.6216216216216216
143275153,0.7,0.35,0.7,1,1,2,0.7,0.5
143289534,3.1,1.55,3.1,1,1,2,3.1,0.5
143339438,1.8,0.36,1.0,3,3,5,0.6,0.6
143343409,129.9,18.557142857142857,86.0,4,4,7,32.475,0.5714285714285714
143366704,2.9,1.45,2.9,1,1,2,2.9,0.5
143381893,8.4,4.2,8.4,1,1,2,8.4,0.5
143446735,11.2,5.6,11.2,1,1,2,11.2,0.5
143449478,265.0,132.5,265.0,1,1,2,265.0,0.5
143459727,492.6,28.976470588235294,310.0,10,10,17,49.260000000000005,0.5882352941176471
143560279,1155.0,577.5,1155.0,1,1,2,1155.0,0.5
143588434,3.3,1.65,3.3,1,1,2,3.3,0.5
143590545,276.0,138.0,276.0,1,1,2,276.0,0.5
143629070,177.6,22.2,171.0,5,5,8,35.519999999999996,0.625
143643478,445.8,4.64375,95.0,73,73,96,6.1068493150684935,0.7604166666666666
143669519,0.4,0.2,0.4,1,1,2,0.4,0.5
143669656,1.1,0.55,1.1,1,1,2,1.1,0.5
143671754,21.0,10.5,21.0,1,1,2,21.0,0.5
143693450,2.9,1.45,2.9,1,1,2,2.9,0.5
143734410,2.0,1.0,2.0,1,1,2,2.0,0.5
143770130,39.5,2.6333333333333333,21.0,9,9,15,4.388888888888889,0.6
143788323,25.0,12.5,25.0,1,1,2,25.0,0.5
143824748,3.3,0.6599999999999999,2.8,3,3,5,1.0999999999999999,0.6
143859315,1.4,0.7,1.4,1,1,2,1.4,0.5
143877335,846.9,4.705,175.0,130,130,180,6.514615384615384,0.7222222222222222
143917036,1129.0,564.5,1129.0,1,1,2,1129.0,0.5
143987972,0.7,0.35,0.7,1,1,2,0.7,0.5
144004384,22.0,11.0,22.0,1,1,2,22.0,0.5
144004666,4.6,2.3,4.6,1,1,2,4.6,0.5
144021086,492.0,246.0,492.0,1,1,2,492.0,0.5
144024725,206.0,29.428571428571427,206.0,6,6,7,34.333333333333336,0.8571428571428571
144059425,7.0,3.5,7.0,1,1,2,7.0,0.5
144071257,1565.9,10.580405405405406,482.0,108,108,148,14.499074074074075,0.7297297297297297
144103384,447.0,223.5,447.0,1,1,2,447.0,0.5
144114673,0.7,0.35,0.7,1,1,2,0.7,0.5
144132703,7.5,3.75,7.5,1,1,2,7.5,0.5
144138643,5.2,2.6,5.2,1,1,2,5.2,0.5
144144570,366.0,183.0,366.0,1,1,2,366.0,0.5
144153802,801.0,80.1,801.0,9,9,10,89.0,0.9
144188136,33.3,5.55,18.9,3,3,6,11.1,0.5
144197012,0.8,0.4,0.8,1,1,2,0.8,0.5
144202828,3.2,1.6,3.2,1,1,2,3.2,0.5
144229102,46.0,23.0,46.0,1,1,2,46.0,0.5
144276946,1.0,0.5,1.0,1,1,2,1.0,0.5
144307381,0.1,0.05,0.1,1,1,2,0.1,0.5
144319593,0.4,0.2,0.4,1,1,2,0.4,0.5
144347801,527.4,18.835714285714285,178.0,16,16,28,32.9625,0.5714285714285714
144381643,143.0,71.5,143.0,1,1,2,143.0,0.5
144387163,378.0,94.5,268.0,2,2,4,189.0,0.5
144412676,646.4,29.38181818181818,548.0,11,11,22,58.76363636363636,0.5
144455775,3065.4,383.175,2304.0,5,5,8,613.08,0.625
144463267,1.7,0.85,1.7,1,1,2,1.7,0.5
144463433,49.1,12.275,48.0,2,2,4,24.55,0.5
144505477,1.5,0.75,1.5,1,1,2,1.5,0.5
144508237,1.7,0.85,1.7,1,1,2,1.7,0.5
144515751,0.3,0.15,0.3,1,1,2,0.3,0.5
144516443,39.0,19.5,39.0,1,1,2,39.0,0.5
144532046,2766.2,102.45185185185184,2758.0,22,22,27,125.73636363636363,0.8148148148148148
144546440,4.4,2.2,4.4,1,1,2,4.4,0.5
144565105,8.5,4.25,8.5,1,1,2,8.5,0.5
144578181,30.4,2.533333333333333,28.0,7,7,12,4.3428571428571425,0.5833333333333334
144580725,1826.3,25.722535211267605,1677.0,46,46,71,39.702173913043474,0.647887323943662
144626100,328.0,54.666666666666664,328.0,5,5,6,65.6,0.8333333333333334
144652370,3.6,1.8,3.6,1,1,2,3.6,0.5
144665493,280.0,93.33333333333333,280.0,2,2,3,140.0,0.6666666666666666
144679568,12.4,0.8857142857142858,7.2,9,9,14,1.3777777777777778,0.6428571428571429
144681252,3.9,1.95,3.9,1,1,2,3.9,0.5
144715893,15.0,7.5,15.0,1,1,2,15.0,0.5
144716176,0.9,0.45,0.9,1,1,2,0.9,0.5
144731554,1151.0,575.5,1151.0,1,1,2,1151.0,0.5
144736559,370.0,185.0,370.0,1,1,2,370.0,0.5
144736928,88.8,22.2,73.0,2,2,4,44.4,0.5
144737094,1000.1,250.025,1000.0,2,2,4,500.05,0.5
144737312,392.0,196.0,392.0,1,1,2,392.0,0.5
144762614,2617.9,174.52666666666667,1967.0,9,9,15,290.8777777777778,0.6
144813543,1078.0,134.75,1054.0,6,6,8,179.66666666666666,0.75
144824885,66.0,2.129032258064516,28.0,20,20,31,3.3,0.6451612903225806
144835995,2086.0,1043.0,2086.0,1,1,2,2086.0,0.5
144845684,88.3,3.6791666666666667,28.0,13,13,24,6.792307692307692,0.5416666666666666
144854157,46.8,6.685714285714285,39.0,5,5,7,9.36,0.7142857142857143
144880494,2.4,0.7999999999999999,2.4,2,2,3,1.2,0.6666666666666666
144900175,1323.0,661.5,1323.0,1,1,2,1323.0,0.5
144911326,1445.0,481.6666666666667,1445.0,2,2,3,722.5,0.6666666666666666
144968130,1.4,0.7,1.4,1,1,2,1.4,0.5
144977276,812.0,406.0,812.0,1,1,2,812.0,0.5
145027235,13.8,6.9,13.8,1,1,2,13.8,0.5
145041407,1177.0,294.25,1177.0,3,3,4,392.3333333333333,0.75
145050295,71.0,35.5,71.0,1,1,2,71.0,0.5
145052189,0.5,0.25,0.5,1,1,2,0.5,0.5
145060724,0.4,0.2,0.4,1,1,2,0.4,0.5
145078067,14.8,7.4,14.8,1,1,2,14.8,0.5
145117004,393.0,14.035714285714286,267.0,15,15,28,26.2,0.5357142857142857
145132643,1.0,0.5,1.0,1,1,2,1.0,0.5
145137322,1409.0,704.5,1409.0,1,1,2,1409.0,0.5
145202608,1207.0,172.42857142857142,1207.0,6,6,7,201.16666666666666,0.8571428571428571
145243748,591.0,8.82089552238806,157.0,39,39,67,15.153846153846153,0.582089552238806
145247573,9.8,3.266666666666667,9.8,2,2,3,4.9,0.6666666666666666
145260456,153.0,51.0,153.0,2,2,3,76.5,0.6666666666666666
145275657,418.5,41.85,409.0,6,6,10,69.75,0.6
145299659,0.0,0.0,0.0,3,3,3,0.0,1.0
145320311,783.6,41.242105263157896,712.0,12,12,19,65.3,0.631578947368421
145368259,25.0,6.25,25.0,3,3,4,8.333333333333334,0.75
145507090,1.4,0.7,1.4,1,1,2,1.4,0.5
145508370,2.3,1.15,2.3,1,1,2,2.3,0.5
145512685,1875.8,36.780392156862746,869.0,27,27,51,69.47407407407407,0.5294117647058824
145534973,250.0,41.666666666666664,213.0,4,4,6,62.5,0.6666666666666666
145606876,4916.2,378.16923076923075,4775.0,7,7,13,702.3142857142857,0.5384615384615384
145620149,12.4,6.2,12.4,1,1,2,12.4,0.5
145633458,13.0,6.5,13.0,1,1,2,13.0,0.5
145646661,353.6,88.4,352.0,2,2,4,176.8,0.5
145658798,1.7,0.85,1.7,1,1,2,1.7,0.5
145670348,126.0,14.0,126.0,8,8,9,15.75,0.8888888888888888
145672760,4.4,2.2,4.4,1,1,2,4.4,0.5
145710414,2.9,1.45,2.9,1,1,2,2.9,0.5
145722517,176.0,88.0,176.0,1,1,2,176.0,0.5
145754702,101.0,50.5,101.0,1,1,2,101.0,0.5
145825155,155.8,5.564285714285715,43.0,15,15,28,10.386666666666667,0.5357142857142857
145834524,972.0,486.0,972.0,1,1,2,972.0,0.5
145839555,0.6,0.3,0.6,1,1,2,0.6,0.5
145840451,113.0,56.5,113.0,1,1,2,113.0,0.5
145844862,4.0,2.0,4.0,1,1,2,4.0,0.5
145867654,300.5,60.1,283.0,3,3,5,100.16666666666667,0.6
145869570,2.5,1.25,2.5,1,1,2,2.5,0.5
145872177,44.0,22.0,44.0,1,1,2,44.0,0.5
145890520,5.1,2.55,5.1,1,1,2,5.1,0.5
145904806,1.4,0.7,1.4,1,1,2,1.4,0.5
145908178,1278.3,91.30714285714285,857.0,8,8,14,159.7875,0.5714285714285714
145927933,946.8,36.41538461538461,480.0,14,14,26,67.62857142857142,0.5384615384615384
145929178,38.0,19.0,38.0,1,1,2,38.0,0.5
145980974,123.0,61.5,123.0,1,1,2,123.0,0.5
146003284,51.0,25.5,51.0,1,1,2,51.0,0.5
146007471,1176.7,16.11917808219178,905.0,42,42,73,28.01666666666667,0.5753424657534246
146016192,7.8999999999999995,0.6583333333333333,5.1,8,8,12,0.9874999999999999,0.6666666666666666
146022542,74.0,2.8461538461538463,39.0,16,16,26,4.625,0.6153846153846154
146055391,2.1,1.05,2.1,1,1,2,2.1,0.5
146067806,1.6,0.8,1.6,1,1,2,1.6,0.5
146092736,48.0,24.0,48.0,1,1,2,48.0,0.5
146108388,0.2,0.06666666666666667,0.2,2,2,3,0.1,0.6666666666666666
146116064,2.5,1.25,2.5,1,1,2,2.5,0.5
146145063,539.5,26.975,217.0,12,12,20,44.958333333333336,0.6
146152475,13.8,6.9,13.8,1,1,2,13.8,0.5
146168069,462.0,231.0,462.0,1,1,2,462.0,0.5
146180405,85.0,42.5,85.0,1,1,2,85.0,0.5
146230543,0.8,0.4,0.8,1,1,2,0.8,0.5
146257187,284.0,142.0,284.0,1,1,2,284.0,0.5
146326949,32.0,16.0,32.0,1,1,2,32.0,0.5
146355606,16.6,8.3,16.6,1,1,2,16.6,0.5
146427029,1085.5,60.30555555555556,756.0,9,9,18,120.61111111111111,0.5
146449077,1233.0,616.5,1233.0,1,1,2,1233.0,0.5
146463817,12.2,6.1,12.2,1,1,2,12.2,0.5
146517796,296.6,29.660000000000004,252.0,5,5,10,59.32000000000001,0.5
146567789,498.0,249.0,498.0,1,1,2,498.0,0.5
146584740,4.7,2.35,4.7,1,1,2,4.7,0.5
146585181,4.3,2.15,4.3,1,1,2,4.3,0.5
146594813,252.1,42.016666666666666,248.0,3,3,6,84.03333333333333,0.5
146607430,78.0,39.0,78.0,1,1,2,78.0,0.5
146611097,119.0,13.222222222222221,119.0,8,8,9,14.875,0.8888888888888888
146678136,1.9,0.95,1.9,1,1,2,1.9,0.5
146682210,0.3,0.15,0.3,1,1,2,0.3,0.5
146693761,7.4,3.7,7.4,1,1,2,7.4,0.5
146704328,266.0,133.0,266.0,1,1,2,266.0,0.5
146711832,4.4,2.2,4.4,1,1,2,4.4,0.5
146762928,198.4,19.84,106.0,6,6,10,33.06666666666667,0.6
146785235,0.8,0.4,0.8,1,1,2,0.8,0.5
146796532,74.0,37.0,74.0,1,1,2,74.0,0.5
146809006,387.3,32.275,387.0,9,9,12,43.03333333333333,0.75
146813551,0.6,0.3,0.6,1,1,2,0.6,0.5
146834586,1.0,0.5,1.0,1,1,2,1.0,0.5
146841726,1386.0,462.0,1386.0,2,2,3,693.0,0.6666666666666666
146900719,57.7,7.2125,57.0,5,5,8,11.540000000000001,0.625
146979551,5.0,1.25,3.5,2,2,4,2.5,0.5
146994562,0.8,0.26666666666666666,0.8,2,2,3,0.4,0.6666666666666666
146999982,46.0,3.5384615384615383,22.0,7,7,13,6.571428571428571,0.5384615384615384
147029458,0.6,0.3,0.6,1,1,2,0.6,0.5
147064019,1.3,0.65,1.3,1,1,2,1.3,0.5
147066117,0.0,0.0,0.0,2,2,2,0.0,1.0
147079200,6.1,0.61,2.8,6,6,10,1.0166666666666666,0.6
147114426,1.8,0.9,1.8,1,1,2,1.8,0.5
147120267,0.6,0.06666666666666667,0.6,8,8,9,0.075,0.8888888888888888
147131147,44.0,22.0,44.0,1,1,2,44.0,0.5
147140659,307.5,76.875,307.0,2,2,4,153.75,0.5
147143958,30.8,5.133333333333334,29.0,3,3,6,10.266666666666667,0.5
147147106,1.0,0.5,1.0,1,1,2,1.0,0.5
147149544,0.4,0.2,0.4,1,1,2,0.4,0.5
147154527,542.0,271.0,542.0,1,1,2,542.0,0.5
147159299,3.3,1.65,3.3,1,1,2,3.3,0.5
147228931,3.4,1.7,3.4,1,1,2,3.4,0.5
147251779,0.2,0.05,0.2,3,3,4,0.06666666666666667,0.75
147279161,398.0,199.0,398.0,1,1,2,398.0,0.5
147283870,19.6,9.8,19.6,1,1,2,19.6,0.5
147340721,15.6,7.8,15.6,1,1,2,15.6,0.5
147361523,1.7,0.85,1.7,1,1,2,1.7,0.5
147381026,4.3,2.15,4.3,1,1,2,4.3,0.5
147395962,208.3,26.0375,167.0,5,5,8,41.660000000000004,0.625
147402762,10.2,2.55,8.6,2,2,4,5.1,0.5
147408505,71.0,35.5,71.0,1,1,2,71.0,0.5
147440059,0.6,0.3,0.6,1,1,2,0.6,0.5
147444403,0.7,0.35,0.7,1,1,2,0.7,0.5
147456299,9.3,4.65,9.3,1,1,2,9.3,0.5
147498227,7.6,3.8,7.6,1,1,2,7.6,0.5
147499580,1.2,0.6,1.2,1,1,2,1.2,0.5
147551308,302.0,100.66666666666667,302.0,2,2,3,151.0,0.6666666666666666
147563118,879.0,41.857142857142854,879.0,20,20,21,43.95,0.9523809523809523
147600704,1.4,0.7,1.4,1,1,2,1.4,0.5
147602451,102.0,10.2,102.0,9,9,10,11.333333333333334,0.9
147602462,683.1,4.066071428571429,104.0,97,97,168,7.042268041237113,0.5773809523809523
147619675,0.5,0.25,0.5,1,1,2,0.5,0.5
147619919,5.3,2.65,5.3,1,1,2,5.3,0.5
147654879,0.5,0.25,0.5,1,1,2,0.5,0.5
147750440,4.5,2.25,4.5,1,1,2,4.5,0.5
147764275,766.0,383.0,766.0,1,1,2,766.0,0.5
147795278,0.3,0.15,0.3,1,1,2,0.3,0.5
147810275,1.4,0.27999999999999997,1.4,4,4,5,0.35,0.8
147859903,168.4,2.1316455696202534,45.0,50,50,79,3.3680000000000003,0.6329113924050633
147876770,0.5,0.16666666666666666,0.5,2,2,3,0.25,0.6666666666666666
147879598,196.3,11.547058823529412,73.0,10,10,17,19.630000000000003,0.5882352941176471
147910240,52.9,4.408333333333333,16.9,6,6,12,8.816666666666666,0.5
148073435,2.9,1.45,2.9,1,1,2,2.9,0.5
148118934,1.2,0.6,1.2,1,1,2,1.2,0.5
148162764,87.6,17.52,86.0,3,3,5,29.2,0.6
148246305,327.4,11.289655172413791,252.0,20,20,29,16.369999999999997,0.6896551724137931
148264060,1238.5,45.870370370370374,820.0,14,14,27,88.46428571428571,0.5185185185185185
148288759,363.0,181.5,363.0,1,1,2,363.0,0.5
148322156,3.8000000000000003,0.14615384615384616,1.1,17,17,26,0.2235294117647059,0.6538461538461539
148327615,816.0,408.0,816.0,1,1,2,816.0,0.5
148346652,55.2,4.246153846153846,54.0,11,11,13,5.0181818181818185,0.8461538461538461
148362155,3568.8,10.980923076923078,1287.0,226,226,325,15.791150442477877,0.6953846153846154
148400139,1.9,0.95,1.9,1,1,2,1.9,0.5
148413660,0.4,0.2,0.4,1,1,2,0.4,0.5
148424406,2.1,1.05,2.1,1,1,2,2.1,0.5
148467772,193.20000000000002,7.728000000000001,93.0,16,16,25,12.075000000000001,0.64
148476467,21.2,3.533333333333333,11.2,3,3,6,7.066666666666666,0.5
148499580,2.7,1.35,2.7,1,1,2,2.7,0.5
148510973,1790.7,21.317857142857143,1056.0,66,66,84,27.131818181818183,0.7857142857142857
148528469,0.3,0.15,0.3,1,1,2,0.3,0.5
148546383,116.0,58.0,116.0,1,1,2,116.0,0.5
148576413,146.0,73.0,146.0,1,1,2,146.0,0.5
148619573,807.0,403.5,807.0,1,1,2,807.0,0.5
148631188,271.2,27.119999999999997,269.0,7,7,10,38.74285714285714,0.7
148663325,7.0,3.5,7.0,1,1,2,7.0,0.5
148674157,379.4,3.952083333333333,72.0,58,58,96,6.541379310344827,0.6041666666666666
148761419,240.0,60.0,236.0,2,2,4,120.0,0.5
148773331,188.2,18.82,79.0,5,5,10,37.64,0.5
148831715,128.6,3.0619047619047617,50.0,23,23,42,5.591304347826087,0.5476190476190477
148833344,1989.0,994.5,1989.0,1,1,2,1989.0,0.5
148847158,25.0,12.5,25.0,1,1,2,25.0,0.5
148860618,14.8,7.4,14.8,1,1,2,14.8,0.5
148893116,6.1,3.05,6.1,1,1,2,6.1,0.5
148894894,1.5,0.75,1.5,1,1,2,1.5,0.5
148928721,2721.1,104.6576923076923,2594.0,14,14,26,194.3642857142857,0.5384615384615384
148932080,10.0,5.0,10.0,1,1,2,10.0,0.5
148939255,77.0,38.5,77.0,1,1,2,77.0,0.5
148959028,22.0,11.0,22.0,1,1,2,22.0,0.5
148976064,1.2,0.6,1.2,1,1,2,1.2,0.5
149009099,2.7,1.35,2.7,1,1,2,2.7,0.5
149032069,1.1,0.55,1.1,1,1,2,1.1,0.5
149053502,1.4,0.7,1.4,1,1,2,1.4,0.5
149081421,1.0,0.5,1.0,1,1,2,1.0,0.5
149122593,4.1,2.05,4.1,1,1,2,4.1,0.5
149143479,1011.0,45.95454545454545,306.0,13,13,22,77.76923076923077,0.5909090909090909
149144202,0.5,0.25,0.5,1,1,2,0.5,0.5
149150848,43.0,21.5,43.0,1,1,2,43.0,0.5
149194171,79.0,39.5,79.0,1,1,2,79.0,0.5
149233338,5.5,2.75,5.5,1,1,2,5.5,0.5
149291366,24.200000000000003,3.4571428571428577,15.3,4,4,7,6.050000000000001,0.5714285714285714
149310293,0.6,0.3,0.6,1,1,2,0.6,0.5
149318464,66.0,33.0,66.0,1,1,2,66.0,0.5
149331941,185.5,11.59375,85.0,9,9,16,20.61111111111111,0.5625
149350556,0.4,0.2,0.4,1,1,2,0.4,0.5
149365029,0.4,0.2,0.4,1,1,2,0.4,0.5
149368095,149.0,74.5,149.0,1,1,2,149.0,0.5
149384813,6.9,3.45,6.9,1,1,2,6.9,0.5
149386510,30.0,15.0,30.0,1,1,2,30.0,0.5
149424772,656.5,31.261904761904763,594.0,11,11,21,59.68181818181818,0.5238095238095238
149434889,19.4,9.7,19.4,1,1,2,19.4,0.5
149438233,2.9000000000000004,0.5800000000000001,2.7,3,3,5,0.9666666666666668,0.6
149449755,61.0,15.25,34.0,2,2,4,30.5,0.5
149451413,2.5,1.25,2.5,1,1,2,2.5,0.5
149455125,0.6,0.3,0.6,1,1,2,0.6,0.5
149501464,48.0,24.0,48.0,1,1,2,48.0,0.5
149505485,358.1,25.57857142857143,191.0,8,8,14,44.7625,0.5714285714285714
149529833,0.5,0.25,0.5,1,1,2,0.5,0.5
149541004,0.9,0.45,0.9,1,1,2,0.9,0.5
149556407,0.5,0.25,0.5,1,1,2,0.5,0.5
149579610,881.0,146.83333333333334,881.0,5,5,6,176.2,0.8333333333333334
149689548,7.800000000000001,1.9500000000000002,7.4,2,2,4,3.9000000000000004,0.5
149699301,8.6,4.3,8.6,1,1,2,8.6,0.5
149710944,2.0,1.0,2.0,1,1,2,2.0,0.5
149711127,6.3,3.15,6.3,1,1,2,6.3,0.5
149741997,205.7,22.855555555555554,181.0,5,5,9,41.14,0.5555555555555556
149790632,40.0,20.0,40.0,1,1,2,40.0,0.5
149795092,4.4,0.3666666666666667,1.6,7,7,12,0.6285714285714287,0.5833333333333334
149810726,510.7,18.914814814814815,220.0,16,16,27,31.91875,0.5925925925925926
149820947,274.0,27.4,274.0,9,9,10,30.444444444444443,0.9
149825972,150.0,75.0,150.0,1,1,2,150.0,0.5
149832495,9.5,4.75,9.5,1,1,2,9.5,0.5
149840320,230.2,57.55,225.0,2,2,4,115.1,0.5
149850626,0.0,0.0,0.0,4,4,4,0.0,1.0
149860301,0.7,0.35,0.7,1,1,2,0.7,0.5
149873773,105.0,52.5,105.0,1,1,2,105.0,0.5
149911598,2.2,1.1,2.2,1,1,2,2.2,0.5
149920224,1531.1,18.671951219512195,939.0,52,52,82,29.444230769230767,0.6341463414634146
149931915,10.6,5.3,10.6,1,1,2,10.6,0.5
150033540,752.6,4.350289017341041,110.0,101,101,173,7.451485148514852,0.5838150289017341
150039339,17.8,8.9,17.8,1,1,2,17.8,0.5
150100130,202.0,101.0,202.0,1,1,2,202.0,0.5
150102806,0.3,0.15,0.3,1,1,2,0.3,0.5
150103338,1.9,0.95,1.9,1,1,2,1.9,0.5
150128162,42.0,21.0,42.0,1,1,2,42.0,0.5
150135487,76.2,1.8585365853658538,26.0,30,30,41,2.54,0.7317073170731707
150137344,1832.1,52.34571428571428,1217.0,18,18,35,101.78333333333333,0.5142857142857142
150140786,1.4,0.7,1.4,1,1,2,1.4,0.5
150144638,0.9,0.45,0.9,1,1,2,0.9,0.5
150182632,207.5,12.96875,96.0,9,9,16,23.055555555555557,0.5625
150225672,31.0,15.5,31.0,1,1,2,31.0,0.5
150282867,157.7,11.264285714285714,119.0,9,9,14,17.522222222222222,0.6428571428571429
150305902,68.2,1.705,27.0,24,24,40,2.841666666666667,0.6
150326378,97.9,5.438888888888889,30.0,9,9,18,10.877777777777778,0.5
150362399,33.0,16.5,33.0,1,1,2,33.0,0.5
150370754,5.5,2.75,5.5,1,1,2,5.5,0.5
150382608,717.0,358.5,717.0,1,1,2,717.0,0.5
150386429,57.0,28.5,57.0,1,1,2,57.0,0.5
150395329,607.0,303.5,607.0,1,1,2,607.0,0.5
150396347,3.7,1.85,3.7,1,1,2,3.7,0.5
150397316,221.1,7.624137931034483,96.0,15,15,29,14.74,0.5172413793103449
150405762,16.7,5.566666666666666,16.7,2,2,3,8.35,0.6666666666666666
150408079,76.0,38.0,76.0,1,1,2,76.0,0.5
150424384,0.3,0.15,0.3,1,1,2,0.3,0.5
150457019,75.0,37.5,75.0,1,1,2,75.0,0.5
150472108,266.3,19.021428571428572,202.0,8,8,14,33.2875,0.5714285714285714
150538933,462.0,231.0,462.0,1,1,2,462.0,0.5
150623264,20.2,3.3666666666666667,12.5,4,4,6,5.05,0.6666666666666666
150632096,3.0,1.5,3.0,1,1,2,3.0,0.5
150644179,0.5,0.25,0.5,1,1,2,0.5,0.5
150652861,4.6,1.5333333333333332,4.6,2,2,3,2.3,0.6666666666666666
150697950,0.6,0.3,0.6,1,1,2,0.6,0.5
150720815,417.0,208.5,417.0,1,1,2,417.0,0.5
150731350,9.7,4.85,9.7,1,1,2,9.7,0.5
150746659,1.3,0.65,1.3,1,1,2,1.3,0.5
150751526,885.8,6.9203125,374.0,79,79,128,11.2126582278481,0.6171875
150762951,0.3,0.15,0.3,1,1,2,0.3,0.5
150789931,1288.9,14.814942528735633,295.0,55,55,87,23.434545454545457,0.632183908045977
150793375,7.7,3.85,7.7,1,1,2,7.7,0.5
150794152,742.0,371.0,742.0,1,1,2,742.0,0.5
150820937,16.1,8.05,16.1,1,1,2,16.1,0.5
150828477,2.9,1.45,2.9,1,1,2,2.9,0.5
150871288,17.6,8.8,17.6,1,1,2,17.6,0.5
150882304,762.6,12.71,525.0,50,50,60,15.252,0.8333333333333334
150903970,0.9,0.45,0.9,1,1,2,0.9,0.5
150909485,119.6,6.294736842105263,28.0,12,12,19,9.966666666666667,0.631578947368421
150910680,1.7,0.85,1.7,1,1,2,1.7,0.5
150965343,5.3,2.65,5.3,1,1,2,5.3,0.5
150968058,1126.0,375.3333333333333,1126.0,2,2,3,563.0,0.6666666666666666
150974633,9.9,2.475,8.5,2,2,4,4.95,0.5
150991587,589.6,98.26666666666667,535.0,3,3,6,196.53333333333333,0.5
150995572,1304.8,32.62,834.0,23,23,40,56.7304347826087,0.575
151015947,103.8,1.2069767441860464,18.8,56,56,86,1.8535714285714284,0.6511627906976745
151038065,225.0,112.5,225.0,1,1,2,225.0,0.5
151042957,0.3,0.15,0.3,1,1,2,0.3,0.5
151058601,12.9,6.45,12.9,1,1,2,12.9,0.5
151080401,1.2,0.6,1.2,1,1,2,1.2,0.5
151129695,0.2,0.06666666666666667,0.2,2,2,3,0.1,0.6666666666666666
151133200,5.5,2.75,5.5,1,1,2,5.5,0.5
151213607,0.4,0.2,0.4,1,1,2,0.4,0.5
151229648,1244.3,22.219642857142855,912.0,33,33,56,37.7060606060606,0.5892857142857143
151234988,1660.7,166.07,1406.0,5,5,10,332.14,0.5
151256632,223.1,5.5775,71.0,21,21,40,10.623809523809523,0.525
151257543,1168.0,584.0,1168.0,1,1,2,1168.0,0.5
151264009,0.8,0.4,0.8,1,1,2,0.8,0.5
151330875,10.7,5.35,10.7,1,1,2,10.7,0.5
151331732,83.5,5.964285714285714,48.0,8,8,14,10.4375,0.5714285714285714
151353081,1.9,0.95,1.9,1,1,2,1.9,0.5
151381644,6.2,3.1,6.2,1,1,2,6.2,0.5
151397156,46.0,9.2,24.0,3,3,5,15.333333333333334,0.6
151465345,22.0,7.333333333333333,22.0,2,2,3,11.0,0.6666666666666666
151470260,17.799999999999997,4.449999999999999,10.7,2,2,4,8.899999999999999,0.5
151481334,56.0,28.0,56.0,1,1,2,56.0,0.5
151515141,0.1,0.05,0.1,1,1,2,0.1,0.5
151600301,2885.2,45.79682539682539,877.0,34,34,63,84.85882352941177,0.5396825396825397
151601979,41.0,20.5,41.0,1,1,2,41.0,0.5
151603712,439.9,6.665151515151515,273.0,40,40,66,10.997499999999999,0.6060606060606061
151662395,622.4,20.746666666666666,578.0,18,18,30,34.577777777777776,0.6
151724188,20.0,10.0,20.0,1,1,2,20.0,0.5
151727207,157.7,31.54,156.0,3,3,5,52.56666666666666,0.6
151817681,5.0,2.5,5.0,1,1,2,5.0,0.5
151938509,33.8,4.225,27.0,4,4,8,8.45,0.5
151943497,4.0,0.36363636363636365,2.1,7,7,11,0.5714285714285714,0.6363636363636364
151960085,30.0,15.0,30.0,1,1,2,30.0,0.5
151998898,28.0,14.0,28.0,1,1,2,28.0,0.5
152019326,5.8,2.9,5.8,1,1,2,5.8,0.5
152078939,637.7,6.016037735849057,245.0,66,66,106,9.662121212121212,0.6226415094339622
152082114,2.8,1.4,2.8,1,1,2,2.8,0.5
152133307,0.2,0.1,0.2,1,1,2,0.2,0.5
152133579,76.0,38.0,76.0,1,1,2,76.0,0.5
152137140,1.4,0.7,1.4,1,1,2,1.4,0.5
152175390,25.7,3.6714285714285713,23.0,4,4,7,6.425,0.5714285714285714
152291766,510.1,102.02000000000001,509.0,3,3,5,170.03333333333333,0.6
152302676,0.3,0.15,0.3,1,1,2,0.3,0.5
152309184,14.1,7.05,14.1,1,1,2,14.1,0.5
152310454,811.0,405.5,811.0,1,1,2,811.0,0.5
152328066,40.0,13.333333333333334,40.0,2,2,3,20.0,0.6666666666666666
152367732,554.0,277.0,554.0,1,1,2,554.0,0.5
152375240,106.0,53.0,106.0,1,1,2,106.0,0.5
152419713,1286.0,10.046875,803.0,75,75,128,17.14666666666667,0.5859375
152476201,372.0,124.0,372.0,2,2,3,186.0,0.6666666666666666
152476584,5.3,1.325,2.9,2,2,4,2.65,0.5
152485214,0.1,0.05,0.1,1,1,2,0.1,0.5
152497084,1065.2,19.021428571428572,845.0,35,35,56,30.434285714285714,0.625
152542298,37.9,4.211111111111111,27.0,6,6,9,6.316666666666666,0.6666666666666666
152552195,8.9,4.45,8.9,1,1,2,8.9,0.5
152567497,1.2,0.6,1.2,1,1,2,1.2,0.5
152581137,0.3,0.15,0.3,1,1,2,0.3,0.5
152585209,1029.5,11.190217391304348,820.0,57,57,92,18.06140350877193,0.6195652173913043
152597701,0.5,0.25,0.5,1,1,2,0.5,0.5
152621181,2.2,1.1,2.2,1,1,2,2.2,0.5
152639272,1.2,0.39999999999999997,1.2,2,2,3,0.6,0.6666666666666666
152694671,0.8,0.4,0.8,1,1,2,0.8,0.5
152701541,0.7,0.35,0.7,1,1,2,0.7,0.5
152741550,30.7,7.675,29.0,2,2,4,15.35,0.5
152793135,7.8,3.9,7.8,1,1,2,7.8,0.5
152812792,65.0,32.5,65.0,1,1,2,65.0,0.5
152821827,484.0,161.33333333333334,484.0,2,2,3,242.0,0.6666666666666666
152850905,1714.6,122.47142857142856,1241.0,11,11,14,155.87272727272727,0.7857142857142857
152851917,7.2,3.6,7.2,1,1,2,7.2,0.5
152861732,871.8,25.641176470588235,485.0,22,22,34,39.627272727272725,0.6470588235294118
152867378,39.0,19.5,39.0,1,1,2,39.0,0.5
152889443,342.0,171.0,342.0,1,1,2,342.0,0.5
152929009,21.0,10.5,21.0,1,1,2,21.0,0.5
152934929,18.7,9.35,18.7,1,1,2,18.7,0.5
152945749,825.0,117.85714285714286,825.0,6,6,7,137.5,0.8571428571428571
152948396,16.3,8.15,16.3,1,1,2,16.3,0.5
152956403,208.9,3.730357142857143,91.0,34,34,56,6.144117647058824,0.6071428571428571
152959594,1738.3,8.47951219512195,536.0,115,115,205,15.115652173913043,0.5609756097560976
152983035,0.6,0.3,0.6,1,1,2,0.6,0.5
153017703,1009.8,45.9,854.0,12,12,22,84.14999999999999,0.5454545454545454
153026960,18.3,9.15,18.3,1,1,2,18.3,0.5
153028703,387.0,96.75,387.0,3,3,4,129.0,0.75
153046757,119.0,59.5,119.0,1,1,2,119.0,0.5
153076975,412.8,5.982608695652174,79.0,42,42,69,9.82857142857143,0.6086956521739131
153097805,92.2,9.22,54.0,5,5,10,18.44,0.5
153144971,1029.1,93.55454545454545,991.0,6,6,11,171.51666666666665,0.5454545454545454
153148942,169.0,2.913793103448276,71.0,37,37,58,4.5675675675675675,0.6379310344827587
153156310,3490.3,349.03000000000003,2496.0,6,6,10,581.7166666666667,0.6
153164320,9.7,4.85,9.7,1,1,2,9.7,0.5
153166211,0.6,0.09999999999999999,0.6,5,5,6,0.12,0.8333333333333334
153197178,0.5,0.25,0.5,1,1,2,0.5,0.5
153281729,0.4,0.2,0.4,1,1,2,0.4,0.5
153290864,0.8,0.4,0.8,1,1,2,0.8,0.5
153361267,4.8,1.5999999999999999,4.8,2,2,3,2.4,0.6666666666666666
153382649,9640.0,3213.3333333333335,9640.0,2,2,3,4820.0,0.6666666666666666
153390095,1.6,0.8,1.6,1,1,2,1.6,0.5
153399994,0.0,0.0,0.0,4,4,4,0.0,1.0
153415214,0.2,0.1,0.2,1,1,2,0.2,0.5
153428440,110.0,55.0,110.0,1,1,2,110.0,0.5
153431729,8.0,2.0,7.5,2,2,4,4.0,0.5
153434378,21.0,10.5,21.0,1,1,2,21.0,0.5
153475364,2.4,1.2,2.4,1,1,2,2.4,0.5
153495323,6.1,3.05,6.1,1,1,2,6.1,0.5
153541594,14.9,7.45,14.9,1,1,2,14.9,0.5
153543959,11.4,1.9000000000000001,11.0,3,3,6,3.8000000000000003,0.5
153545980,0.5,0.25,0.5,1,1,2,0.5,0.5
153556435,0.6,0.3,0.6,1,1,2,0.6,0.5
153593157,764.0,254.66666666666666,764.0,2,2,3,382.0,0.6666666666666666
153633636,153.8,12.816666666666668,151.0,10,10,12,15.38,0.8333333333333334
153643202,25.0,12.5,25.0,1,1,2,25.0,0.5
153747813,0.4,0.2,0.4,1,1,2,0.4,0.5
153772705,0.9,0.45,0.9,1,1,2,0.9,0.5
153774422,491.0,245.5,491.0,1,1,2,491.0,0.5
153819101,35.0,11.666666666666666,35.0,2,2,3,17.5,0.6666666666666666
153819708,1.1,0.55,1.1,1,1,2,1.1,0.5
153821154,86.7,1.445,44.0,53,53,60,1.6358490566037736,0.8833333333333333
153823616,180.3,18.03,87.0,5,5,10,36.06,0.5
153828204,1762.0,881.0,1762.0,1,1,2,1762.0,0.5
153835752,0.4,0.2,0.4,1,1,2,0.4,0.5
153841049,10.5,5.25,10.5,1,1,2,10.5,0.5
153872830,47.0,23.5,47.0,1,1,2,47.0,0.5
153945772,1781.6,65.98518518518519,1625.0,16,16,27,111.35,0.5925925925925926
153956921,555.6,5.727835051546392,376.0,64,64,97,8.68125,0.6597938144329897
153991478,111.7,5.077272727272727,48.0,12,12,22,9.308333333333334,0.5454545454545454
154014392,946.9,13.924999999999999,606.0,39,39,68,24.27948717948718,0.5735294117647058
154017479,1.0,0.5,1.0,1,1,2,1.0,0.5
154083425,5.6000000000000005,1.12,4.7,3,3,5,1.866666666666667,0.6
154099092,226.0,56.5,226.0,3,3,4,75.33333333333333,0.75
154105212,89.0,44.5,89.0,1,1,2,89.0,0.5
154123088,158.2,11.299999999999999,49.0,8,8,14,19.775,0.5714285714285714
154137401,1.3,0.65,1.3,1,1,2,1.3,0.5
154145611,2280.3,67.06764705882354,1216.0,20,20,34,114.01500000000001,0.5882352941176471
154174570,0.7,0.35,0.7,1,1,2,0.7,0.5
154208464,1055.0,175.83333333333334,1050.0,3,3,6,351.6666666666667,0.5
154210162,780.0,390.0,780.0,1,1,2,780.0,0.5
154220574,1.9,0.95,1.9,1,1,2,1.9,0.5
154230723,1970.9,3.9418,968.0,413,413,500,4.7721549636803875,0.826
154230933,215.2,0.88559670781893,70.0,221,221,243,0.9737556561085973,0.9094650205761317
154245235,0.1,0.05,0.1,1,1,2,0.1,0.5
154274745,0.3,0.15,0.3,1,1,2,0.3,0.5
154275055,955.0,477.5,955.0,1,1,2,955.0,0.5
154276203,2.5,1.25,2.5,1,1,2,2.5,0.5
154281477,418.0,209.0,418.0,1,1,2,418.0,0.5
154296520,2094.2,36.106896551724134,666.0,30,30,58,69.80666666666666,0.5172413793103449
154316707,1534.0,383.5,1534.0,3,3,4,511.3333333333333,0.75
154330480,36.0,18.0,36.0,1,1,2,36.0,0.5
154374262,1010.0,144.28571428571428,1010.0,6,6,7,168.33333333333334,0.8571428571428571
154393235,107.0,53.5,107.0,1,1,2,107.0,0.5
154406815,8.9,4.45,8.9,1,1,2,8.9,0.5
154425908,28.3,7.075,22.0,2,2,4,14.15,0.5
154458931,166.7,4.6305555555555555,78.0,21,21,36,7.938095238095237,0.5833333333333334
154485753,634.0,39.625,485.0,8,8,16,79.25,0.5
154527422,1.7,0.85,1.7,1,1,2,1.7,0.5
154531790,0.1,0.05,0.1,1,1,2,0.1,0.5
154533830,925.3,20.11521739130435,539.0,30,30,46,30.84333333333333,0.6521739130434783
154555730,2.1,1.05,2.1,1,1,2,2.1,0.5
154560653,41.0,20.5,41.0,1,1,2,41.0,0.5
154611788,1.6,0.8,1.6,1,1,2,1.6,0.5
154617624,0.1,0.05,0.1,1,1,2,0.1,0.5
154624403,10.5,5.25,10.5,1,1,2,10.5,0.5
154671192,2.0,1.0,2.0,1,1,2,2.0,0.5
154683982,7.5,3.75,7.5,1,1,2,7.5,0.5
154687199,761.4,26.2551724137931,348.0,21,21,29,36.25714285714285,0.7241379310344828
154691996,0.1,0.05,0.1,1,1,2,0.1,0.5
154730370,1698.9,16.655882352941177,936.0,61,61,102,27.85081967213115,0.5980392156862745
154745722,0.2,0.1,0.2,1,1,2,0.2,0.5
154787874,26.0,13.0,26.0,1,1,2,26.0,0.5
154817899,707.5,44.21875,562.0,10,10,16,70.75,0.625
154868247,0.6,0.12,0.6,4,4,5,0.15,0.8
154882228,432.0,216.0,432.0,1,1,2,432.0,0.5
154895569,8.8,4.4,8.8,1,1,2,8.8,0.5
154940708,0.9,0.18,0.9,4,4,5,0.225,0.8
154940949,472.4,9.448,319.0,28,28,50,16.87142857142857,0.56
154956362,0.3,0.04285714285714286,0.3,6,6,7,0.049999999999999996,0.8571428571428571
155003926,514.8,19.066666666666666,428.0,15,15,27,34.32,0.5555555555555556
155032068,18.7,2.0777777777777775,11.1,5,5,9,3.7399999999999998,0.5555555555555556
155036762,7.4,1.85,4.7,2,2,4,3.7,0.5
155042139,1371.9,20.78636363636364,887.0,38,38,66,36.102631578947374,0.5757575757575758
155052784,2.8,1.4,2.8,1,1,2,2.8,0.5
155061850,1079.0,539.5,1079.0,1,1,2,1079.0,0.5
155069128,3010.0,1505.0,3010.0,1,1,2,3010.0,0.5
155071993,33.9,1.9941176470588236,23.0,10,10,17,3.3899999999999997,0.5882352941176471
155082814,2.8,0.7,2.5,2,2,4,1.4,0.5
155092386,0.8,0.4,0.8,1,1,2,0.8,0.5
155114757,3.8,1.9,3.8,1,1,2,3.8,0.5
155118453,2.6,1.3,2.6,1,1,2,2.6,0.5
155119411,367.0,183.5,367.0,1,1,2,367.0,0.5
155131347,3.6,1.8,3.6,1,1,2,3.6,0.5
155153886,0.7,0.35,0.7,1,1,2,0.7,0.5
155155363,8.6,1.4333333333333333,6.1,3,3,6,2.8666666666666667,0.5
155182551,4228.0,2114.0,4228.0,1,1,2,4228.0,0.5
155183068,11.5,1.15,7.6,6,6,10,1.9166666666666667,0.6
155190853,13.2,6.6,13.2,1,1,2,13.2,0.5
155210304,0.6,0.3,0.6,1,1,2,0.6,0.5
155242980,0.5,0.25,0.5,1,1,2,0.5,0.5
155249913,3.0,1.5,3.0,1,1,2,3.0,0.5
155277811,33.0,8.25,33.0,3,3,4,11.0,0.75
155283245,0.5,0.25,0.5,1,1,2,0.5,0.5
155342268,333.9,27.825,320.0,8,8,12,41.7375,0.6666666666666666
155420511,1269.1,40.938709677419354,846.0,21,21,31,60.43333333333333,0.6774193548387096
155464938,61.0,30.5,61.0,1,1,2,61.0,0.5
155471453,1.5,0.75,1.5,1,1,2,1.5,0.5
155528118,1.0,0.5,1.0,1,1,2,1.0,0.5
155613860,2.2,0.3666666666666667,2.2,5,5,6,0.44000000000000006,0.8333333333333334
155624237,21.099999999999998,2.344444444444444,19.9,7,7,9,3.014285714285714,0.7777777777777778
155669429,0.7,0.175,0.4,2,2,4,0.35,0.5
155673786,3061.7,13.428508771929824,2653.0,173,173,228,17.697687861271675,0.7587719298245614
155706294,25.0,12.5,25.0,1,1,2,25.0,0.5
155718820,543.6,9.883636363636365,137.0,30,30,55,18.12,0.5454545454545454
155752052,0.6,0.3,0.6,1,1,2,0.6,0.5
155772849,7.7,0.3347826086956522,2.7,16,16,23,0.48125,0.6956521739130435
155781142,0.4,0.2,0.4,1,1,2,0.4,0.5
155793870,2.0,1.0,2.0,1,1,2,2.0,0.5
155794117,2.6,1.3,2.6,1,1,2,2.6,0.5
155818761,12.6,6.3,12.6,1,1,2,12.6,0.5
155838344,1.3,0.65,1.3,1,1,2,1.3,0.5
155844529,0.6,0.3,0.6,1,1,2,0.6,0.5
155858528,148.0,74.0,148.0,1,1,2,148.0,0.5
155881626,895.0,17.54901960784314,743.0,49,49,51,18.26530612244898,0.9607843137254902
155909277,1.3,0.65,1.3,1,1,2,1.3,0.5
155919035,1233.7,3.352445652173913,205.0,213,213,368,5.792018779342723,0.5788043478260869
155945477,2.0999999999999996,0.5249999999999999,1.4,2,2,4,1.0499999999999998,0.5
155963474,1332.4,83.275,858.0,10,10,16,133.24,0.625
155964819,4.5,1.125,2.3,2,2,4,2.25,0.5
155993090,3.5,1.75,3.5,1,1,2,3.5,0.5
155997063,3.0,1.5,3.0,1,1,2,3.0,0.5
156002832,26.7,6.675,21.0,2,2,4,13.35,0.5
156021358,7.5,1.875,6.4,2,2,4,3.75,0.5
156039980,8.3,4.15,8.3,1,1,2,8.3,0.5
156071982,729.0,6.75,119.0,59,59,108,12.35593220338983,0.5462962962962963
156079601,6.7,3.35,6.7,1,1,2,6.7,0.5
156090224,16.6,8.3,16.6,1,1,2,16.6,0.5
156145362,0.2,0.1,0.2,1,1,2,0.2,0.5
156150706,546.0,273.0,546.0,1,1,2,546.0,0.5
156156544,5.3,2.65,5.3,1,1,2,5.3,0.5
156202123,1.0,0.25,0.8,2,2,4,0.5,0.5
156270296,0.8,0.4,0.8,1,1,2,0.8,0.5
156271246,63.4,3.7294117647058824,21.0,9,9,17,7.044444444444444,0.5294117647058824
156274884,3.0,1.5,3.0,1,1,2,3.0,0.5
156286815,14.0,7.0,14.0,1,1,2,14.0,0.5
156297441,324.4,14.104347826086956,165.0,16,16,23,20.275,0.6956521739130435
156303898,39.8,7.959999999999999,39.0,3,3,5,13.266666666666666,0.6
156312176,1.7,0.85,1.7,1,1,2,1.7,0.5
156321775,2.5,1.25,2.5,1,1,2,2.5,0.5
156343742,1061.2,212.24,1052.0,3,3,5,353.73333333333335,0.6
156373246,0.7,0.35,0.7,1,1,2,0.7,0.5
156379077,459.8,8.36,229.0,30,30,55,15.326666666666666,0.5454545454545454
156382881,0.4,0.2,0.4,1,1,2,0.4,0.5
156407138,122.1,20.349999999999998,118.0,3,3,6,40.699999999999996,0.5
156407373,709.5,11.825,493.0,34,34,60,20.86764705882353,0.5666666666666667
156423928,5.6,2.8,5.6,1,1,2,5.6,0.5
156426681,271.0,8.741935483870968,90.0,18,18,31,15.055555555555555,0.5806451612903226
156440750,29.4,3.2666666666666666,12.6,5,5,9,5.88,0.5555555555555556
156458299,0.8,0.4,0.8,1,1,2,0.8,0.5
156460514,68.6,13.719999999999999,65.0,3,3,5,22.866666666666664,0.6
156493428,3.5,1.75,3.5,1,1,2,3.5,0.5
156494774,2.5,0.8333333333333334,2.5,2,2,3,1.25,0.6666666666666666
156506614,3.7,1.85,3.7,1,1,2,3.7,0.5
156565178,458.0,2.373056994818653,50.0,132,132,193,3.4696969696969697,0.6839378238341969
156578722,45.0,22.5,45.0,1,1,2,45.0,0.5
156615447,1166.4,13.56279069767442,758.0,51,51,86,22.870588235294118,0.5930232558139535
156617310,0.6,0.3,0.6,1,1,2,0.6,0.5
156619742,30.2,2.5166666666666666,28.0,6,6,12,5.033333333333333,0.5
156639838,10.1,2.02,10.0,3,3,5,3.3666666666666667,0.6
156669447,15.5,5.166666666666667,15.5,2,2,3,7.75,0.6666666666666666
156675178,252.3,1.5968354430379748,34.0,97,97,158,2.6010309278350516,0.6139240506329114
156689404,0.4,0.2,0.4,1,1,2,0.4,0.5
156733822,124.8,12.48,59.0,5,5,10,24.96,0.5
156742049,12.1,6.05,12.1,1,1,2,12.1,0.5
156748261,39.0,3.5454545454545454,22.0,6,6,11,6.5,0.5454545454545454
156763142,5.9,2.95,5.9,1,1,2,5.9,0.5
156778965,10.2,5.1,10.2,1,1,2,10.2,0.5
156787969,0.2,0.028571428571428574,0.2,6,6,7,0.03333333333333333,0.8571428571428571
156799348,22.0,4.4,22.0,4,4,5,5.5,0.8
156818121,1163.2,9.613223140495869,372.0,78,78,121,14.912820512820513,0.6446280991735537
156821142,0.0,0.0,0.0,7,7,7,0.0,1.0
156831526,36.5,6.083333333333333,29.0,4,4,6,9.125,0.6666666666666666
156859477,87.0,43.5,87.0,1,1,2,87.0,0.5
156877824,0.0,0.0,0.0,1,1,1,0.0,1.0
156879739,2181.1,40.39074074074074,1823.0,30,30,54,72.70333333333333,0.5555555555555556
156896203,0.2,0.1,0.2,1,1,2,0.2,0.5
156904436,0.2,0.1,0.2,1,1,2,0.2,0.5
156941467,433.5,24.083333333333332,391.0,11,11,18,39.40909090909091,0.6111111111111112
156946266,3485.4,290.45,3458.0,6,6,12,580.9,0.5
156965566,510.3,36.45,483.0,9,9,14,56.7,0.6428571428571429
157003504,1.0,0.5,1.0,1,1,2,1.0,0.5
157047851,9.9,4.95,9.9,1,1,2,9.9,0.5
157058673,176.5,6.537037037037037,60.0,21,21,27,8.404761904761905,0.7777777777777778
157070205,6.2,3.1,6.2,1,1,2,6.2,0.5
157070584,0.5,0.25,0.5,1,1,2,0.5,0.5
157080495,272.6,5.048148148148148,81.0,32,32,54,8.51875,0.5925925925925926
157095466,660.6,44.04,632.0,12,12,15,55.050000000000004,0.8
157104680,1559.0,779.5,1559.0,1,1,2,1559.0,0.5
157109900,150.0,75.0,150.0,1,1,2,150.0,0.5
157138238,33.0,16.5,33.0,1,1,2,33.0,0.5
157141574,136.0,68.0,136.0,1,1,2,136.0,0.5
157193017,99.7,5.864705882352942,96.0,14,14,17,7.121428571428572,0.8235294117647058
157235483,733.5,17.058139534883722,322.0,32,32,43,22.921875,0.7441860465116279
157275758,541.1,12.883333333333335,193.0,22,22,42,24.595454545454547,0.5238095238095238
157314597,2700.4,270.04,2691.0,6,6,10,450.06666666666666,0.6
157333988,2290.3,572.575,2289.0,2,2,4,1145.15,0.5
157338877,51.1,5.677777777777778,46.0,6,6,9,8.516666666666667,0.6666666666666666
157341587,1136.7,13.217441860465117,753.0,51,51,86,22.288235294117648,0.5930232558139535
157362930,2.0,1.0,2.0,1,1,2,2.0,0.5
157391838,825.8,26.638709677419353,760.0,19,19,31,43.46315789473684,0.6129032258064516
157397663,0.9,0.45,0.9,1,1,2,0.9,0.5
157414627,14.1,7.05,14.1,1,1,2,14.1,0.5
157467012,28.0,14.0,28.0,1,1,2,28.0,0.5
157469247,144.1,4.238235294117647,80.0,21,21,34,6.8619047619047615,0.6176470588235294
157530604,130.2,10.015384615384615,55.0,7,7,13,18.599999999999998,0.5384615384615384
157569705,141.0,20.142857142857142,141.0,6,6,7,23.5,0.8571428571428571
157578481,0.0,0.0,0.0,1,1,1,0.0,1.0
157598403,1.3,0.65,1.3,1,1,2,1.3,0.5
157628719,1.5,0.75,1.5,1,1,2,1.5,0.5
157636450,2663.6,16.341104294478527,1632.0,157,157,163,16.965605095541402,0.9631901840490797
157692363,622.3,88.89999999999999,617.0,5,5,7,124.46,0.7142857142857143
157694162,2.0,1.0,2.0,1,1,2,2.0,0.5
157741885,1.0,0.5,1.0,1,1,2,1.0,0.5
157766388,505.0,29.705882352941178,505.0,16,16,17,31.5625,0.9411764705882353
157811997,389.7,24.35625,356.0,9,9,16,43.3,0.5625
157860100,7.6,3.8,7.6,1,1,2,7.6,0.5
157885152,725.0,362.5,725.0,1,1,2,725.0,0.5
157887709,13.4,6.7,13.4,1,1,2,13.4,0.5
157899431,242.6,11.552380952380952,92.0,12,12,21,20.216666666666665,0.5714285714285714
157899889,0.2,0.1,0.2,1,1,2,0.2,0.5
157906181,0.1,0.05,0.1,1,1,2,0.1,0.5
157939385,0.2,0.1,0.2,1,1,2,0.2,0.5
158000494,0.0,0.0,0.0,1,1,1,0.0,1.0
158005818,1106.0,553.0,1106.0,1,1,2,1106.0,0.5
158121917,1246.8,207.79999999999998,1231.0,3,3,6,415.59999999999997,0.5
158136134,1463.0,365.75,1043.0,2,2,4,731.5,0.5
158136791,1531.3,31.902083333333334,1430.0,40,40,48,38.2825,0.8333333333333334
158159336,22.2,0.9249999999999999,6.7,13,13,24,1.7076923076923076,0.5416666666666666
158173228,726.9,27.957692307692305,616.0,16,16,26,45.43125,0.6153846153846154
158195187,0.3,0.15,0.3,1,1,2,0.3,0.5
158211774,120.0,60.0,120.0,1,1,2,120.0,0.5
158237531,6.7,3.35,6.7,1,1,2,6.7,0.5
158260880,15.8,7.9,15.8,1,1,2,15.8,0.5
158265363,0.6,0.3,0.6,1,1,2,0.6,0.5
158267574,5.8,2.9,5.8,1,1,2,5.8,0.5
158277459,617.2,23.73846153846154,594.0,18,18,26,34.28888888888889,0.6923076923076923
158324196,1522.0,138.36363636363637,861.0,7,7,11,217.42857142857142,0.6363636363636364
158333599,3.2,1.6,3.2,1,1,2,3.2,0.5
158363887,76.0,12.666666666666666,52.0,4,4,6,19.0,0.6666666666666666
158383365,2.7,1.35,2.7,1,1,2,2.7,0.5
158429732,134.4,7.466666666666667,38.0,9,9,18,14.933333333333334,0.5
158447093,6.3,3.15,6.3,1,1,2,6.3,0.5
158469748,63.8,15.95,45.0,2,2,4,31.9,0.5
158476996,420.5,13.140625,127.0,17,17,32,24.735294117647058,0.53125
158481258,2312.0,96.33333333333333,2260.0,22,22,24,105.0909090909091,0.9166666666666666
158481852,1.5,0.75,1.5,1,1,2,1.5,0.5
158495272,1410.1,67.14761904761905,796.0,13,13,21,108.46923076923076,0.6190476190476191
158496230,12.3,6.15,12.3,1,1,2,12.3,0.5
158510672,19.7,4.925,18.7,2,2,4,9.85,0.5
158561350,27.4,2.7399999999999998,15.4,8,8,10,3.425,0.8
158576100,1266.1,115.1,1230.0,6,6,11,211.01666666666665,0.5454545454545454
158601180,205.1,41.019999999999996,193.0,3,3,5,68.36666666666666,0.6
158608850,380.3,5.850769230769231,117.0,37,37,65,10.27837837837838,0.5692307692307692
158620881,119.4,9.950000000000001,92.0,6,6,12,19.900000000000002,0.5
158655503,58.8,4.2,42.0,8,8,14,7.35,0.5714285714285714
158655873,6.9,3.45,6.9,1,1,2,6.9,0.5
158693714,2741.0,1370.5,2741.0,1,1,2,2741.0,0.5
158712831,1.9,0.95,1.9,1,1,2,1.9,0.5
158762452,1.5,0.75,1.5,1,1,2,1.5,0.5
158799099,37.0,18.5,37.0,1,1,2,37.0,0.5
158813353,0.6,0.3,0.6,1,1,2,0.6,0.5
158828239,241.5,40.25,222.0,4,4,6,60.375,0.6666666666666666
158866144,10.9,5.45,10.9,1,1,2,10.9,0.5
158876958,0.2,0.1,0.2,1,1,2,0.2,0.5
158877899,1175.8,78.38666666666667,938.0,9,9,15,130.64444444444445,0.6
158891314,70.0,6.363636363636363,35.0,6,6,11,11.666666666666666,0.5454545454545454
158899877,8.2,4.1,8.2,1,1,2,8.2,0.5
158923194,6.2,3.1,6.2,1,1,2,6.2,0.5
158944454,97.4,5.729411764705882,71.0,10,10,17,9.74,0.5882352941176471
158952821,0.0,0.0,0.0,2,2,2,0.0,1.0
158959728,3.7,1.85,3.7,1,1,2,3.7,0.5
158974308,742.1,20.05675675675676,231.0,20,20,37,37.105000000000004,0.5405405405405406
159000186,11.1,5.55,11.1,1,1,2,11.1,0.5
159012617,1.2,0.6,1.2,1,1,2,1.2,0.5
159034250,61.0,30.5,61.0,1,1,2,61.0,0.5
159077305,1292.4,26.375510204081635,1030.0,33,33,49,39.163636363636364,0.673469387755102
159086542,0.0,0.0,0.0,1,1,1,0.0,1.0
159114904,390.0,8.478260869565217,378.0,41,41,46,9.512195121951219,0.8913043478260869
159129006,16.2,3.2399999999999998,16.2,4,4,5,4.05,0.8
159139948,1.5,0.75,1.5,1,1,2,1.5,0.5
159149512,10.6,5.3,10.6,1,1,2,10.6,0.5
159150588,5.3,2.65,5.3,1,1,2,5.3,0.5
159152280,23.1,3.85,12.7,3,3,6,7.7,0.5
159158411,52.9,13.225,52.0,2,2,4,26.45,0.5
159190291,70.2,17.55,52.0,2,2,4,35.1,0.5
159211669,8.7,2.175,4.5,2,2,4,4.35,0.5
159248043,9.600000000000001,1.2000000000000002,9.3,5,5,8,1.9200000000000004,0.625
159277759,73.3,3.3318181818181816,41.0,13,13,22,5.638461538461538,0.5909090909090909
159279906,1.7,0.85,1.7,1,1,2,1.7,0.5
159283849,1.0,0.5,1.0,1,1,2,1.0,0.5
159364080,1.2,0.6,1.2,1,1,2,1.2,0.5
159365538,352.4,17.619999999999997,201.0,11,11,20,32.03636363636363,0.55
159371621,273.9,2.321186440677966,32.0,77,77,118,3.557142857142857,0.652542372881356
159374866,10.5,5.25,10.5,1,1,2,10.5,0.5
159377740,46.0,23.0,46.0,1,1,2,46.0,0.5
159386087,4.5,2.25,4.5,1,1,2,4.5,0.5
159389512,1.1,0.55,1.1,1,1,2,1.1,0.5
159398853,15.0,7.5,15.0,1,1,2,15.0,0.5
159411437,111.4,3.010810810810811,27.0,22,22,37,5.0636363636363635,0.5945945945945946
159416133,0.0,0.0,0.0,1,1,1,0.0,1.0
159424645,202.2,12.6375,137.0,8,8,16,25.275,0.5
159428605,1411.8,17.870886075949368,1033.0,55,55,79,25.669090909090908,0.6962025316455697
159458198,143.6,23.933333333333334,140.0,4,4,6,35.9,0.6666666666666666
159474046,3.7,1.85,3.7,1,1,2,3.7,0.5
159484357,413.9,8.446938775510203,95.0,27,27,49,15.329629629629629,0.5510204081632653
159512099,0.0,0.0,0.0,1,1,1,0.0,1.0
159515274,0.0,0.0,0.0,1,1,1,0.0,1.0
159524722,58.5,3.65625,34.0,10,10,16,5.85,0.625
159531216,18.0,4.5,13.9,2,2,4,9.0,0.5
159535257,64.2,8.025,38.0,5,5,8,12.84,0.625
159538705,0.0,0.0,0.0,1,1,1,0.0,1.0
159549486,0.0,0.0,0.0,1,1,1,0.0,1.0
159570497,0.0,0.0,0.0,2,2,2,0.0,1.0
159582514,0.0,0.0,0.0,1,1,1,0.0,1.0
159595237,156.8,26.133333333333336,143.0,3,3,6,52.26666666666667,0.5
159647844,0.0,0.0,0.0,1,1,1,0.0,1.0
159651274,0.0,0.0,0.0,1,1,1,0.0,1.0
159654421,0.0,0.0,0.0,2,2,2,0.0,1.0
159677499,223.9,6.784848484848485,46.0,18,18,33,12.43888888888889,0.5454545454545454
159683231,1.4,0.7,1.4,1,1,2,1.4,0.5
159688146,7.0,0.6363636363636364,4.1,8,8,11,0.875,0.7272727272727273
159694986,0.0,0.0,0.0,1,1,1,0.0,1.0
159724167,2.5,1.25,2.5,1,1,2,2.5,0.5
159726428,75.7,7.57,37.0,6,6,10,12.616666666666667,0.6
159734412,47.3,5.2555555555555555,31.0,5,5,9,9.459999999999999,0.5555555555555556
159741914,0.0,0.0,0.0,1,1,1,0.0,1.0
159768153,0.0,0.0,0.0,1,1,1,0.0,1.0
159777976,9.3,4.65,9.3,1,1,2,9.3,0.5
159780220,0.0,0.0,0.0,1,1,1,0.0,1.0
159795622,0.0,0.0,0.0,1,1,1,0.0,1.0
159800136,1868.2,6.486805555555556,451.0,170,170,288,10.989411764705883,0.5902777777777778
159812802,40.1,4.455555555555556,25.0,5,5,9,8.02,0.5555555555555556
159814545,2.2,1.1,2.2,1,1,2,2.2,0.5
159835268,200.0,100.0,200.0,1,1,2,200.0,0.5
159835968,10.5,5.25,10.5,1,1,2,10.5,0.5
159841516,18.4,9.2,18.4,1,1,2,18.4,0.5
159842342,5.8,2.9,5.8,1,1,2,5.8,0.5
159844178,0.0,0.0,0.0,1,1,1,0.0,1.0
159850817,99.5,11.055555555555555,53.0,5,5,9,19.9,0.5555555555555556
159852613,223.2,15.942857142857141,105.0,7,7,14,31.885714285714283,0.5
159853048,0.5,0.125,0.4,2,2,4,0.25,0.5
159865370,18.700000000000003,4.675000000000001,18.1,2,2,4,9.350000000000001,0.5
159867966,0.0,0.0,0.0,1,1,1,0.0,1.0
159888236,1.5,0.375,1.0,2,2,4,0.75,0.5
159922493,33.5,3.35,10.1,5,5,10,6.7,0.5
159936874,56.0,28.0,56.0,1,1,2,56.0,0.5
159946174,435.8,29.053333333333335,326.0,8,8,15,54.475,0.5333333333333333
159956364,0.0,0.0,0.0,1,1,1,0.0,1.0
159960477,0.0,0.0,0.0,1,1,1,0.0,1.0
159966899,0.0,0.0,0.0,1,1,1,0.0,1.0
159983691,0.0,0.0,0.0,1,1,1,0.0,1.0
159994178,873.6,24.266666666666666,363.0,19,19,36,45.97894736842105,0.5277777777777778
159995376,0.0,0.0,0.0,1,1,1,0.0,1.0
160029841,3.5,1.75,3.5,1,1,2,3.5,0.5
160036273,14.2,7.1,14.2,1,1,2,14.2,0.5
160042745,1044.0,80.3076923076923,998.0,7,7,13,149.14285714285714,0.5384615384615384
160055758,10.9,2.725,8.4,2,2,4,5.45,0.5
160058529,7.2,3.6,7.2,1,1,2,7.2,0.5
160065494,114.0,57.0,114.0,1,1,2,114.0,0.5
160139917,1.4,0.7,1.4,1,1,2,1.4,0.5
160162882,1443.6,131.23636363636362,1441.0,8,8,11,180.45,0.7272727272727273
160264413,286.0,143.0,286.0,1,1,2,286.0,0.5
160288335,294.6,7.365,146.0,28,28,40,10.521428571428572,0.7
160288543,1583.0,197.875,1069.0,4,4,8,395.75,0.5
160299889,427.8,10.96923076923077,87.0,23,23,39,18.6,0.5897435897435898
160310816,32.0,16.0,32.0,1,1,2,32.0,0.5
160364257,8.3,4.15,8.3,1,1,2,8.3,0.5
160373639,65.6,13.12,56.0,3,3,5,21.866666666666664,0.6
160427210,2826.2,58.87916666666666,2162.0,25,25,48,113.04799999999999,0.5208333333333334
160430559,2.6,1.3,2.6,1,1,2,2.6,0.5
160433170,1.5,0.375,1.5,3,3,4,0.5,0.75
160453177,678.0,339.0,678.0,1,1,2,678.0,0.5
160461131,9.8,0.7538461538461539,2.8,7,7,13,1.4000000000000001,0.5384615384615384
160469883,41.7,2.9785714285714286,22.0,7,7,14,5.957142857142857,0.5
160550083,0.5,0.25,0.5,1,1,2,0.5,0.5
160598077,9.200000000000001,1.8400000000000003,8.8,3,3,5,3.066666666666667,0.6
160601937,7.0,3.5,7.0,1,1,2,7.0,0.5
160620803,27.1,6.775,24.0,2,2,4,13.55,0.5
160640171,31.9,1.595,9.3,11,11,20,2.9,0.55
160649706,2.0,1.0,2.0,1,1,2,2.0,0.5
160653177,0.3,0.15,0.3,1,1,2,0.3,0.5
160673726,361.6,40.17777777777778,263.0,6,6,9,60.26666666666667,0.6666666666666666
160725611,9.3,2.325,8.0,2,2,4,4.65,0.5
160732832,0.0,0.0,0.0,4,4,4,0.0,1.0
160749747,3.0,0.42857142857142855,2.2,5,5,7,0.6,0.7142857142857143
160767652,353.9,19.66111111111111,227.0,12,12,18,29.491666666666664,0.6666666666666666
160776422,0.6,0.3,0.6,1,1,2,0.6,0.5
160791508,64.2,6.42,62.0,6,6,10,10.700000000000001,0.6
160806303,0.2,0.1,0.2,1,1,2,0.2,0.5
160819372,8.4,4.2,8.4,1,1,2,8.4,0.5
160831523,1.2,0.6,1.2,1,1,2,1.2,0.5
160844169,274.0,137.0,274.0,1,1,2,274.0,0.5
160883669,1372.8,21.12,808.0,37,37,65,37.1027027027027,0.5692307692307692
160887309,98.3,3.5107142857142857,40.0,17,17,28,5.7823529411764705,0.6071428571428571
160922242,126.2,6.0095238095238095,86.0,12,12,21,10.516666666666667,0.5714285714285714
160928826,9.5,1.9,7.9,3,3,5,3.1666666666666665,0.6
160937329,2.4,1.2,2.4,1,1,2,2.4,0.5
160965612,29.4,1.7294117647058822,13.5,9,9,17,3.2666666666666666,0.5294117647058824
160993265,0.4,0.2,0.4,1,1,2,0.4,0.5
161007736,117.0,16.714285714285715,117.0,6,6,7,19.5,0.8571428571428571
161013852,722.0,16.044444444444444,718.0,43,43,45,16.790697674418606,0.9555555555555556
161046658,4.2,2.1,4.2,1,1,2,4.2,0.5
161062314,224.0,18.666666666666668,224.0,11,11,12,20.363636363636363,0.9166666666666666
161063960,436.0,109.0,415.0,2,2,4,218.0,0.5
161076041,420.0,210.0,420.0,1,1,2,420.0,0.5
161084061,379.0,189.5,379.0,1,1,2,379.0,0.5
161084485,11.6,2.9,6.1,2,2,4,5.8,0.5
161085459,0.1,0.03333333333333333,0.1,2,2,3,0.05,0.6666666666666666
161085944,0.2,0.1,0.2,1,1,2,0.2,0.5
161103820,167.0,27.833333333333332,73.0,3,3,6,55.666666666666664,0.5
161117453,280.5,31.166666666666668,258.0,5,5,9,56.1,0.5555555555555556
161118595,0.0,0.0,0.0,1,1,1,0.0,1.0
161139120,443.9,21.138095238095236,174.0,11,11,21,40.35454545454545,0.5238095238095238
161140815,80.7,7.336363636363637,37.0,6,6,11,13.450000000000001,0.5454545454545454
161186800,2.1,1.05,2.1,1,1,2,2.1,0.5
161211955,177.7,14.808333333333332,150.0,7,7,12,25.385714285714283,0.5833333333333334
161220142,21.0,10.5,21.0,1,1,2,21.0,0.5
161234634,18.9,9.45,18.9,1,1,2,18.9,0.5
161240367,1181.9,73.86875,637.0,9,9,16,131.32222222222222,0.5625
161241228,1691.0,845.5,1691.0,1,1,2,1691.0,0.5
161248480,145.0,9.666666666666666,62.0,12,12,15,12.083333333333334,0.8
161275092,0.0,0.0,0.0,6,6,6,0.0,1.0
161309693,6.5,0.65,4.7,6,6,10,1.0833333333333333,0.6
161338471,55.4,2.9157894736842103,46.0,13,13,19,4.2615384615384615,0.6842105263157895
161339015,2.5,1.25,2.5,1,1,2,2.5,0.5
161361254,9.5,1.3571428571428572,7.1,4,4,7,2.375,0.5714285714285714
161366228,1263.8,16.412987012987013,988.0,50,50,77,25.276,0.6493506493506493
161383225,33.2,3.688888888888889,24.0,5,5,9,6.640000000000001,0.5555555555555556
161384593,434.2,7.753571428571428,189.0,30,30,56,14.473333333333333,0.5357142857142857
161405419,8.6,1.2285714285714284,6.8,5,5,7,1.72,0.7142857142857143
161408431,4.6,2.3,4.6,1,1,2,4.6,0.5
161411713,60.0,30.0,60.0,1,1,2,60.0,0.5
161420779,2.1,1.05,2.1,1,1,2,2.1,0.5
161428298,0.2,0.1,0.2,1,1,2,0.2,0.5
161444156,2891.9,413.12857142857143,2865.0,4,4,7,722.975,0.5714285714285714
161504500,0.3,0.15,0.3,1,1,2,0.3,0.5
161535358,0.7,0.35,0.7,1,1,2,0.7,0.5
161540905,0.0,0.0,0.0,1,1,1,0.0,1.0
161601485,0.4,0.2,0.4,1,1,2,0.4,0.5
161615012,2.8,1.4,2.8,1,1,2,2.8,0.5
161623464,620.6,10.009677419354839,251.0,38,38,62,16.33157894736842,0.6129032258064516
161632348,1.4,0.7,1.4,1,1,2,1.4,0.5
161632739,130.5,16.3125,84.0,4,4,8,32.625,0.5
161633525,0.8,0.4,0.8,1,1,2,0.8,0.5
161634552,2.4,1.2,2.4,1,1,2,2.4,0.5
161637382,14.0,7.0,14.0,1,1,2,14.0,0.5
161641723,369.0,184.5,369.0,1,1,2,369.0,0.5
161654643,4.8,2.4,4.8,1,1,2,4.8,0.5
161657866,475.5,79.25,472.0,3,3,6,158.5,0.5
161659407,398.4,7.516981132075471,130.0,29,29,53,13.737931034482758,0.5471698113207547
161663718,1085.9,67.86875,577.0,8,8,16,135.7375,0.5
161666011,0.4,0.2,0.4,1,1,2,0.4,0.5
161671285,1.3,0.65,1.3,1,1,2,1.3,0.5
161672514,14.1,7.05,14.1,1,1,2,14.1,0.5
161759944,46.6,1.6642857142857144,18.4,15,15,28,3.106666666666667,0.5357142857142857
161772384,1065.6,24.218181818181815,697.0,39,39,44,27.323076923076922,0.8863636363636364
161777161,30.0,15.0,30.0,1,1,2,30.0,0.5
161811523,503.7,50.37,347.0,6,6,10,83.95,0.6
161816812,1766.1,16.66132075471698,543.0,69,69,106,25.59565217391304,0.6509433962264151
161816929,3.6,1.8,3.6,1,1,2,3.6,0.5
161896440,587.6,8.641176470588235,198.0,44,44,68,13.354545454545455,0.6470588235294118
161919513,26.6,6.65,16.5,2,2,4,13.3,0.5
161936923,0.0,0.0,0.0,2,2,2,0.0,1.0
161964288,4.0,2.0,4.0,1,1,2,4.0,0.5
161974027,14.100000000000001,3.5250000000000004,8.4,2,2,4,7.050000000000001,0.5
161978121,0.0,0.0,0.0,1,1,1,0.0,1.0
161991221,533.6,4.807207207207208,226.0,68,68,111,7.847058823529412,0.6126126126126126
162024985,2.7,1.35,2.7,1,1,2,2.7,0.5
162068651,100.0,8.333333333333334,52.0,6,6,12,16.666666666666668,0.5
162076421,1951.1,67.27931034482758,1610.0,16,16,29,121.94375,0.5517241379310345
162081645,886.8,14.303225806451612,364.0,34,34,62,26.08235294117647,0.5483870967741935
162086115,1.1,0.55,1.1,1,1,2,1.1,0.5
162179350,0.2,0.1,0.2,1,1,2,0.2,0.5
162179898,0.7,0.35,0.7,1,1,2,0.7,0.5
162214363,1679.8,36.517391304347825,1242.0,31,31,46,54.18709677419355,0.6739130434782609
162258000,0.8,0.4,0.8,1,1,2,0.8,0.5
162262069,0.3,0.15,0.3,1,1,2,0.3,0.5
162288536,2973.1,18.466459627329193,865.0,99,99,161,30.03131313131313,0.6149068322981367
162298430,3.9,1.95,3.9,1,1,2,3.9,0.5
162319568,1308.0,68.84210526315789,1259.0,15,15,19,87.2,0.7894736842105263
162319690,2436.1,243.60999999999999,2427.0,8,8,10,304.5125,0.8
162321309,32.6,8.15,31.0,2,2,4,16.3,0.5
162370266,20.4,1.8545454545454545,5.6,6,6,11,3.4,0.5454545454545454
162396225,1.2,0.6,1.2,1,1,2,1.2,0.5
162421622,985.7,16.428333333333335,587.0,35,35,60,28.162857142857145,0.5833333333333334
162446312,0.0,0.0,0.0,1,1,1,0.0,1.0
162453723,601.4,12.529166666666667,229.0,29,29,48,20.73793103448276,0.6041666666666666
162478997,4.2,2.1,4.2,1,1,2,4.2,0.5
162479816,35.0,17.5,35.0,1,1,2,35.0,0.5
162512492,54.8,13.7,52.0,2,2,4,27.4,0.5
162543176,55.3,3.6866666666666665,21.0,9,9,15,6.144444444444444,0.6
162580876,11.0,2.75,11.0,3,3,4,3.6666666666666665,0.75
162582760,0.4,0.2,0.4,1,1,2,0.4,0.5
162631416,1.2,0.6,1.2,1,1,2,1.2,0.5
162649407,427.6,32.892307692307696,403.0,8,8,13,53.45,0.6153846153846154
162652854,87.0,43.5,87.0,1,1,2,87.0,0.5
162653477,3.4,1.7,3.4,1,1,2,3.4,0.5
162654590,13.2,6.6,13.2,1,1,2,13.2,0.5
162661783,1.2,0.6,1.2,1,1,2,1.2,0.5
162663266,3.7,1.85,3.7,1,1,2,3.7,0.5
162692942,0.9,0.45,0.9,1,1,2,0.9,0.5
162735255,16.8,8.4,16.8,1,1,2,16.8,0.5
162740609,10.1,0.40399999999999997,2.5,15,15,25,0.6733333333333333,0.6
162747179,1.4000000000000001,0.23333333333333336,1.1,4,4,6,0.35000000000000003,0.6666666666666666
162748673,160.2,22.885714285714283,158.0,4,4,7,40.05,0.5714285714285714
162763644,88.0,44.0,88.0,1,1,2,88.0,0.5
162787304,36.0,18.0,36.0,1,1,2,36.0,0.5
162797154,2.1,1.05,2.1,1,1,2,2.1,0.5
162809784,348.8,31.70909090909091,231.0,7,7,11,49.82857142857143,0.6363636363636364
162844395,0.5,0.25,0.5,1,1,2,0.5,0.5
162894140,1213.1,151.6375,1208.0,4,4,8,303.275,0.5
162894458,16.9,8.45,16.9,1,1,2,16.9,0.5
162894582,3.2,1.6,3.2,1,1,2,3.2,0.5
162962869,17.9,8.95,17.9,1,1,2,17.9,0.5
162985705,21.0,7.0,21.0,2,2,3,10.5,0.6666666666666666
162999869,39.0,19.5,39.0,1,1,2,39.0,0.5
163001223,584.9,64.98888888888888,584.0,7,7,9,83.55714285714285,0.7777777777777778
163027169,3.5,1.75,3.5,1,1,2,3.5,0.5
163043651,0.3,0.15,0.3,1,1,2,0.3,0.5
163073929,15.8,7.9,15.8,1,1,2,15.8,0.5
163086238,1.5,0.75,1.5,1,1,2,1.5,0.5
163114751,80.0,11.428571428571429,79.0,5,5,7,16.0,0.7142857142857143
163137081,47.0,23.5,47.0,1,1,2,47.0,0.5
163140792,568.3,18.94333333333333,222.0,17,17,30,33.42941176470588,0.5666666666666667
163158659,0.4,0.2,0.4,1,1,2,0.4,0.5
163160256,138.0,69.0,138.0,1,1,2,138.0,0.5
163162333,1540.8,18.790243902439023,825.0,48,48,82,32.1,0.5853658536585366
163235405,469.0,156.33333333333334,469.0,2,2,3,234.5,0.6666666666666666
163237086,65.0,16.25,37.0,2,2,4,32.5,0.5
163275488,33.0,16.5,33.0,1,1,2,33.0,0.5
163281091,186.5,5.828125,71.0,18,18,32,10.36111111111111,0.5625
163293998,0.7,0.35,0.7,1,1,2,0.7,0.5
163294758,34.4,8.6,33.0,2,2,4,17.2,0.5
163296745,0.2,0.1,0.2,1,1,2,0.2,0.5
163308692,1456.0,112.0,1456.0,12,12,13,121.33333333333333,0.9230769230769231
163349712,0.9,0.45,0.9,1,1,2,0.9,0.5
163360656,0.3,0.15,0.3,1,1,2,0.3,0.5
163361275,204.2,22.688888888888886,170.0,5,5,9,40.839999999999996,0.5555555555555556
163386409,0.3,0.15,0.3,1,1,2,0.3,0.5
163393202,25.4,4.233333333333333,18.4,4,4,6,6.35,0.6666666666666666
163415496,79.8,7.254545454545454,65.0,6,6,11,13.299999999999999,0.5454545454545454
163432200,2633.9,21.0712,244.0,67,67,125,39.311940298507466,0.536
163495807,6.1,3.05,6.1,1,1,2,6.1,0.5
163533808,23.0,11.5,23.0,1,1,2,23.0,0.5
163558271,2.1,1.05,2.1,1,1,2,2.1,0.5
163577217,17.4,8.7,17.4,1,1,2,17.4,0.5
163617342,1754.3,56.59032258064516,891.0,22,22,31,79.74090909090908,0.7096774193548387
163662283,16.4,8.2,16.4,1,1,2,16.4,0.5
163669475,276.1,6.135555555555556,189.0,27,27,45,10.225925925925926,0.6
163671750,1.7,0.85,1.7,1,1,2,1.7,0.5
163681731,1.5,0.75,1.5,1,1,2,1.5,0.5
163681838,0.1,0.05,0.1,1,1,2,0.1,0.5
163690628,22.0,11.0,22.0,1,1,2,22.0,0.5
163712958,695.7,9.153947368421052,206.0,46,46,76,15.123913043478263,0.6052631578947368
163754392,14.6,7.3,14.6,1,1,2,14.6,0.5
163769277,2.2,0.7333333333333334,2.2,2,2,3,1.1,0.6666666666666666
163783296,40.0,20.0,40.0,1,1,2,40.0,0.5
163789845,0.2,0.1,0.2,1,1,2,0.2,0.5
163801892,103.0,51.5,103.0,1,1,2,103.0,0.5
163813292,1.6,0.8,1.6,1,1,2,1.6,0.5
163815861,0.2,0.1,0.2,1,1,2,0.2,0.5
163861892,410.0,205.0,410.0,1,1,2,410.0,0.5
163867033,18.3,9.15,18.3,1,1,2,18.3,0.5
163874774,52.0,26.0,52.0,1,1,2,52.0,0.5
163896673,201.9,14.421428571428573,80.0,8,8,14,25.2375,0.5714285714285714
163922403,0.6,0.3,0.6,1,1,2,0.6,0.5
163924362,10.0,5.0,10.0,1,1,2,10.0,0.5
163930591,691.5,6.915,154.0,59,59,100,11.720338983050848,0.59
163961414,2.0,1.0,2.0,1,1,2,2.0,0.5
163968268,119.2,8.514285714285714,107.0,8,8,14,14.9,0.5714285714285714
163972488,668.4,16.302439024390242,356.0,34,34,41,19.658823529411762,0.8292682926829268
163988065,1.0,0.5,1.0,1,1,2,1.0,0.5
163995791,0.0,0.0,0.0,1,1,1,0.0,1.0
164010859,1.7,0.85,1.7,1,1,2,1.7,0.5
164035963,1.6,0.8,1.6,1,1,2,1.6,0.5
164047422,0.6,0.3,0.6,1,1,2,0.6,0.5
164059206,0.4,0.2,0.4,1,1,2,0.4,0.5
164097534,267.0,9.88888888888889,72.0,14,14,27,19.071428571428573,0.5185185185185185
164107877,0.2,0.1,0.2,1,1,2,0.2,0.5
164183599,0.2,0.1,0.2,1,1,2,0.2,0.5
164196144,289.0,72.25,289.0,3,3,4,96.33333333333333,0.75
164259079,0.3,0.15,0.3,1,1,2,0.3,0.5
164271888,1266.0,633.0,1266.0,1,1,2,1266.0,0.5
164275046,0.6,0.3,0.6,1,1,2,0.6,0.5
164296368,79.5,4.676470588235294,31.0,12,12,17,6.625,0.7058823529411765
164313137,657.2,131.44,654.0,3,3,5,219.0666666666667,0.6
164318687,1215.2,16.646575342465756,440.0,49,49,73,24.8,0.6712328767123288
164319839,1.4,0.7,1.4,1,1,2,1.4,0.5
164348218,1.7,0.85,1.7,1,1,2,1.7,0.5
164370352,11.3,3.766666666666667,11.3,2,2,3,5.65,0.6666666666666666
164399809,201.0,100.5,201.0,1,1,2,201.0,0.5
164454723,4.2,1.05,4.0,2,2,4,2.1,0.5
164473026,1.4,0.7,1.4,1,1,2,1.4,0.5
164475918,536.8,6.467469879518072,140.0,51,51,83,10.525490196078431,0.6144578313253012
164478205,2046.0,1023.0,2046.0,1,1,2,2046.0,0.5
164511211,1112.9,10.70096153846154,365.0,60,60,104,18.548333333333336,0.5769230769230769
164543231,212.0,9.636363636363637,105.0,11,11,22,19.272727272727273,0.5
164561444,63.4,4.226666666666667,61.0,13,13,15,4.8769230769230765,0.8666666666666667
164583377,1076.0,538.0,1076.0,1,1,2,1076.0,0.5
164591420,2.6,1.3,2.6,1,1,2,2.6,0.5
164608800,11.200000000000001,1.866666666666667,9.8,3,3,6,3.733333333333334,0.5
164611728,40.0,20.0,40.0,1,1,2,40.0,0.5
164629829,0.2,0.1,0.2,1,1,2,0.2,0.5
164633248,0.0,0.0,0.0,3,3,3,0.0,1.0
164643993,4468.9,1117.225,4462.0,2,2,4,2234.45,0.5
164662285,95.0,15.833333333333334,84.0,3,3,6,31.666666666666668,0.5
164663996,1010.6,168.43333333333334,993.0,3,3,6,336.8666666666667,0.5
164695293,121.1,7.56875,53.0,8,8,16,15.1375,0.5
164699741,9.2,4.6,9.2,1,1,2,9.2,0.5
164711200,0.8,0.4,0.8,1,1,2,0.8,0.5
164722578,7.1,3.55,7.1,1,1,2,7.1,0.5
164733781,35.0,17.5,35.0,1,1,2,35.0,0.5
164761364,354.6,10.131428571428572,92.0,21,21,35,16.885714285714286,0.6
164772402,0.7,0.35,0.7,1,1,2,0.7,0.5
164796966,15.0,7.5,15.0,1,1,2,15.0,0.5
164805863,21.2,1.06,8.3,11,11,20,1.9272727272727272,0.55
164817484,0.0,0.0,0.0,1,1,1,0.0,1.0
164820245,160.8,2.5125,68.0,48,48,64,3.35,0.75
164865114,17.0,8.5,17.0,1,1,2,17.0,0.5
164873736,23.0,5.75,22.0,2,2,4,11.5,0.5
164884340,75.0,37.5,75.0,1,1,2,75.0,0.5
164927653,0.2,0.1,0.2,1,1,2,0.2,0.5
164939568,4.1,2.05,4.1,1,1,2,4.1,0.5
164948794,546.0,273.0,546.0,1,1,2,546.0,0.5
164961511,154.0,25.666666666666668,154.0,5,5,6,30.8,0.8333333333333334
165020079,9.4,4.7,9.4,1,1,2,9.4,0.5
165025638,0.5,0.25,0.5,1,1,2,0.5,0.5
165031107,9.2,4.6,9.2,1,1,2,9.2,0.5
165034415,3.6,1.8,3.6,1,1,2,3.6,0.5
165043954,6.9,3.45,6.9,1,1,2,6.9,0.5
165065938,31.8,2.2714285714285714,14.8,8,8,14,3.975,0.5714285714285714
165071607,1.7,0.85,1.7,1,1,2,1.7,0.5
165073598,332.8,5.942857142857143,115.0,37,37,56,8.994594594594595,0.6607142857142857
165081137,13.6,4.533333333333333,13.6,2,2,3,6.8,0.6666666666666666
165096054,0.7,0.35,0.7,1,1,2,0.7,0.5
165101762,1708.7,16.429807692307694,910.0,62,62,104,27.559677419354838,0.5961538461538461
165104721,0.0,0.0,0.0,1,1,1,0.0,1.0
165130273,0.2,0.1,0.2,1,1,2,0.2,0.5
165130491,3.9,1.95,3.9,1,1,2,3.9,0.5
165188589,17.8,8.9,17.8,1,1,2,17.8,0.5
165192959,1.0,0.5,1.0,1,1,2,1.0,0.5
165210999,1.0,0.3333333333333333,1.0,2,2,3,0.5,0.6666666666666666
165216297,3.6,1.8,3.6,1,1,2,3.6,0.5
165216496,1140.9,9.668644067796611,570.0,63,63,118,18.10952380952381,0.5338983050847458
165239864,293.6,11.744000000000002,188.0,15,15,25,19.573333333333334,0.6
165240612,922.3,92.22999999999999,410.0,5,5,10,184.45999999999998,0.5
165264315,8.3,4.15,8.3,1,1,2,8.3,0.5
165269326,26.0,13.0,26.0,1,1,2,26.0,0.5
165353535,865.0,32.03703703703704,865.0,26,26,27,33.26923076923077,0.9629629629629629
165356998,38.9,4.322222222222222,25.0,5,5,9,7.779999999999999,0.5555555555555556
165382705,0.2,0.1,0.2,1,1,2,0.2,0.5
165387305,4.6,0.7666666666666666,2.8,3,3,6,1.5333333333333332,0.5
165480423,108.0,54.0,108.0,1,1,2,108.0,0.5
165510738,35.0,17.5,35.0,1,1,2,35.0,0.5
165523661,5.3,2.65,5.3,1,1,2,5.3,0.5
165526290,0.2,0.1,0.2,1,1,2,0.2,0.5
165565786,15.4,3.08,15.3,3,3,5,5.133333333333334,0.6
165580763,213.0,35.5,213.0,5,5,6,42.6,0.8333333333333334
165584237,1.6,0.8,1.6,1,1,2,1.6,0.5
165608075,10.6,0.8153846153846154,5.2,8,8,13,1.325,0.6153846153846154
165609158,1.2,0.6,1.2,1,1,2,1.2,0.5
165644384,0.4,0.2,0.4,1,1,2,0.4,0.5
165645559,0.0,0.0,0.0,4,4,4,0.0,1.0
165683591,381.0,190.5,381.0,1,1,2,381.0,0.5
165691348,8.8,1.1,8.8,7,7,8,1.2571428571428573,0.875
165695811,16.0,8.0,16.0,1,1,2,16.0,0.5
165742641,1773.2,443.3,1767.0,2,2,4,886.6,0.5
165750725,78.0,39.0,78.0,1,1,2,78.0,0.5
165755355,900.0,6.818181818181818,130.0,78,78,132,11.538461538461538,0.5909090909090909
165760407,2.0,1.0,2.0,1,1,2,2.0,0.5
165779930,2837.0,41.11594202898551,1073.0,39,39,69,72.74358974358974,0.5652173913043478
165793116,0.7,0.35,0.7,1,1,2,0.7,0.5
165831570,361.0,180.5,361.0,1,1,2,361.0,0.5
165842250,6.3,3.15,6.3,1,1,2,6.3,0.5
165851692,3.5,1.75,3.5,1,1,2,3.5,0.5
165851788,83.4,3.9714285714285715,42.0,12,12,21,6.95,0.5714285714285714
165877735,13.6,2.7199999999999998,10.5,3,3,5,4.533333333333333,0.6
165906966,0.1,0.05,0.1,1,1,2,0.1,0.5
165907900,1.2,0.6,1.2,1,1,2,1.2,0.5
165945338,0.7,0.35,0.7,1,1,2,0.7,0.5
165951090,69.0,34.5,69.0,1,1,2,69.0,0.5
165994303,11.1,5.55,11.1,1,1,2,11.1,0.5
166008897,0.7,0.35,0.7,1,1,2,0.7,0.5
166048025,6.0,0.6666666666666666,3.0,6,6,9,1.0,0.6666666666666666
166051525,1.0,0.5,1.0,1,1,2,1.0,0.5
166081897,775.6,59.66153846153846,770.0,7,7,13,110.8,0.5384615384615384
166084307,35.7,5.1000000000000005,24.0,4,4,7,8.925,0.5714285714285714
166119884,8.1,4.05,8.1,1,1,2,8.1,0.5
166124426,0.9,0.45,0.9,1,1,2,0.9,0.5
166125977,15.9,2.2714285714285714,15.4,4,4,7,3.975,0.5714285714285714
166136937,38.2,9.55,37.0,2,2,4,19.1,0.5
166149095,44.6,3.716666666666667,25.0,9,9,12,4.955555555555556,0.75
166224568,338.9,11.296666666666665,129.0,15,15,30,22.59333333333333,0.5
166228529,365.0,15.208333333333334,262.0,13,13,24,28.076923076923077,0.5416666666666666
166234554,0.2,0.1,0.2,1,1,2,0.2,0.5
166234928,856.0,428.0,856.0,1,1,2,856.0,0.5
166237064,78.0,39.0,78.0,1,1,2,78.0,0.5
166242802,1.9,0.95,1.9,1,1,2,1.9,0.5
166243691,20.0,10.0,20.0,1,1,2,20.0,0.5
166267643,1.6,0.8,1.6,1,1,2,1.6,0.5
166271195,0.5,0.25,0.5,1,1,2,0.5,0.5
166288511,1.3,0.65,1.3,1,1,2,1.3,0.5
166295260,0.7,0.35,0.7,1,1,2,0.7,0.5
166305056,0.6,0.3,0.6,1,1,2,0.6,0.5
166318971,2.7,1.35,2.7,1,1,2,2.7,0.5
166374827,1472.3,92.01875,1472.0,14,14,16,105.16428571428571,0.875
166385573,1121.0,70.0625,1121.0,15,15,16,74.73333333333333,0.9375
166391678,0.4,0.2,0.4,1,1,2,0.4,0.5
166405828,0.7,0.35,0.7,1,1,2,0.7,0.5
166413380,0.2,0.1,0.2,1,1,2,0.2,0.5
166439004,451.0,90.2,451.0,4,4,5,112.75,0.8
166478332,0.3,0.15,0.3,1,1,2,0.3,0.5
166539261,133.5,16.6875,110.0,5,5,8,26.7,0.625
166545912,2.1,0.17500000000000002,1.3,8,8,12,0.2625,0.6666666666666666
166547657,1.3,0.65,1.3,1,1,2,1.3,0.5
166554789,539.0,269.5,539.0,1,1,2,539.0,0.5
166564620,0.3,0.15,0.3,1,1,2,0.3,0.5
166590150,4.1,2.05,4.1,1,1,2,4.1,0.5
166598655,1.6,0.8,1.6,1,1,2,1.6,0.5
166604341,241.2,9.648,44.0,13,13,25,18.553846153846152,0.52
166639984,439.1,24.394444444444446,428.0,16,16,18,27.44375,0.8888888888888888
166654761,153.1,25.516666666666666,113.0,3,3,6,51.03333333333333,0.5
166656680,19.7,2.4625,10.8,4,4,8,4.925,0.5
166669789,1723.2,10.318562874251498,368.0,108,108,167,15.955555555555556,0.6467065868263473
166689541,347.0,115.66666666666667,347.0,2,2,3,173.5,0.6666666666666666
166705920,697.0,63.36363636363637,697.0,10,10,11,69.7,0.9090909090909091
166747492,2.6,1.3,2.6,1,1,2,2.6,0.5
166753156,1270.1,40.97096774193548,1159.0,17,17,31,74.71176470588235,0.5483870967741935
166811621,3.7,1.85,3.7,1,1,2,3.7,0.5
166823535,202.0,101.0,202.0,1,1,2,202.0,0.5
166841848,0.2,0.1,0.2,1,1,2,0.2,0.5
166858869,287.4,47.9,284.0,3,3,6,95.8,0.5
166863117,314.6,1.5809045226130654,87.0,161,161,199,1.9540372670807455,0.8090452261306532
166880158,805.1,19.16904761904762,201.0,26,26,42,30.965384615384615,0.6190476190476191
166899607,3.8,1.9,3.8,1,1,2,3.8,0.5
166907146,33.6,8.4,18.8,2,2,4,16.8,0.5
166926880,1.5,0.75,1.5,1,1,2,1.5,0.5
166927601,534.5,14.06578947368421,429.0,25,25,38,21.38,0.6578947368421053
167002074,0.4,0.2,0.4,1,1,2,0.4,0.5
167013261,29.2,0.5615384615384615,10.6,42,42,52,0.6952380952380952,0.8076923076923077
167013460,6.0,3.0,6.0,1,1,2,6.0,0.5
167017825,807.8,35.12173913043478,748.0,15,15,23,53.85333333333333,0.6521739130434783
167093760,3.7,0.74,3.7,4,4,5,0.925,0.8
167106826,17.6,2.5142857142857147,6.2,4,4,7,4.4,0.5714285714285714
167108328,62.4,15.6,62.0,2,2,4,31.2,0.5
167118460,393.7,6.249206349206349,202.0,39,39,63,10.094871794871795,0.6190476190476191
167129487,0.5,0.25,0.5,1,1,2,0.5,0.5
167153680,195.0,48.75,195.0,3,3,4,65.0,0.75
167167647,903.0,10.033333333333333,312.0,58,58,90,15.568965517241379,0.6444444444444445
167184744,0.0,0.0,0.0,1,1,1,0.0,1.0
167193350,0.7,0.35,0.7,1,1,2,0.7,0.5
167194020,5930.0,116.27450980392157,4835.0,31,31,51,191.29032258064515,0.6078431372549019
167202599,880.4,22.009999999999998,264.0,27,27,40,32.60740740740741,0.675
167206594,1.6,0.8,1.6,1,1,2,1.6,0.5
167233270,1.3,0.65,1.3,1,1,2,1.3,0.5
167277296,10.8,0.9818181818181819,10.8,10,10,11,1.08,0.9090909090909091
167291533,21.0,10.5,21.0,1,1,2,21.0,0.5
167302978,37.6,6.266666666666667,15.9,3,3,6,12.533333333333333,0.5
167311640,828.0,414.0,828.0,1,1,2,828.0,0.5
167333229,9.4,1.175,6.9,4,4,8,2.35,0.5
167343650,99.0,49.5,99.0,1,1,2,99.0,0.5
167360036,828.1,207.025,820.0,2,2,4,414.05,0.5
167362888,135.0,67.5,135.0,1,1,2,135.0,0.5
167364183,2.5,1.25,2.5,1,1,2,2.5,0.5
167374754,0.2,0.1,0.2,1,1,2,0.2,0.5
167385563,4.1,2.05,4.1,1,1,2,4.1,0.5
167417654,63.5,7.055555555555555,36.0,6,6,9,10.583333333333334,0.6666666666666666
167418202,1635.0,408.75,1635.0,3,3,4,545.0,0.75
167418588,7.9,3.95,7.9,1,1,2,7.9,0.5
167439688,22.0,11.0,22.0,1,1,2,22.0,0.5
167441059,99.0,49.5,99.0,1,1,2,99.0,0.5
167443514,0.2,0.1,0.2,1,1,2,0.2,0.5
167460926,98.0,49.0,98.0,1,1,2,98.0,0.5
167511712,13.4,2.2333333333333334,11.3,3,3,6,4.466666666666667,0.5
167524538,8.7,4.35,8.7,1,1,2,8.7,0.5
167564834,128.0,64.0,128.0,1,1,2,128.0,0.5
167575590,0.5,0.25,0.5,1,1,2,0.5,0.5
167587171,67.0,33.5,67.0,1,1,2,67.0,0.5
167608965,16.1,8.05,16.1,1,1,2,16.1,0.5
167632411,0.6,0.3,0.6,1,1,2,0.6,0.5
167642460,8.3,4.15,8.3,1,1,2,8.3,0.5
167680474,1.1,0.55,1.1,1,1,2,1.1,0.5
167738438,0.9,0.45,0.9,1,1,2,0.9,0.5
167741133,1.4,0.7,1.4,1,1,2,1.4,0.5
167749301,3.9,0.975,2.3,2,2,4,1.95,0.5
167752146,361.4,72.28,347.0,3,3,5,120.46666666666665,0.6
167759366,0.5,0.25,0.5,1,1,2,0.5,0.5
167785065,505.2,42.1,299.0,7,7,12,72.17142857142856,0.5833333333333334
167806571,0.3,0.15,0.3,1,1,2,0.3,0.5
167815968,1433.9,19.11866666666667,1256.0,44,44,75,32.58863636363637,0.5866666666666667
167874227,0.4,0.13333333333333333,0.4,2,2,3,0.2,0.6666666666666666
167879489,18.0,9.0,18.0,1,1,2,18.0,0.5
167901416,135.8,3.4820512820512826,68.0,31,31,39,4.380645161290323,0.7948717948717948
167903990,2.8,1.4,2.8,1,1,2,2.8,0.5
167919935,0.3,0.15,0.3,1,1,2,0.3,0.5
167935300,1.7,0.85,1.7,1,1,2,1.7,0.5
167943113,28.0,14.0,28.0,1,1,2,28.0,0.5
167952671,0.3,0.15,0.3,1,1,2,0.3,0.5
167957216,1.5,0.75,1.5,1,1,2,1.5,0.5
167985276,202.0,6.733333333333333,79.0,16,16,30,12.625,0.5333333333333333
168011250,35.0,17.5,35.0,1,1,2,35.0,0.5
168031436,117.6,2.502127659574468,60.0,31,31,47,3.793548387096774,0.6595744680851063
168035720,677.0,338.5,677.0,1,1,2,677.0,0.5
168041218,213.2,42.64,213.0,3,3,5,71.06666666666666,0.6
168053527,1141.4,19.679310344827588,778.0,37,37,58,30.848648648648652,0.6379310344827587
168057618,3.1,1.55,3.1,1,1,2,3.1,0.5
168069262,514.0,171.33333333333334,514.0,2,2,3,257.0,0.6666666666666666
168082750,119.3,17.04285714285714,104.0,4,4,7,29.825,0.5714285714285714
168087108,1368.0,342.0,1368.0,3,3,4,456.0,0.75
168094655,118.2,8.442857142857143,111.0,11,11,14,10.745454545454546,0.7857142857142857
168135178,7.0,3.5,7.0,1,1,2,7.0,0.5
168152540,1002.0,200.4,950.0,3,3,5,334.0,0.6
168163793,203.7,1.7713043478260868,110.0,110,110,115,1.8518181818181818,0.9565217391304348
168201193,0.2,0.1,0.2,1,1,2,0.2,0.5
168244631,413.1,4.131,97.0,56,56,100,7.376785714285715,0.56
168278593,190.0,95.0,190.0,1,1,2,190.0,0.5
168324795,842.8,10.805128205128204,392.0,49,49,78,17.2,0.6282051282051282
168349102,388.0,48.5,388.0,7,7,8,55.42857142857143,0.875
168355787,1.0,0.5,1.0,1,1,2,1.0,0.5
168365851,1.6,0.8,1.6,1,1,2,1.6,0.5
168375605,353.0,88.25,353.0,3,3,4,117.66666666666667,0.75
168377116,17.2,5.733333333333333,17.2,2,2,3,8.6,0.6666666666666666
168401940,1.0,0.5,1.0,1,1,2,1.0,0.5
168451877,0.7,0.35,0.7,1,1,2,0.7,0.5
168473500,2.2,1.1,2.2,1,1,2,2.2,0.5
168517892,0.3,0.15,0.3,1,1,2,0.3,0.5
168539881,658.3,12.420754716981131,264.0,31,31,53,21.23548387096774,0.5849056603773585
168546873,14.2,3.55,14.2,3,3,4,4.733333333333333,0.75
168571967,8.9,1.2714285714285716,7.9,5,5,7,1.78,0.7142857142857143
168574527,2.3,1.15,2.3,1,1,2,2.3,0.5
168576745,4.2,2.1,4.2,1,1,2,4.2,0.5
168598497,76.1,19.025,74.0,2,2,4,38.05,0.5
168641975,261.7,8.178125,204.0,20,20,32,13.084999999999999,0.625
168667709,4.2,2.1,4.2,1,1,2,4.2,0.5
168686827,747.0,373.5,747.0,1,1,2,747.0,0.5
168688983,140.0,70.0,140.0,1,1,2,140.0,0.5
168703116,8.5,2.125,8.1,2,2,4,4.25,0.5
168726386,313.4,19.5875,196.0,9,9,16,34.82222222222222,0.5625
168732483,198.9,7.956,76.0,15,15,25,13.26,0.6
168733900,6.8,3.4,6.8,1,1,2,6.8,0.5
168753571,12.0,6.0,12.0,1,1,2,12.0,0.5
168754318,7.7,1.54,7.4,3,3,5,2.566666666666667,0.6
168771588,276.8,13.84,134.0,12,12,20,23.066666666666666,0.6
168786245,12.1,3.025,11.7,2,2,4,6.05,0.5
168791218,0.4,0.2,0.4,1,1,2,0.4,0.5
168802795,81.0,16.2,81.0,4,4,5,20.25,0.8
168828396,503.0,251.5,503.0,1,1,2,503.0,0.5
168839130,2.5,1.25,2.5,1,1,2,2.5,0.5
168845004,5.1,2.55,5.1,1,1,2,5.1,0.5
168881981,2209.4,81.82962962962964,1515.0,18,18,27,122.74444444444445,0.6666666666666666
168882105,90.4,15.066666666666668,90.0,4,4,6,22.6,0.6666666666666666
168900284,22.0,11.0,22.0,1,1,2,22.0,0.5
168925642,2.1,1.05,2.1,1,1,2,2.1,0.5
168985094,40.0,20.0,40.0,1,1,2,40.0,0.5
169006311,0.4,0.2,0.4,1,1,2,0.4,0.5
169006380,141.1,20.157142857142855,123.0,4,4,7,35.275,0.5714285714285714
169054646,24.1,1.0041666666666667,6.0,13,13,24,1.853846153846154,0.5416666666666666
169061944,17.8,8.9,17.8,1,1,2,17.8,0.5
169066259,0.0,0.0,0.0,2,2,2,0.0,1.0
169159974,120.0,60.0,120.0,1,1,2,120.0,0.5
169183481,0.1,0.05,0.1,1,1,2,0.1,0.5
169218314,61.0,30.5,61.0,1,1,2,61.0,0.5
169223140,0.0,0.0,0.0,1,1,1,0.0,1.0
169225463,164.0,82.0,164.0,1,1,2,164.0,0.5
169244260,0.8,0.4,0.8,1,1,2,0.8,0.5
169250855,0.5,0.25,0.5,1,1,2,0.5,0.5
169254022,5.1,0.6375,2.8,4,4,8,1.275,0.5
169258848,752.0,376.0,752.0,1,1,2,752.0,0.5
169277417,262.4,43.73333333333333,260.0,3,3,6,87.46666666666665,0.5
169308850,1.4,0.7,1.4,1,1,2,1.4,0.5
169337011,0.4,0.2,0.4,1,1,2,0.4,0.5
169344872,191.0,95.5,191.0,1,1,2,191.0,0.5
169353938,1.0,0.5,1.0,1,1,2,1.0,0.5
169358223,407.0,203.5,407.0,1,1,2,407.0,0.5
169414467,0.8,0.4,0.8,1,1,2,0.8,0.5
169427688,10.5,5.25,10.5,1,1,2,10.5,0.5
169469049,7.4,3.7,7.4,1,1,2,7.4,0.5
169506270,3.7,1.85,3.7,1,1,2,3.7,0.5
169517382,3.8,1.9,3.8,1,1,2,3.8,0.5
169529166,0.7,0.35,0.7,1,1,2,0.7,0.5
169560266,2700.0,1350.0,2700.0,1,1,2,2700.0,0.5
169576959,0.3,0.15,0.3,1,1,2,0.3,0.5
169577811,1.3,0.65,1.3,1,1,2,1.3,0.5
169653526,53.6,3.35,16.0,8,8,16,6.7,0.5
169684620,1198.2,149.775,1198.0,6,6,8,199.70000000000002,0.75
169688576,0.1,0.02,0.1,4,4,5,0.025,0.8
169771622,714.0,42.0,703.0,14,14,17,51.0,0.8235294117647058
169798907,0.8,0.2,0.4,2,2,4,0.4,0.5
169808233,226.6,56.65,211.0,2,2,4,113.3,0.5
169815221,1.1,0.55,1.1,1,1,2,1.1,0.5
169845810,0.7,0.35,0.7,1,1,2,0.7,0.5
169851136,54.4,13.6,47.0,2,2,4,27.2,0.5
169890700,0.4,0.13333333333333333,0.4,2,2,3,0.2,0.6666666666666666
169902951,12.4,0.9538461538461539,6.6,7,7,13,1.7714285714285716,0.5384615384615384
169919297,4.8,2.4,4.8,1,1,2,4.8,0.5
169929928,32.7,1.4217391304347828,8.1,13,13,23,2.5153846153846158,0.5652173913043478
169937489,10.1,0.531578947368421,6.3,12,12,19,0.8416666666666667,0.631578947368421
169953184,18.0,9.0,18.0,1,1,2,18.0,0.5
169958335,5.8,2.9,5.8,1,1,2,5.8,0.5
169964396,620.6,47.73846153846154,608.0,8,8,13,77.575,0.6153846153846154
170023764,0.2,0.1,0.2,1,1,2,0.2,0.5
170048045,5.5,2.75,5.5,1,1,2,5.5,0.5
170057163,21.0,10.5,21.0,1,1,2,21.0,0.5
170068207,126.6,1.4224719101123595,6.6,55,55,89,2.3018181818181818,0.6179775280898876
170095814,225.4,7.04375,85.0,17,17,32,13.258823529411766,0.53125
170130950,142.0,71.0,142.0,1,1,2,142.0,0.5
170141925,9.2,4.6,9.2,1,1,2,9.2,0.5
170150668,14.7,7.35,14.7,1,1,2,14.7,0.5
170172944,107.0,2.3777777777777778,33.0,27,27,45,3.962962962962963,0.6
170174457,1.7000000000000002,0.42500000000000004,1.3,2,2,4,0.8500000000000001,0.5
170176187,0.4,0.2,0.4,1,1,2,0.4,0.5
170177311,17.8,8.9,17.8,1,1,2,17.8,0.5
170178539,0.7,0.35,0.7,1,1,2,0.7,0.5
170181678,9.6,1.92,8.1,3,3,5,3.1999999999999997,0.6
170188540,1.6,0.8,1.6,1,1,2,1.6,0.5
170198088,155.4,7.0636363636363635,93.0,12,12,22,12.950000000000001,0.5454545454545454
170201716,968.6,11.669879518072289,234.0,47,47,83,20.608510638297872,0.5662650602409639
170215786,418.7,13.084375,242.0,19,19,32,22.03684210526316,0.59375
170253449,1.5,0.75,1.5,1,1,2,1.5,0.5
170264961,5.4,1.8,5.4,2,2,3,2.7,0.6666666666666666
170267441,1.7,0.5666666666666667,1.7,2,2,3,0.85,0.6666666666666666
170275839,22.4,5.6,22.0,2,2,4,11.2,0.5
170280436,479.0,239.5,479.0,1,1,2,479.0,0.5
170287829,2.6,1.3,2.6,1,1,2,2.6,0.5
170313294,15.4,7.7,15.4,1,1,2,15.4,0.5
170329549,2.8,0.3111111111111111,2.5,6,6,9,0.4666666666666666,0.6666666666666666
170354414,0.8,0.4,0.8,1,1,2,0.8,0.5
170375966,40.0,20.0,40.0,1,1,2,40.0,0.5
170377069,151.0,11.615384615384615,63.0,7,7,13,21.571428571428573,0.5384615384615384
170382539,389.3,12.558064516129033,286.0,18,18,31,21.62777777777778,0.5806451612903226
170384573,1.6,0.8,1.6,1,1,2,1.6,0.5
170388829,0.9,0.45,0.9,1,1,2,0.9,0.5
170419820,42.0,21.0,42.0,1,1,2,42.0,0.5
170460109,895.4,8.865346534653465,484.0,63,63,101,14.212698412698412,0.6237623762376238
170472320,1.2,0.6,1.2,1,1,2,1.2,0.5
170473291,75.0,37.5,75.0,1,1,2,75.0,0.5
170474212,546.4,32.141176470588235,421.0,9,9,17,60.71111111111111,0.5294117647058824
170485590,1093.2,9.110000000000001,276.0,71,71,120,15.39718309859155,0.5916666666666667
170489182,0.2,0.1,0.2,1,1,2,0.2,0.5
170491009,776.3,19.4075,286.0,22,22,40,35.28636363636363,0.55
170527593,0.6,0.3,0.6,1,1,2,0.6,0.5
170528231,7.7,3.85,7.7,1,1,2,7.7,0.5
170534098,1.7,0.85,1.7,1,1,2,1.7,0.5
170535102,9.4,4.7,9.4,1,1,2,9.4,0.5
170557064,20.0,10.0,20.0,1,1,2,20.0,0.5
170568173,570.0,285.0,570.0,1,1,2,570.0,0.5
170570863,15.0,1.25,4.0,6,6,12,2.5,0.5
170591712,47.0,1.9583333333333333,47.0,23,23,24,2.0434782608695654,0.9583333333333334
170625356,7.4,3.7,7.4,1,1,2,7.4,0.5
170650631,17.0,8.5,17.0,1,1,2,17.0,0.5
170693945,0.5,0.25,0.5,1,1,2,0.5,0.5
170711828,12.9,2.15,7.5,4,4,6,3.225,0.6666666666666666
170718943,1.3,0.65,1.3,1,1,2,1.3,0.5
170760116,0.4,0.2,0.4,1,1,2,0.4,0.5
170775754,0.8,0.4,0.8,1,1,2,0.8,0.5
170845790,1.4,0.7,1.4,1,1,2,1.4,0.5
170848836,209.0,52.25,209.0,3,3,4,69.66666666666667,0.75
170853969,44.2,2.9466666666666668,29.0,9,9,15,4.911111111111111,0.6
170904528,16.900000000000002,1.1266666666666667,9.3,10,10,15,1.6900000000000002,0.6666666666666666
170911456,544.3,49.48181818181818,511.0,6,6,11,90.71666666666665,0.5454545454545454
170912768,7.2,3.6,7.2,1,1,2,7.2,0.5
170932173,0.8,0.4,0.8,1,1,2,0.8,0.5
170944796,0.5,0.25,0.5,1,1,2,0.5,0.5
170947678,161.3,13.441666666666668,126.0,7,7,12,23.042857142857144,0.5833333333333334
170975218,0.0,0.0,0.0,1,1,1,0.0,1.0
170989668,39.0,19.5,39.0,1,1,2,39.0,0.5
171015775,25.0,1.7857142857142858,18.6,12,12,14,2.0833333333333335,0.8571428571428571
171049445,0.5,0.25,0.5,1,1,2,0.5,0.5
171057893,381.0,190.5,381.0,1,1,2,381.0,0.5
171066425,1.8,0.9,1.8,1,1,2,1.8,0.5
171067153,1951.4,12.838157894736844,795.0,92,92,152,21.210869565217394,0.6052631578947368
171087166,120.0,60.0,120.0,1,1,2,120.0,0.5
171107070,0.5,0.25,0.5,1,1,2,0.5,0.5
171160183,13.2,1.2,7.0,7,7,11,1.8857142857142857,0.6363636363636364
171216006,0.6,0.3,0.6,1,1,2,0.6,0.5
171252939,77.9,4.86875,36.0,8,8,16,9.7375,0.5
171265504,39.0,9.75,39.0,3,3,4,13.0,0.75
171266433,321.0,53.5,299.0,4,4,6,80.25,0.6666666666666666
171280641,2.2,1.1,2.2,1,1,2,2.2,0.5
171308992,0.0,0.0,0.0,2,2,2,0.0,1.0
171315014,367.0,36.7,301.0,5,5,10,73.4,0.5
171375833,0.6,0.3,0.6,1,1,2,0.6,0.5
171383863,2503.6,53.268085106382976,2402.0,27,27,47,92.72592592592592,0.574468085106383
171400391,0.8,0.26666666666666666,0.8,2,2,3,0.4,0.6666666666666666
171418611,234.0,39.0,234.0,5,5,6,46.8,0.8333333333333334
171427260,0.3,0.15,0.3,1,1,2,0.3,0.5
171452409,0.2,0.1,0.2,1,1,2,0.2,0.5
171462811,12.5,6.25,12.5,1,1,2,12.5,0.5
171509285,110.0,55.0,110.0,1,1,2,110.0,0.5
171512034,55.0,6.875,55.0,7,7,8,7.857142857142857,0.875
171527460,0.0,0.0,0.0,1,1,1,0.0,1.0
171541210,5.9,1.9666666666666668,5.9,2,2,3,2.95,0.6666666666666666
171580979,24.6,2.0500000000000003,10.4,8,8,12,3.075,0.6666666666666666
171594027,65.0,32.5,65.0,1,1,2,65.0,0.5
171611544,91.4,4.810526315789474,69.0,12,12,19,7.616666666666667,0.631578947368421
171626186,3.2,1.6,3.2,1,1,2,3.2,0.5
171665006,1.2,0.6,1.2,1,1,2,1.2,0.5
171681316,6.2,3.1,6.2,1,1,2,6.2,0.5
171691017,265.3,12.05909090909091,71.0,12,12,22,22.108333333333334,0.5454545454545454
171696993,3.3,1.65,3.3,1,1,2,3.3,0.5
171726897,17.3,1.08125,4.2,9,9,16,1.9222222222222223,0.5625
171759125,1.2,0.39999999999999997,1.2,2,2,3,0.6,0.6666666666666666
171765197,4.0,0.8,4.0,4,4,5,1.0,0.8
171773017,0.6,0.12,0.5,3,3,5,0.19999999999999998,0.6
171795280,23.0,11.5,23.0,1,1,2,23.0,0.5
171830903,0.4,0.2,0.4,1,1,2,0.4,0.5
171846037,2.3,1.15,2.3,1,1,2,2.3,0.5
171847029,1380.5,28.760416666666668,639.0,27,27,48,51.129629629629626,0.5625
171847702,1.7,0.85,1.7,1,1,2,1.7,0.5
171874166,0.9,0.45,0.9,1,1,2,0.9,0.5
171879643,3.4,0.85,2.5,2,2,4,1.7,0.5
171893056,92.0,46.0,92.0,1,1,2,92.0,0.5
171900219,19.5,9.75,19.5,1,1,2,19.5,0.5
171911285,32.0,16.0,32.0,1,1,2,32.0,0.5
171916530,21.0,10.5,21.0,1,1,2,21.0,0.5
171918937,1.4,0.7,1.4,1,1,2,1.4,0.5
171932001,141.0,70.5,141.0,1,1,2,141.0,0.5
171965445,13.4,1.2181818181818183,7.1,6,6,11,2.2333333333333334,0.5454545454545454
171982044,1.6,0.8,1.6,1,1,2,1.6,0.5
171986932,0.7,0.35,0.7,1,1,2,0.7,0.5
172006888,46.800000000000004,4.254545454545455,23.0,6,6,11,7.800000000000001,0.5454545454545454
172009351,2.8,1.4,2.8,1,1,2,2.8,0.5
172086978,1.1,0.55,1.1,1,1,2,1.1,0.5
172105480,3212.4,321.24,3116.0,7,7,10,458.9142857142857,0.7
172111265,254.6,31.825,232.0,4,4,8,63.65,0.5
172116118,42.0,21.0,42.0,1,1,2,42.0,0.5
172135798,114.5,7.15625,63.0,9,9,16,12.722222222222221,0.5625
172145195,93.8,9.379999999999999,91.0,7,7,10,13.4,0.7
172163675,23.0,5.75,18.7,2,2,4,11.5,0.5
172195770,5.4,2.7,5.4,1,1,2,5.4,0.5
172203679,3.5,0.5833333333333334,2.7,3,3,6,1.1666666666666667,0.5
172237313,2.6,1.3,2.6,1,1,2,2.6,0.5
172263364,2.3,1.15,2.3,1,1,2,2.3,0.5
172318605,4.7,2.35,4.7,1,1,2,4.7,0.5
172348107,1.9,0.95,1.9,1,1,2,1.9,0.5
172364852,0.2,0.1,0.2,1,1,2,0.2,0.5
172381385,812.1,25.378125,409.0,17,17,32,47.77058823529412,0.53125
172386260,0.7,0.09999999999999999,0.4,5,5,7,0.13999999999999999,0.7142857142857143
172386568,21.0,10.5,21.0,1,1,2,21.0,0.5
172396268,10.7,5.35,10.7,1,1,2,10.7,0.5
172417199,10.9,5.45,10.9,1,1,2,10.9,0.5
172434236,1888.9,41.97555555555556,694.0,32,32,45,59.028125,0.7111111111111111
172437595,0.8,0.4,0.8,1,1,2,0.8,0.5
172452539,1.3,0.65,1.3,1,1,2,1.3,0.5
172470005,136.0,4.25,59.0,23,23,32,5.913043478260869,0.71875
172485624,0.5,0.25,0.5,1,1,2,0.5,0.5
172518437,524.5,2.635678391959799,52.0,120,120,199,4.370833333333334,0.6030150753768844
172585885,0.3,0.15,0.3,1,1,2,0.3,0.5
172623126,0.5,0.25,0.5,1,1,2,0.5,0.5
172666220,462.2,15.406666666666666,174.0,16,16,30,28.8875,0.5333333333333333
172699566,5.5,2.75,5.5,1,1,2,5.5,0.5
172752250,1.1,0.55,1.1,1,1,2,1.1,0.5
172766915,5.9,2.95,5.9,1,1,2,5.9,0.5
172771532,159.2,3.00377358490566,83.0,35,35,53,4.548571428571428,0.660377358490566
172795625,73.4,3.8631578947368426,63.0,14,14,19,5.242857142857143,0.7368421052631579
172842461,175.9,9.257894736842106,134.0,10,10,19,17.59,0.5263157894736842
172854515,89.2,6.371428571428572,87.0,10,10,14,8.92,0.7142857142857143
172860957,11.7,5.85,11.7,1,1,2,11.7,0.5
172871465,0.0,0.0,0.0,1,1,1,0.0,1.0
172877288,0.7,0.175,0.5,2,2,4,0.35,0.5
172901122,73.7,12.283333333333333,59.0,4,4,6,18.425,0.6666666666666666
172941662,276.0,55.2,272.0,3,3,5,92.0,0.6
172976494,15.0,1.6666666666666667,14.4,7,7,9,2.142857142857143,0.7777777777777778
173002032,232.0,116.0,232.0,1,1,2,232.0,0.5
173003298,39.0,19.5,39.0,1,1,2,39.0,0.5
173026047,1.0,0.5,1.0,1,1,2,1.0,0.5
173046677,77.2,19.3,70.0,2,2,4,38.6,0.5
173051184,0.3,0.15,0.3,1,1,2,0.3,0.5
173102243,262.0,32.75,162.0,4,4,8,65.5,0.5
173114158,881.0,440.5,881.0,1,1,2,881.0,0.5
173133960,1.4,0.7,1.4,1,1,2,1.4,0.5
173168090,44.0,11.0,44.0,3,3,4,14.666666666666666,0.75
173179969,0.2,0.1,0.2,1,1,2,0.2,0.5
173194267,27.0,13.5,27.0,1,1,2,27.0,0.5
173234140,0.4,0.2,0.4,1,1,2,0.4,0.5
173249224,69.7,6.970000000000001,59.0,7,7,10,9.957142857142857,0.7
173256445,19.9,9.95,19.9,1,1,2,19.9,0.5
173266809,393.0,131.0,393.0,2,2,3,196.5,0.6666666666666666
173273313,2.5,0.625,2.5,3,3,4,0.8333333333333334,0.75
173299790,2.7,1.35,2.7,1,1,2,2.7,0.5
173344308,255.3,28.366666666666667,164.0,5,5,9,51.06,0.5555555555555556
173382820,848.8,70.73333333333333,796.0,7,7,12,121.25714285714285,0.5833333333333334
173394554,5.2,1.3,3.2,2,2,4,2.6,0.5
173433898,1.2,0.6,1.2,1,1,2,1.2,0.5
173434036,58.1,1.6600000000000001,43.0,23,23,35,2.526086956521739,0.6571428571428571
173447731,0.6,0.3,0.6,1,1,2,0.6,0.5
173453295,124.1,8.273333333333333,70.0,9,9,15,13.788888888888888,0.6
173457000,0.6,0.3,0.6,1,1,2,0.6,0.5
173469318,116.0,58.0,116.0,1,1,2,116.0,0.5
173507150,0.5,0.25,0.5,1,1,2,0.5,0.5
173531795,0.7,0.35,0.7,1,1,2,0.7,0.5
173558102,27.0,13.5,27.0,1,1,2,27.0,0.5
173606939,1.1,0.55,1.1,1,1,2,1.1,0.5
173616173,0.8,0.4,0.8,1,1,2,0.8,0.5
173644000,0.7,0.2333333333333333,0.7,2,2,3,0.35,0.6666666666666666
173649791,28.3,1.5722222222222222,14.2,12,12,18,2.3583333333333334,0.6666666666666666
173658892,0.8,0.4,0.8,1,1,2,0.8,0.5
173692133,8.5,4.25,8.5,1,1,2,8.5,0.5
173713735,150.0,75.0,150.0,1,1,2,150.0,0.5
173717751,248.0,124.0,248.0,1,1,2,248.0,0.5
173739924,52.0,17.333333333333332,52.0,2,2,3,26.0,0.6666666666666666
173749431,107.0,53.5,107.0,1,1,2,107.0,0.5
173766396,241.0,120.5,241.0,1,1,2,241.0,0.5
173774528,35.6,7.12,35.0,3,3,5,11.866666666666667,0.6
173791228,45.0,22.5,45.0,1,1,2,45.0,0.5
173799068,115.3,8.86923076923077,105.0,9,9,13,12.81111111111111,0.6923076923076923
173841416,26.0,13.0,26.0,1,1,2,26.0,0.5
173846745,2691.4,299.0444444444445,2672.0,5,5,9,538.28,0.5555555555555556
173857208,0.6,0.3,0.6,1,1,2,0.6,0.5
173859218,45.300000000000004,1.3323529411764707,22.0,28,28,34,1.617857142857143,0.8235294117647058
173899197,3.3000000000000003,0.8250000000000001,3.2,2,2,4,1.6500000000000001,0.5
173909336,1141.1,142.6375,1118.0,5,5,8,228.21999999999997,0.625
173923903,39.0,19.5,39.0,1,1,2,39.0,0.5
173925846,14.6,2.92,14.6,4,4,5,3.65,0.8
173931686,82.6,9.177777777777777,82.0,5,5,9,16.52,0.5555555555555556
173940259,3214.0,123.61538461538461,1402.0,14,14,26,229.57142857142858,0.5384615384615384
173961100,6.1,3.05,6.1,1,1,2,6.1,0.5
173967126,1.6,0.8,1.6,1,1,2,1.6,0.5
174002551,638.8,10.13968253968254,113.0,38,38,63,16.810526315789474,0.6031746031746031
174021956,1.4,0.7,1.4,1,1,2,1.4,0.5
174033209,90.0,15.0,78.0,4,4,6,22.5,0.6666666666666666
174055973,2.8,1.4,2.8,1,1,2,2.8,0.5
174059182,0.0,0.0,0.0,3,3,3,0.0,1.0
174061897,0.0,0.0,0.0,2,2,2,0.0,1.0
174103314,2.8,0.7,2.5,2,2,4,1.4,0.5
174121221,977.0,488.5,977.0,1,1,2,977.0,0.5
174137629,909.8,30.326666666666664,908.0,28,28,30,32.49285714285714,0.9333333333333333
174138275,3.5999999999999996,0.8999999999999999,1.9,2,2,4,1.7999999999999998,0.5
174170835,6.9,0.9857142857142858,5.3,5,5,7,1.3800000000000001,0.7142857142857143
174204642,536.0,89.33333333333333,293.0,3,3,6,178.66666666666666,0.5
174226719,814.8,15.373584905660376,528.0,30,30,53,27.16,0.5660377358490566
174266284,4.5,2.25,4.5,1,1,2,4.5,0.5
174276289,15.4,1.1846153846153846,13.3,8,8,13,1.925,0.6153846153846154
174287424,1107.1,20.88867924528302,518.0,29,29,53,38.175862068965515,0.5471698113207547
174341713,25.7,6.425,21.0,2,2,4,12.85,0.5
174342589,691.0,230.33333333333334,691.0,2,2,3,345.5,0.6666666666666666
174357608,1.4,0.7,1.4,1,1,2,1.4,0.5
174386411,17.0,1.4166666666666667,13.2,9,9,12,1.8888888888888888,0.75
174415183,25.599999999999998,2.5599999999999996,14.7,7,7,10,3.657142857142857,0.7
174445146,12.9,6.45,12.9,1,1,2,12.9,0.5
174459790,89.7,4.271428571428571,32.0,12,12,21,7.4750000000000005,0.5714285714285714
174479803,288.0,96.0,288.0,2,2,3,144.0,0.6666666666666666
174507916,644.0,26.833333333333332,306.0,13,13,24,49.53846153846154,0.5416666666666666
174522735,10.6,1.7666666666666666,9.6,3,3,6,3.533333333333333,0.5
174585005,22.6,2.511111111111111,13.0,5,5,9,4.5200000000000005,0.5555555555555556
174607800,86.0,43.0,86.0,1,1,2,86.0,0.5
174624794,4.2,2.1,4.2,1,1,2,4.2,0.5
174633348,552.7,12.015217391304349,208.0,26,26,46,21.25769230769231,0.5652173913043478
174652811,2.2,0.55,1.8,2,2,4,1.1,0.5
174654947,0.9,0.45,0.9,1,1,2,0.9,0.5
174674290,382.0,13.172413793103448,148.0,15,15,29,25.466666666666665,0.5172413793103449
174681719,0.2,0.1,0.2,1,1,2,0.2,0.5
174689200,20.2,4.04,19.5,3,3,5,6.733333333333333,0.6
174696597,1.4,0.7,1.4,1,1,2,1.4,0.5
174698259,68.6,17.15,60.0,2,2,4,34.3,0.5
174709157,22.0,7.333333333333333,22.0,2,2,3,11.0,0.6666666666666666
174716026,35.0,17.5,35.0,1,1,2,35.0,0.5
174716529,19.9,9.95,19.9,1,1,2,19.9,0.5
174762197,430.8,11.046153846153846,255.0,23,23,39,18.730434782608697,0.5897435897435898
174805098,14.1,7.05,14.1,1,1,2,14.1,0.5
174813416,0.1,0.05,0.1,1,1,2,0.1,0.5
174838943,398.2,10.762162162162161,170.0,21,21,37,18.961904761904762,0.5675675675675675
174853268,4.3,2.15,4.3,1,1,2,4.3,0.5
174874492,5.0,2.5,5.0,1,1,2,5.0,0.5
174896111,901.0,64.35714285714286,614.0,11,11,14,81.9090909090909,0.7857142857142857
174907851,122.2,7.188235294117647,54.0,10,10,17,12.22,0.5882352941176471
174923254,602.8,5.5814814814814815,494.0,68,68,108,8.86470588235294,0.6296296296296297
174965596,6.6,3.3,6.6,1,1,2,6.6,0.5
174991407,0.4,0.13333333333333333,0.4,2,2,3,0.2,0.6666666666666666
174997093,9.2,4.6,9.2,1,1,2,9.2,0.5
175001491,4729.6,56.30476190476191,1106.0,49,49,84,96.52244897959184,0.5833333333333334
175003850,1.3,0.65,1.3,1,1,2,1.3,0.5
175012202,0.0,0.0,0.0,1,1,1,0.0,1.0
175026514,347.5,23.166666666666668,226.0,11,11,15,31.59090909090909,0.7333333333333333
175033323,543.1,67.8875,258.0,4,4,8,135.775,0.5
175044682,80.0,40.0,80.0,1,1,2,80.0,0.5
175063109,268.0,134.0,268.0,1,1,2,268.0,0.5
175087399,2.7,0.45,1.8,4,4,6,0.675,0.6666666666666666
175128094,101.0,33.666666666666664,101.0,2,2,3,50.5,0.6666666666666666
175143479,1.9,0.95,1.9,1,1,2,1.9,0.5
175150816,46.9,3.6076923076923078,34.0,10,10,13,4.6899999999999995,0.7692307692307693
175187740,0.5,0.25,0.5,1,1,2,0.5,0.5
175193054,0.5,0.25,0.5,1,1,2,0.5,0.5
175223006,3.8,1.9,3.8,1,1,2,3.8,0.5
175249979,0.0,0.0,0.0,1,1,1,0.0,1.0
175263669,469.6,8.696296296296296,146.0,31,31,54,15.148387096774194,0.5740740740740741
175270022,1.5,0.75,1.5,1,1,2,1.5,0.5
175290236,11.2,5.6,11.2,1,1,2,11.2,0.5
175345951,108.0,21.6,100.0,3,3,5,36.0,0.6
175358288,1.8,0.9,1.8,1,1,2,1.8,0.5
175423011,195.0,32.5,179.0,3,3,6,65.0,0.5
175430751,0.3,0.15,0.3,1,1,2,0.3,0.5
175447188,1476.9,21.719117647058823,487.0,44,44,68,33.565909090909095,0.6470588235294118
175450855,1440.0,480.0,1440.0,2,2,3,720.0,0.6666666666666666
175460237,72.4,18.1,70.0,2,2,4,36.2,0.5
175471735,0.4,0.2,0.4,1,1,2,0.4,0.5
175526319,1.8,0.9,1.8,1,1,2,1.8,0.5
175554658,0.2,0.1,0.2,1,1,2,0.2,0.5
175612514,3.1,1.55,3.1,1,1,2,3.1,0.5
175675929,15.7,7.85,15.7,1,1,2,15.7,0.5
175690339,0.7,0.35,0.7,1,1,2,0.7,0.5
175711893,599.3,149.825,599.0,2,2,4,299.65,0.5
175720527,0.9,0.45,0.9,1,1,2,0.9,0.5
175738505,5.6,2.8,5.6,1,1,2,5.6,0.5
175794402,2.2,1.1,2.2,1,1,2,2.2,0.5
175806506,92.0,46.0,92.0,1,1,2,92.0,0.5
175806657,3.1,1.55,3.1,1,1,2,3.1,0.5
175820566,857.0,428.5,857.0,1,1,2,857.0,0.5
175831055,14.3,1.1916666666666667,6.2,7,7,12,2.042857142857143,0.5833333333333334
175835155,125.5,20.916666666666668,121.0,3,3,6,41.833333333333336,0.5
175836974,55.4,13.85,55.0,2,2,4,27.7,0.5
175849081,0.8,0.4,0.8,1,1,2,0.8,0.5
175918089,108.9,6.80625,49.0,11,11,16,9.9,0.6875
175941533,1062.5,62.5,993.0,9,9,17,118.05555555555556,0.5294117647058824
175945017,1.7,0.85,1.7,1,1,2,1.7,0.5
175948419,1815.8,56.74375,1536.0,27,27,32,67.25185185185185,0.84375
175959715,0.3,0.15,0.3,1,1,2,0.3,0.5
175963070,1.0,0.5,1.0,1,1,2,1.0,0.5
176021276,0.7,0.35,0.7,1,1,2,0.7,0.5
176024097,3.4,1.7,3.4,1,1,2,3.4,0.5
176033341,434.5,39.5,429.0,9,9,11,48.27777777777778,0.8181818181818182
176096951,24.0,12.0,24.0,1,1,2,24.0,0.5
176103650,7.0,0.5833333333333334,7.0,11,11,12,0.6363636363636364,0.9166666666666666
176135768,292.0,146.0,292.0,1,1,2,292.0,0.5
176150662,491.0,245.5,491.0,1,1,2,491.0,0.5
176177828,0.7,0.35,0.7,1,1,2,0.7,0.5
176191125,0.0,0.0,0.0,1,1,1,0.0,1.0
176197170,42.0,21.0,42.0,1,1,2,42.0,0.5
176215721,523.0,261.5,523.0,1,1,2,523.0,0.5
176223416,836.3,41.815,621.0,13,13,20,64.33076923076922,0.65
176225382,217.9,15.564285714285715,101.0,9,9,14,24.211111111111112,0.6428571428571429
176238477,4.6,2.3,4.6,1,1,2,4.6,0.5
176261926,584.1,38.940000000000005,564.0,8,8,15,73.0125,0.5333333333333333
176271982,0.3,0.075,0.3,3,3,4,0.09999999999999999,0.75
176284441,390.6,48.825,388.0,5,5,8,78.12,0.625
176306969,13.0,6.5,13.0,1,1,2,13.0,0.5
176318036,1144.0,286.0,1087.0,2,2,4,572.0,0.5
176322943,1.2,0.39999999999999997,1.2,2,2,3,0.6,0.6666666666666666
176354321,35.6,1.78,11.9,11,11,20,3.2363636363636363,0.55
176402067,0.0,0.0,0.0,2,2,2,0.0,1.0
176410694,9.1,4.55,9.1,1,1,2,9.1,0.5
176411103,2.0,1.0,2.0,1,1,2,2.0,0.5
176414861,1748.4,291.40000000000003,1746.0,3,3,6,582.8000000000001,0.5
176424968,1.3,0.65,1.3,1,1,2,1.3,0.5
176445735,127.0,63.5,127.0,1,1,2,127.0,0.5
176448305,3.9,0.975,3.9,3,3,4,1.3,0.75
176449171,2016.7,168.05833333333334,1310.0,8,8,12,252.0875,0.6666666666666666
176453461,170.0,85.0,170.0,1,1,2,170.0,0.5
176483631,0.2,0.1,0.2,1,1,2,0.2,0.5
176539817,494.8,9.335849056603774,181.0,28,28,53,17.67142857142857,0.5283018867924528
176551599,0.4,0.2,0.4,1,1,2,0.4,0.5
176554603,1.8,0.9,1.8,1,1,2,1.8,0.5
176563564,64.0,16.0,64.0,3,3,4,21.333333333333332,0.75
176590636,36.5,3.65,23.0,7,7,10,5.214285714285714,0.7
176631712,0.7,0.35,0.7,1,1,2,0.7,0.5
176643508,0.2,0.1,0.2,1,1,2,0.2,0.5
176645108,31.1,3.8875,23.0,4,4,8,7.775,0.5
176677454,0.6,0.3,0.6,1,1,2,0.6,0.5
176682744,25.0,12.5,25.0,1,1,2,25.0,0.5
176684532,0.0,0.0,0.0,8,8,8,0.0,1.0
176689215,0.0,0.0,0.0,1,1,1,0.0,1.0
176696720,0.3,0.09999999999999999,0.3,2,2,3,0.15,0.6666666666666666
176696984,0.4,0.2,0.4,1,1,2,0.4,0.5
176709931,26.4,4.3999999999999995,25.0,4,4,6,6.6,0.6666666666666666
176735399,1.2,0.6,1.2,1,1,2,1.2,0.5
176736380,0.6,0.3,0.6,1,1,2,0.6,0.5
176743370,3.9000000000000004,0.9750000000000001,3.7,2,2,4,1.9500000000000002,0.5
176750719,0.3,0.15,0.3,1,1,2,0.3,0.5
176761800,0.2,0.1,0.2,1,1,2,0.2,0.5
176771895,587.0,5.435185185185185,587.0,107,107,108,5.485981308411215,0.9907407407407407
176796706,2.1,1.05,2.1,1,1,2,2.1,0.5
176810372,141.5,23.583333333333332,138.0,3,3,6,47.166666666666664,0.5
176811312,383.0,191.5,383.0,1,1,2,383.0,0.5
176854876,2.5,0.8333333333333334,2.5,2,2,3,1.25,0.6666666666666666
176855190,1.9,0.95,1.9,1,1,2,1.9,0.5
176882096,0.5,0.25,0.5,1,1,2,0.5,0.5
176890431,0.6,0.3,0.6,1,1,2,0.6,0.5
176894177,0.7,0.35,0.7,1,1,2,0.7,0.5
176929122,2150.3,40.57169811320755,1234.0,31,31,53,69.36451612903227,0.5849056603773585
176949398,916.0,458.0,916.0,1,1,2,916.0,0.5
176967288,4.1,0.5125,3.0,4,4,8,1.025,0.5
176968027,0.2,0.1,0.2,1,1,2,0.2,0.5
177018855,415.0,207.5,415.0,1,1,2,415.0,0.5
177050329,1497.0,99.8,1497.0,14,14,15,106.92857142857143,0.9333333333333333
177054406,5.2,2.6,5.2,1,1,2,5.2,0.5
177095896,150.0,75.0,150.0,1,1,2,150.0,0.5
177114081,5.2,2.6,5.2,1,1,2,5.2,0.5
177146016,35.0,17.5,35.0,1,1,2,35.0,0.5
177154840,374.8,93.7,374.0,2,2,4,187.4,0.5
177162591,1426.0,713.0,1426.0,1,1,2,1426.0,0.5
177190409,7.5,3.75,7.5,1,1,2,7.5,0.5
177213985,336.6,11.60689655172414,177.0,17,17,29,19.8,0.5862068965517241
177286649,141.0,70.5,141.0,1,1,2,141.0,0.5
177313747,672.7,51.74615384615385,484.0,8,8,13,84.0875,0.6153846153846154
177362386,2.7,1.35,2.7,1,1,2,2.7,0.5
177395292,7.7,3.85,7.7,1,1,2,7.7,0.5
177399405,2.3,1.15,2.3,1,1,2,2.3,0.5
177406869,1.1,0.55,1.1,1,1,2,1.1,0.5
177424474,157.0,78.5,157.0,1,1,2,157.0,0.5
177426132,5.7,2.85,5.7,1,1,2,5.7,0.5
177441119,180.0,90.0,180.0,1,1,2,180.0,0.5
177444568,133.1,4.159375,51.0,17,17,32,7.829411764705882,0.53125
177446373,0.5,0.25,0.5,1,1,2,0.5,0.5
177457582,154.0,77.0,154.0,1,1,2,154.0,0.5
177466116,12.1,0.711764705882353,9.9,10,10,17,1.21,0.5882352941176471
177488743,40.8,8.16,31.0,3,3,5,13.6,0.6
177494738,4.1,2.05,4.1,1,1,2,4.1,0.5
177507986,1.0,0.5,1.0,1,1,2,1.0,0.5
177519904,18.1,2.585714285714286,17.5,4,4,7,4.525,0.5714285714285714
177531835,8.8,2.9333333333333336,8.8,2,2,3,4.4,0.6666666666666666
177537876,0.6,0.3,0.6,1,1,2,0.6,0.5
177578580,0.8,0.4,0.8,1,1,2,0.8,0.5
177591797,247.8,35.4,229.0,5,5,7,49.56,0.7142857142857143
177625788,407.3,8.854347826086956,118.0,27,27,46,15.085185185185185,0.5869565217391305
177682182,0.1,0.05,0.1,1,1,2,0.1,0.5
177726145,2.0,1.0,2.0,1,1,2,2.0,0.5
177734872,19.1,9.55,19.1,1,1,2,19.1,0.5
177804968,2.9,1.45,2.9,1,1,2,2.9,0.5
177827103,1329.0,41.53125,1253.0,20,20,32,66.45,0.625
177828156,3.3,1.65,3.3,1,1,2,3.3,0.5
177831964,1.0,0.3333333333333333,1.0,2,2,3,0.5,0.6666666666666666
177878533,17.8,8.9,17.8,1,1,2,17.8,0.5
177924431,3.9,1.95,3.9,1,1,2,3.9,0.5
177963795,7.4,1.48,5.7,3,3,5,2.466666666666667,0.6
177969374,835.0,417.5,835.0,1,1,2,835.0,0.5
177976130,303.4,50.56666666666666,281.0,3,3,6,101.13333333333333,0.5
177998646,2.2,1.1,2.2,1,1,2,2.2,0.5
178003047,1617.7,50.553125,968.0,17,17,32,95.15882352941176,0.53125
178007464,12.1,6.05,12.1,1,1,2,12.1,0.5
178008203,0.7,0.35,0.7,1,1,2,0.7,0.5
178038549,1613.8,26.029032258064515,586.0,33,33,62,48.9030303030303,0.532258064516129
178098476,0.5,0.25,0.5,1,1,2,0.5,0.5
178114805,0.2,0.1,0.2,1,1,2,0.2,0.5
178117765,1.5,0.75,1.5,1,1,2,1.5,0.5
178144284,1.8,0.36,1.5,3,3,5,0.6,0.6
178156640,0.5,0.25,0.5,1,1,2,0.5,0.5
178168238,31.6,1.975,11.7,11,11,16,2.872727272727273,0.6875
178224490,0.2,0.1,0.2,1,1,2,0.2,0.5
178228113,0.8,0.4,0.8,1,1,2,0.8,0.5
178233300,860.6,61.471428571428575,644.0,8,8,14,107.575,0.5714285714285714
178236087,0.8,0.4,0.8,1,1,2,0.8,0.5
178242321,31.0,15.5,31.0,1,1,2,31.0,0.5
178256532,41.0,20.5,41.0,1,1,2,41.0,0.5
178269176,45.3,11.325,39.0,2,2,4,22.65,0.5
178274653,0.0,0.0,0.0,1,1,1,0.0,1.0
178290786,8.1,4.05,8.1,1,1,2,8.1,0.5
178312427,1.1,0.55,1.1,1,1,2,1.1,0.5
178343030,0.1,0.05,0.1,1,1,2,0.1,0.5
178344232,5.1,2.55,5.1,1,1,2,5.1,0.5
178359363,2.8,1.4,2.8,1,1,2,2.8,0.5
178389754,0.7,0.35,0.7,1,1,2,0.7,0.5
178396764,701.0,175.25,670.0,2,2,4,350.5,0.5
178414233,4.0,0.5,3.1,5,5,8,0.8,0.625
178418547,2.6,0.65,1.5,2,2,4,1.3,0.5
178423779,561.1,93.51666666666667,559.0,3,3,6,187.03333333333333,0.5
178465090,59.4,4.569230769230769,31.0,7,7,13,8.485714285714286,0.5384615384615384
178491818,1.4,0.7,1.4,1,1,2,1.4,0.5
178574781,1265.9,70.32777777777778,677.0,9,9,18,140.65555555555557,0.5
178605069,96.5,3.3275862068965516,32.0,15,15,29,6.433333333333334,0.5172413793103449
178615518,32.0,16.0,32.0,1,1,2,32.0,0.5
178634510,1.3,0.65,1.3,1,1,2,1.3,0.5
178675666,58.0,29.0,58.0,1,1,2,58.0,0.5
178698811,12.3,4.1000000000000005,12.3,2,2,3,6.15,0.6666666666666666
178701168,1.5,0.75,1.5,1,1,2,1.5,0.5
178709401,200.0,100.0,200.0,1,1,2,200.0,0.5
178716199,1328.0,332.0,1328.0,3,3,4,442.6666666666667,0.75
178717672,18.200000000000003,2.0222222222222226,17.1,7,7,9,2.6000000000000005,0.7777777777777778
178730299,29.0,14.5,29.0,1,1,2,29.0,0.5
178761785,18.6,9.3,18.6,1,1,2,18.6,0.5
178789623,1947.8,162.31666666666666,1252.0,8,8,12,243.475,0.6666666666666666
178863914,0.7,0.2333333333333333,0.7,2,2,3,0.35,0.6666666666666666
178883999,3.5999999999999996,0.8999999999999999,1.9,2,2,4,1.7999999999999998,0.5
178890826,0.0,0.0,0.0,1,1,1,0.0,1.0
178893007,15.4,7.7,15.4,1,1,2,15.4,0.5
178893016,3.1,1.55,3.1,1,1,2,3.1,0.5
178915960,0.8,0.4,0.8,1,1,2,0.8,0.5
178932673,8.0,2.0,6.0,2,2,4,4.0,0.5
178964139,76.2,2.2411764705882353,25.0,22,22,34,3.463636363636364,0.6470588235294118
179001573,1.8,0.9,1.8,1,1,2,1.8,0.5
179001580,1244.1,311.025,1243.0,2,2,4,622.05,0.5
179014686,0.7,0.35,0.7,1,1,2,0.7,0.5
179022513,13.9,4.633333333333334,13.9,2,2,3,6.95,0.6666666666666666
179039411,2.1,1.05,2.1,1,1,2,2.1,0.5
179044354,1.4,0.7,1.4,1,1,2,1.4,0.5
179077731,292.0,14.6,109.0,16,16,20,18.25,0.8
179129702,0.0,0.0,0.0,8,8,8,0.0,1.0
179152437,19.8,9.9,19.8,1,1,2,19.8,0.5
179214937,36.0,18.0,36.0,1,1,2,36.0,0.5
179267280,12.0,6.0,12.0,1,1,2,12.0,0.5
179279152,8.7,4.35,8.7,1,1,2,8.7,0.5
179317774,4.5,2.25,4.5,1,1,2,4.5,0.5
179321212,0.5,0.25,0.5,1,1,2,0.5,0.5
179347474,647.0,13.76595744680851,423.0,28,28,47,23.107142857142858,0.5957446808510638
179348465,0.0,0.0,0.0,2,2,2,0.0,1.0
179355520,5.4,1.35,5.4,3,3,4,1.8,0.75
179368446,1.7,0.85,1.7,1,1,2,1.7,0.5
179377677,26.0,8.666666666666666,26.0,2,2,3,13.0,0.6666666666666666
179390131,154.7,8.142105263157895,145.0,10,10,19,15.469999999999999,0.5263157894736842
179394166,140.8,5.214814814814815,99.0,19,19,27,7.4105263157894745,0.7037037037037037
179404476,310.0,9.117647058823529,150.0,19,19,34,16.31578947368421,0.5588235294117647
179418535,471.0,235.5,471.0,1,1,2,471.0,0.5
179429247,0.4,0.2,0.4,1,1,2,0.4,0.5
179456244,0.8,0.4,0.8,1,1,2,0.8,0.5
179457413,0.2,0.1,0.2,1,1,2,0.2,0.5
179481154,240.3,18.484615384615385,207.0,9,9,13,26.700000000000003,0.6923076923076923
179498213,0.3,0.15,0.3,1,1,2,0.3,0.5
179518925,0.3,0.15,0.3,1,1,2,0.3,0.5
179560117,0.4,0.2,0.4,1,1,2,0.4,0.5
179686274,4.3,2.15,4.3,1,1,2,4.3,0.5
179708074,1.9,0.95,1.9,1,1,2,1.9,0.5
179733218,608.1,76.0125,577.0,4,4,8,152.025,0.5
179756503,0.2,0.1,0.2,1,1,2,0.2,0.5
179758802,1395.5,279.1,1391.0,3,3,5,465.1666666666667,0.6
179772319,13.5,2.25,13.5,5,5,6,2.7,0.8333333333333334
179798677,2.4,1.2,2.4,1,1,2,2.4,0.5
179802416,0.6,0.3,0.6,1,1,2,0.6,0.5
179819524,34.0,17.0,34.0,1,1,2,34.0,0.5
179822216,2.2,1.1,2.2,1,1,2,2.2,0.5
179848102,24.2,4.84,15.1,3,3,5,8.066666666666666,0.6
179895639,5.9,1.9666666666666668,5.9,2,2,3,2.95,0.6666666666666666
179897426,3.7,1.85,3.7,1,1,2,3.7,0.5
179902428,13.7,6.85,13.7,1,1,2,13.7,0.5
179912213,0.4,0.2,0.4,1,1,2,0.4,0.5
179936723,188.8,7.261538461538462,107.0,15,15,26,12.586666666666668,0.5769230769230769
179938717,15.2,3.8,14.5,2,2,4,7.6,0.5
180026080,3.2,1.6,3.2,1,1,2,3.2,0.5
180048039,468.0,234.0,468.0,1,1,2,468.0,0.5
180063157,0.8,0.4,0.8,1,1,2,0.8,0.5
180064841,413.0,137.66666666666666,413.0,2,2,3,206.5,0.6666666666666666
180115904,3.1,1.55,3.1,1,1,2,3.1,0.5
180120471,4.2,2.1,4.2,1,1,2,4.2,0.5
180206904,336.7,21.04375,189.0,9,9,16,37.41111111111111,0.5625
180208550,10.7,5.35,10.7,1,1,2,10.7,0.5
180210327,0.5,0.25,0.5,1,1,2,0.5,0.5
180236782,1685.3,73.27391304347826,1645.0,13,13,23,129.63846153846154,0.5652173913043478
180283418,1415.8,56.632,1352.0,16,16,25,88.4875,0.64
180321976,2.4,1.2,2.4,1,1,2,2.4,0.5
180331040,1256.0,251.2,1256.0,4,4,5,314.0,0.8
180394356,12.4,3.1,7.7,2,2,4,6.2,0.5
180406842,17.0,4.25,16.0,2,2,4,8.5,0.5
180407911,3.5,1.75,3.5,1,1,2,3.5,0.5
180426359,0.8,0.4,0.8,1,1,2,0.8,0.5
180438232,359.7,44.9625,162.0,4,4,8,89.925,0.5
180448924,0.0,0.0,0.0,1,1,1,0.0,1.0
180464589,74.1,18.525,71.0,2,2,4,37.05,0.5
180501401,119.8,9.983333333333333,87.0,7,7,12,17.114285714285714,0.5833333333333334
180534642,1.4,0.7,1.4,1,1,2,1.4,0.5
180561370,0.0,0.0,0.0,1,1,1,0.0,1.0
180596443,23.700000000000003,1.692857142857143,8.8,8,8,14,2.9625000000000004,0.5714285714285714
180599430,5.8,2.9,5.8,1,1,2,5.8,0.5
180608368,12.5,6.25,12.5,1,1,2,12.5,0.5
180612782,8.2,2.733333333333333,8.2,2,2,3,4.1,0.6666666666666666
180618704,0.2,0.1,0.2,1,1,2,0.2,0.5
180622295,33.0,16.5,33.0,1,1,2,33.0,0.5
180648547,38.2,2.9384615384615387,30.0,9,9,13,4.2444444444444445,0.6923076923076923
180662971,2.0,1.0,2.0,1,1,2,2.0,0.5
180730288,0.5,0.25,0.5,1,1,2,0.5,0.5
180735937,3.4,1.7,3.4,1,1,2,3.4,0.5
180743752,6.0,1.0,4.6,4,4,6,1.5,0.6666666666666666
180753437,1516.9,31.602083333333336,506.0,28,28,48,54.175000000000004,0.5833333333333334
180763362,16.1,8.05,16.1,1,1,2,16.1,0.5
180780478,92.0,23.0,56.0,2,2,4,46.0,0.5
180789959,23.3,2.9125,14.8,5,5,8,4.66,0.625
180800031,664.0,332.0,664.0,1,1,2,664.0,0.5
180801118,74.5,8.277777777777779,70.0,6,6,9,12.416666666666666,0.6666666666666666
180835471,0.3,0.15,0.3,1,1,2,0.3,0.5
180836607,0.6,0.3,0.6,1,1,2,0.6,0.5
180887333,66.0,33.0,66.0,1,1,2,66.0,0.5
180901075,845.7,3.203409090909091,359.0,187,187,264,4.522459893048128,0.7083333333333334
180902680,0.0,0.0,0.0,1,1,1,0.0,1.0
180922178,1.8,0.9,1.8,1,1,2,1.8,0.5
180955576,1.0,0.5,1.0,1,1,2,1.0,0.5
180981964,33.0,11.0,33.0,2,2,3,16.5,0.6666666666666666
180984112,0.0,0.0,0.0,3,3,3,0.0,1.0
181000177,5.0,2.5,5.0,1,1,2,5.0,0.5
181002117,168.9,3.311764705882353,84.0,43,43,51,3.927906976744186,0.8431372549019608
181010210,44.4,1.0325581395348837,22.0,35,35,43,1.2685714285714285,0.813953488372093
181064527,7.7,3.85,7.7,1,1,2,7.7,0.5
181070203,41.0,3.4166666666666665,19.6,6,6,12,6.833333333333333,0.5
181106616,0.2,0.1,0.2,1,1,2,0.2,0.5
181107812,1.0,0.5,1.0,1,1,2,1.0,0.5
181112485,7.8,3.9,7.8,1,1,2,7.8,0.5
181118785,80.0,5.333333333333333,80.0,14,14,15,5.714285714285714,0.9333333333333333
181154544,0.0,0.0,0.0,12,12,12,0.0,1.0
181156459,190.0,95.0,190.0,1,1,2,190.0,0.5
181158622,802.6,50.1625,733.0,9,9,16,89.17777777777778,0.5625
181216686,0.0,0.0,0.0,1,1,1,0.0,1.0
181230674,0.3,0.15,0.3,1,1,2,0.3,0.5
181252150,40.5,6.75,19.6,3,3,6,13.5,0.5
181254402,2.5,1.25,2.5,1,1,2,2.5,0.5
181262663,19.8,9.9,19.8,1,1,2,19.8,0.5
181269219,6.0,1.5,3.4,2,2,4,3.0,0.5
181291605,192.3,19.23,164.0,6,6,10,32.050000000000004,0.6
181297952,13.9,6.95,13.9,1,1,2,13.9,0.5
181304845,40.0,6.666666666666667,40.0,5,5,6,8.0,0.8333333333333334
181308056,0.6,0.3,0.6,1,1,2,0.6,0.5
181321171,25.9,6.475,25.0,2,2,4,12.95,0.5
181329087,41.9,6.983333333333333,41.0,3,3,6,13.966666666666667,0.5
181344998,0.2,0.03333333333333333,0.2,5,5,6,0.04,0.8333333333333334
181373107,5.0,2.5,5.0,1,1,2,5.0,0.5
181379461,3.4,1.7,3.4,1,1,2,3.4,0.5
181385269,1739.6,66.9076923076923,1160.0,16,16,26,108.725,0.6153846153846154
181453879,1976.0,42.04255319148936,1190.0,25,25,47,79.04,0.5319148936170213
181476633,11.2,3.733333333333333,11.2,2,2,3,5.6,0.6666666666666666
181523262,1.7,0.85,1.7,1,1,2,1.7,0.5
181523551,0.8,0.4,0.8,1,1,2,0.8,0.5
181549899,38.9,9.725,37.0,2,2,4,19.45,0.5
181564172,167.4,2.9892857142857143,92.0,29,29,56,5.772413793103448,0.5178571428571429
181576759,1.1,0.55,1.1,1,1,2,1.1,0.5
181584582,17.8,2.225,15.3,6,6,8,2.966666666666667,0.75
181586458,13.9,6.95,13.9,1,1,2,13.9,0.5
181593489,445.5,21.214285714285715,255.0,11,11,21,40.5,0.5238095238095238
181597796,9.700000000000001,1.385714285714286,5.7,4,4,7,2.4250000000000003,0.5714285714285714
181608676,883.9,19.642222222222223,268.0,25,25,45,35.356,0.5555555555555556
181628052,3.7,1.85,3.7,1,1,2,3.7,0.5
181638799,858.8,39.03636363636363,839.0,17,17,22,50.51764705882353,0.7727272727272727
181666776,428.4,26.775,386.0,9,9,16,47.599999999999994,0.5625
181693930,8.6,0.9555555555555555,6.8,7,7,9,1.2285714285714284,0.7777777777777778
181700777,1069.0,534.5,1069.0,1,1,2,1069.0,0.5
181701327,628.0,125.6,628.0,4,4,5,157.0,0.8
181716896,278.7,17.41875,267.0,14,14,16,19.907142857142855,0.875
181722972,1719.0,859.5,1719.0,1,1,2,1719.0,0.5
181808796,20.1,4.0200000000000005,16.5,3,3,5,6.7,0.6
181810697,2.4,1.2,2.4,1,1,2,2.4,0.5
181819729,3.4,0.3090909090909091,3.3,9,9,11,0.37777777777777777,0.8181818181818182
181831792,8.5,4.25,8.5,1,1,2,8.5,0.5
181836347,108.0,54.0,108.0,1,1,2,108.0,0.5
181840406,24.0,6.0,24.0,3,3,4,8.0,0.75
181850506,248.0,31.0,248.0,7,7,8,35.42857142857143,0.875
181857096,6.6,3.3,6.6,1,1,2,6.6,0.5
181894864,997.2,83.10000000000001,898.0,7,7,12,142.45714285714286,0.5833333333333334
181897693,2.0,1.0,2.0,1,1,2,2.0,0.5
181900480,24.700000000000003,3.0875000000000004,19.1,4,4,8,6.175000000000001,0.5
181921701,1.8,0.9,1.8,1,1,2,1.8,0.5
181966419,307.0,21.928571428571427,282.0,8,8,14,38.375,0.5714285714285714
181992323,0.4,0.2,0.4,1,1,2,0.4,0.5
182004925,5.3,2.65,5.3,1,1,2,5.3,0.5
182020275,0.2,0.1,0.2,1,1,2,0.2,0.5
182038346,79.0,13.166666666666666,79.0,5,5,6,15.8,0.8333333333333334
182076616,84.0,42.0,84.0,1,1,2,84.0,0.5
182106701,280.5,70.125,280.0,2,2,4,140.25,0.5
182175005,55.0,27.5,55.0,1,1,2,55.0,0.5
182175885,154.0,77.0,154.0,1,1,2,154.0,0.5
182220992,376.1,15.670833333333334,228.0,15,15,24,25.073333333333334,0.625
182229935,2521.4,21.188235294117646,1059.0,80,80,119,31.517500000000002,0.6722689075630253
182280948,3.6,1.2,3.6,2,2,3,1.8,0.6666666666666666
182295415,86.3,4.3149999999999995,81.0,16,16,20,5.39375,0.8
182326985,212.9,26.6125,200.0,5,5,8,42.58,0.625
182329183,0.4,0.2,0.4,1,1,2,0.4,0.5
182334680,41.0,20.5,41.0,1,1,2,41.0,0.5
182352880,9.0,4.5,9.0,1,1,2,9.0,0.5
182390817,12.4,3.1,12.3,2,2,4,6.2,0.5
182399789,1451.6,10.295035460992906,601.0,89,89,141,16.310112359550562,0.6312056737588653
182412202,63.6,10.6,61.0,3,3,6,21.2,0.5
182422786,184.5,20.5,146.0,5,5,9,36.9,0.5555555555555556
182426216,59.9,8.557142857142857,48.0,5,5,7,11.98,0.7142857142857143
182454639,0.3,0.15,0.3,1,1,2,0.3,0.5
182464505,108.4,18.066666666666666,106.0,3,3,6,36.13333333333333,0.5
182469805,286.0,95.33333333333333,286.0,2,2,3,143.0,0.6666666666666666
182470295,0.5,0.25,0.5,1,1,2,0.5,0.5
182478684,58.3,14.575,57.0,2,2,4,29.15,0.5
182491331,67.4,6.74,34.0,5,5,10,13.48,0.5
182499490,499.1,10.185714285714287,312.0,33,33,49,15.124242424242425,0.673469387755102
182514935,0.0,0.0,0.0,1,1,1,0.0,1.0
182528494,15.5,7.75,15.5,1,1,2,15.5,0.5
182548589,3.1,1.55,3.1,1,1,2,3.1,0.5
182557942,562.3,16.538235294117644,268.0,21,21,34,26.776190476190475,0.6176470588235294
182579698,48.0,24.0,48.0,1,1,2,48.0,0.5
182589428,5.4,1.8,5.4,2,2,3,2.7,0.6666666666666666
182592900,8.7,4.35,8.7,1,1,2,8.7,0.5
182593346,0.5,0.25,0.5,1,1,2,0.5,0.5
182593878,329.2,19.36470588235294,327.0,14,14,17,23.514285714285712,0.8235294117647058
182604019,5.199999999999999,1.2999999999999998,4.1,2,2,4,2.5999999999999996,0.5
182604873,73.2,8.133333333333333,64.0,7,7,9,10.457142857142857,0.7777777777777778
182621430,0.3,0.15,0.3,1,1,2,0.3,0.5
182627985,0.4,0.2,0.4,1,1,2,0.4,0.5
182642639,1.2,0.6,1.2,1,1,2,1.2,0.5
182654153,0.0,0.0,0.0,1,1,1,0.0,1.0
182726567,491.1,11.978048780487805,377.0,22,22,41,22.322727272727274,0.5365853658536586
182732657,12.1,3.025,11.4,2,2,4,6.05,0.5
182734697,13.2,6.6,13.2,1,1,2,13.2,0.5
182737466,0.3,0.15,0.3,1,1,2,0.3,0.5
182762077,42.0,21.0,42.0,1,1,2,42.0,0.5
182771524,283.2,16.658823529411762,86.0,9,9,17,31.466666666666665,0.5294117647058824
182780973,2.6,1.3,2.6,1,1,2,2.6,0.5
182817377,28.0,14.0,28.0,1,1,2,28.0,0.5
182822996,1.5,0.75,1.5,1,1,2,1.5,0.5
182825830,33.0,16.5,33.0,1,1,2,33.0,0.5
182835747,2451.0,163.4,2403.0,13,13,15,188.53846153846155,0.8666666666666667
182851135,54.7,1.1395833333333334,36.0,30,30,48,1.8233333333333335,0.625
182859939,134.0,67.0,134.0,1,1,2,134.0,0.5
182862561,0.3,0.15,0.3,1,1,2,0.3,0.5
182883046,178.0,44.5,178.0,3,3,4,59.333333333333336,0.75
182922389,4.0,2.0,4.0,1,1,2,4.0,0.5
182929175,2035.7,407.14,2035.0,3,3,5,678.5666666666667,0.6
182961604,1635.7,46.73428571428572,777.0,20,20,35,81.785,0.5714285714285714
182984820,0.3,0.15,0.3,1,1,2,0.3,0.5
182988804,350.2,87.55,350.0,2,2,4,175.1,0.5
183005527,6.4,3.2,6.4,1,1,2,6.4,0.5
183015196,2.1,1.05,2.1,1,1,2,2.1,0.5
183026447,0.1,0.05,0.1,1,1,2,0.1,0.5
183048608,152.3,8.461111111111112,118.0,9,9,18,16.922222222222224,0.5
183054457,2.2,1.1,2.2,1,1,2,2.2,0.5
183068343,15.600000000000001,3.9000000000000004,15.3,2,2,4,7.800000000000001,0.5
183074217,98.1,8.174999999999999,97.0,9,9,12,10.899999999999999,0.75
183086571,0.0,0.0,0.0,2,2,2,0.0,1.0
183089914,12.6,4.2,12.6,2,2,3,6.3,0.6666666666666666
183099723,25.0,12.5,25.0,1,1,2,25.0,0.5
183099734,6.0,1.0,3.6,3,3,6,2.0,0.5
183103599,321.9,45.98571428571428,299.0,4,4,7,80.475,0.5714285714285714
183170604,2.9,1.45,2.9,1,1,2,2.9,0.5
183190459,0.2,0.1,0.2,1,1,2,0.2,0.5
183210904,0.3,0.15,0.3,1,1,2,0.3,0.5
183235801,14.700000000000001,1.3363636363636364,11.8,8,8,11,1.8375000000000001,0.7272727272727273
183240449,5.1000000000000005,1.2750000000000001,4.2,2,2,4,2.5500000000000003,0.5
183241744,14.9,1.2416666666666667,9.4,8,8,12,1.8625,0.6666666666666666
183288699,1.5,0.75,1.5,1,1,2,1.5,0.5
183294889,545.7,30.31666666666667,537.0,12,12,18,45.475,0.6666666666666666
183300822,0.4,0.2,0.4,1,1,2,0.4,0.5
183306243,3.7,0.4625,3.2,6,6,8,0.6166666666666667,0.75
183315077,73.5,1.9342105263157894,46.0,31,31,38,2.370967741935484,0.8157894736842105
183337134,654.0,22.551724137931036,183.0,16,16,29,40.875,0.5517241379310345
183361928,0.7,0.35,0.7,1,1,2,0.7,0.5
183376463,1.9,0.95,1.9,1,1,2,1.9,0.5
183382406,476.8,36.676923076923075,443.0,8,8,13,59.6,0.6153846153846154
183390852,1.4,0.7,1.4,1,1,2,1.4,0.5
183410435,7.1,3.55,7.1,1,1,2,7.1,0.5
183421285,3.0,1.5,3.0,1,1,2,3.0,0.5
183440094,97.0,32.333333333333336,97.0,2,2,3,48.5,0.6666666666666666
183450002,903.0,47.526315789473685,903.0,18,18,19,50.166666666666664,0.9473684210526315
183486202,0.7999999999999999,0.11428571428571428,0.7,5,5,7,0.15999999999999998,0.7142857142857143
183490713,53.6,2.3304347826086955,24.0,13,13,23,4.1230769230769235,0.5652173913043478
183493923,2.6,0.65,2.6,3,3,4,0.8666666666666667,0.75
183507631,0.0,0.0,0.0,2,2,2,0.0,1.0
183531966,77.0,38.5,77.0,1,1,2,77.0,0.5
183552117,113.0,37.666666666666664,113.0,2,2,3,56.5,0.6666666666666666
183574382,11.0,0.3235294117647059,4.1,29,29,34,0.3793103448275862,0.8529411764705882
183593307,16.9,8.45,16.9,1,1,2,16.9,0.5
183595009,0.0,0.0,0.0,1,1,1,0.0,1.0
183601681,32.0,16.0,32.0,1,1,2,32.0,0.5
183617329,2.5,1.25,2.5,1,1,2,2.5,0.5
183619586,0.4,0.2,0.4,1,1,2,0.4,0.5
183619588,42.0,21.0,42.0,1,1,2,42.0,0.5
183760110,0.6,0.3,0.6,1,1,2,0.6,0.5
183771438,587.0,39.13333333333333,417.0,8,8,15,73.375,0.5333333333333333
183779370,0.0,0.0,0.0,1,1,1,0.0,1.0
183801719,515.0,257.5,515.0,1,1,2,515.0,0.5
183803328,4.5,0.32142857142857145,2.3,10,10,14,0.45,0.7142857142857143
183804269,144.0,72.0,144.0,1,1,2,144.0,0.5
183813172,1.7,0.85,1.7,1,1,2,1.7,0.5
183838531,160.9,6.436,109.0,16,16,25,10.05625,0.64
183841616,56.0,28.0,56.0,1,1,2,56.0,0.5
183882260,1.9,0.95,1.9,1,1,2,1.9,0.5
183963121,1.0,0.5,1.0,1,1,2,1.0,0.5
183982123,0.4,0.2,0.4,1,1,2,0.4,0.5
183983684,98.9,5.4944444444444445,72.0,10,10,18,9.89,0.5555555555555556
183998097,174.0,4.578947368421052,39.0,21,21,38,8.285714285714286,0.5526315789473685
183999086,29.3,2.441666666666667,18.6,7,7,12,4.185714285714286,0.5833333333333334
183999220,1.3,0.65,1.3,1,1,2,1.3,0.5
184003742,0.3,0.075,0.3,3,3,4,0.09999999999999999,0.75
184032170,0.0,0.0,0.0,1,1,1,0.0,1.0
184034224,4.3,2.15,4.3,1,1,2,4.3,0.5
184155452,9.0,4.5,9.0,1,1,2,9.0,0.5
184161063,17.1,8.55,17.1,1,1,2,17.1,0.5
184173132,8.4,4.2,8.4,1,1,2,8.4,0.5
184182861,2.9,1.45,2.9,1,1,2,2.9,0.5
184196436,4.1,2.05,4.1,1,1,2,4.1,0.5
184215735,14.5,2.4166666666666665,14.5,5,5,6,2.9,0.8333333333333334
184250682,2.0,1.0,2.0,1,1,2,2.0,0.5
184314651,613.1,13.328260869565218,206.0,29,29,46,21.141379310344828,0.6304347826086957
184332447,0.2,0.1,0.2,1,1,2,0.2,0.5
184378349,62.0,31.0,62.0,1,1,2,62.0,0.5
184385867,4.9,0.4454545454545455,3.0,6,6,11,0.8166666666666668,0.5454545454545454
184444733,8.8,4.4,8.8,1,1,2,8.8,0.5
184480011,131.0,65.5,131.0,1,1,2,131.0,0.5
184488975,0.0,0.0,0.0,1,1,1,0.0,1.0
184493955,106.1,21.22,103.0,3,3,5,35.36666666666667,0.6
184507299,0.0,0.0,0.0,1,1,1,0.0,1.0
184508601,0.0,0.0,0.0,15,15,15,0.0,1.0
184509154,0.3,0.15,0.3,1,1,2,0.3,0.5
184519153,6.3,0.9,3.1,4,4,7,1.575,0.5714285714285714
184524833,471.0,78.5,471.0,5,5,6,94.2,0.8333333333333334
184524944,0.0,0.0,0.0,4,4,4,0.0,1.0
184536712,1.5999999999999999,0.39999999999999997,1.4,2,2,4,0.7999999999999999,0.5
184554757,140.5,5.203703703703703,42.0,14,14,27,10.035714285714286,0.5185185185185185
184556544,24.0,12.0,24.0,1,1,2,24.0,0.5
184563802,3.1,1.55,3.1,1,1,2,3.1,0.5
184568310,0.0,0.0,0.0,1,1,1,0.0,1.0
184576164,383.0,95.75,327.0,2,2,4,191.5,0.5
184584285,84.7,21.175,82.0,2,2,4,42.35,0.5
184592379,49.0,16.333333333333332,49.0,2,2,3,24.5,0.6666666666666666
184594362,162.7,5.084375,80.0,27,27,32,6.025925925925925,0.84375
184599047,5.6,2.8,5.6,1,1,2,5.6,0.5
184609989,1.7,0.85,1.7,1,1,2,1.7,0.5
184620075,0.0,0.0,0.0,1,1,1,0.0,1.0
184620989,0.0,0.0,0.0,1,1,1,0.0,1.0
184648711,2.5,1.25,2.5,1,1,2,2.5,0.5
184661457,0.7,0.35,0.7,1,1,2,0.7,0.5
184694766,891.4,15.108474576271187,818.0,41,41,59,21.741463414634147,0.6949152542372882
184743467,68.0,34.0,68.0,1,1,2,68.0,0.5
184750340,17.7,8.85,17.7,1,1,2,17.7,0.5
184794116,1.5,0.375,1.1,2,2,4,0.75,0.5
184797043,32.0,16.0,32.0,1,1,2,32.0,0.5
184800550,28.8,7.2,28.0,2,2,4,14.4,0.5
184807923,0.0,0.0,0.0,10,10,10,0.0,1.0
184812615,1.7,0.85,1.7,1,1,2,1.7,0.5
184815970,0.0,0.0,0.0,1,1,1,0.0,1.0
184821296,51.0,25.5,51.0,1,1,2,51.0,0.5
184822872,1.4,0.7,1.4,1,1,2,1.4,0.5
184836567,39.5,9.875,39.0,2,2,4,19.75,0.5
184858116,9.5,0.95,7.1,6,6,10,1.5833333333333333,0.6
184858473,0.0,0.0,0.0,1,1,1,0.0,1.0
184885148,12.2,1.525,6.6,4,4,8,3.05,0.5
184899103,395.0,197.5,395.0,1,1,2,395.0,0.5
184938219,0.5,0.25,0.5,1,1,2,0.5,0.5
184963003,3.4000000000000004,0.8500000000000001,2.1,2,2,4,1.7000000000000002,0.5
184965925,0.0,0.0,0.0,1,1,1,0.0,1.0
184984194,0.0,0.0,0.0,1,1,1,0.0,1.0
184987886,81.7,2.2694444444444444,36.0,19,19,36,4.3,0.5277777777777778
184987922,1147.2,39.55862068965517,873.0,15,15,29,76.48,0.5172413793103449
185040259,4.5,2.25,4.5,1,1,2,4.5,0.5
185059222,0.5,0.25,0.5,1,1,2,0.5,0.5
185075395,3.0,0.037037037037037035,1.4,77,77,81,0.03896103896103896,0.9506172839506173
185078775,0.8,0.4,0.8,1,1,2,0.8,0.5
185079540,491.0,5.336956521739131,157.0,62,62,92,7.919354838709677,0.6739130434782609
185080568,0.5,0.25,0.5,1,1,2,0.5,0.5
185130561,37.6,2.685714285714286,27.0,8,8,14,4.7,0.5714285714285714
185169394,0.0,0.0,0.0,1,1,1,0.0,1.0
185174122,29.0,14.5,29.0,1,1,2,29.0,0.5
185207308,5.1,2.55,5.1,1,1,2,5.1,0.5
185218619,0.8,0.4,0.8,1,1,2,0.8,0.5
185238837,26.0,13.0,26.0,1,1,2,26.0,0.5
185247516,0.1,0.05,0.1,1,1,2,0.1,0.5
185258131,1233.2,17.872463768115942,261.0,43,43,69,28.679069767441863,0.6231884057971014
185259386,19.1,1.9100000000000001,11.3,5,5,10,3.8200000000000003,0.5
185268529,139.8,34.95,132.0,2,2,4,69.9,0.5
185271773,0.0,0.0,0.0,2,2,2,0.0,1.0
185272838,29.400000000000002,3.6750000000000003,19.3,5,5,8,5.880000000000001,0.625
185283602,0.8,0.4,0.8,1,1,2,0.8,0.5
185336345,0.0,0.0,0.0,1,1,1,0.0,1.0
185342941,5.5,2.75,5.5,1,1,2,5.5,0.5
185390486,1326.8,78.04705882352941,1298.0,10,10,17,132.68,0.5882352941176471
185395696,5.6,2.8,5.6,1,1,2,5.6,0.5
185401083,16.5,8.25,16.5,1,1,2,16.5,0.5
185412742,3.2,0.32,1.8,7,7,10,0.4571428571428572,0.7
185414347,53.0,26.5,53.0,1,1,2,53.0,0.5
185435886,0.7,0.13999999999999999,0.4,3,3,5,0.2333333333333333,0.6
185467694,8.3,4.15,8.3,1,1,2,8.3,0.5
185480581,0.6,0.3,0.6,1,1,2,0.6,0.5
185484994,665.0,332.5,665.0,1,1,2,665.0,0.5
185494712,1286.3,98.94615384615385,850.0,8,8,13,160.7875,0.6153846153846154
185515672,0.4,0.2,0.4,1,1,2,0.4,0.5
185517910,84.0,14.0,53.0,3,3,6,28.0,0.5
185518356,5.4,2.7,5.4,1,1,2,5.4,0.5
185526289,18.8,4.7,16.6,2,2,4,9.4,0.5
185613296,0.1,0.05,0.1,1,1,2,0.1,0.5
185680404,64.9,8.1125,28.0,4,4,8,16.225,0.5
185685666,1.5,0.25,0.7,3,3,6,0.5,0.5
185710844,1.7,0.5666666666666667,1.7,2,2,3,0.85,0.6666666666666666
185743629,94.7,7.2846153846153845,38.0,7,7,13,13.528571428571428,0.5384615384615384
185781816,29.0,14.5,29.0,1,1,2,29.0,0.5
185825658,2.7,0.9,2.7,2,2,3,1.35,0.6666666666666666
185826453,45.0,22.5,45.0,1,1,2,45.0,0.5
185842825,123.0,41.0,123.0,2,2,3,61.5,0.6666666666666666
185843291,3.9,1.95,3.9,1,1,2,3.9,0.5
185849750,6.6,3.3,6.6,1,1,2,6.6,0.5
185903029,0.6,0.3,0.6,1,1,2,0.6,0.5
185907866,454.0,227.0,454.0,1,1,2,454.0,0.5
185914106,57.199999999999996,1.9724137931034482,24.0,15,15,29,3.813333333333333,0.5172413793103449
185929621,454.0,227.0,454.0,1,1,2,454.0,0.5
185959000,9.4,2.35,8.5,2,2,4,4.7,0.5
185974015,0.5,0.25,0.5,1,1,2,0.5,0.5
186001638,7.8,3.9,7.8,1,1,2,7.8,0.5
186010200,14.0,7.0,14.0,1,1,2,14.0,0.5
186011357,54.0,27.0,54.0,1,1,2,54.0,0.5
186022495,76.6,2.837037037037037,69.0,15,15,27,5.1066666666666665,0.5555555555555556
186040249,432.9,11.1,110.0,20,20,39,21.645,0.5128205128205128
186055359,1.1,0.55,1.1,1,1,2,1.1,0.5
186069406,2119.7,124.68823529411763,1971.0,10,10,17,211.96999999999997,0.5882352941176471
186070645,533.0,266.5,533.0,1,1,2,533.0,0.5
186074387,21.0,10.5,21.0,1,1,2,21.0,0.5
186078229,3.9,1.95,3.9,1,1,2,3.9,0.5
186090773,0.3,0.15,0.3,1,1,2,0.3,0.5
186096460,2.4,1.2,2.4,1,1,2,2.4,0.5
186099130,42.8,7.133333333333333,16.2,3,3,6,14.266666666666666,0.5
186123132,0.1,0.03333333333333333,0.1,2,2,3,0.05,0.6666666666666666
186126772,19.3,1.4846153846153847,13.1,7,7,13,2.757142857142857,0.5384615384615384
186134916,0.0,0.0,0.0,2,2,2,0.0,1.0
186139058,8.9,4.45,8.9,1,1,2,8.9,0.5
186145192,1.3,0.65,1.3,1,1,2,1.3,0.5
186154929,6.2,1.55,5.9,2,2,4,3.1,0.5
186163561,0.0,0.0,0.0,1,1,1,0.0,1.0
186167611,12.100000000000001,1.7285714285714289,9.3,5,5,7,2.4200000000000004,0.7142857142857143
186193491,15.0,7.5,15.0,1,1,2,15.0,0.5
186194652,522.3,47.48181818181818,522.0,9,9,11,58.03333333333333,0.8181818181818182
186207833,4.7,2.35,4.7,1,1,2,4.7,0.5
186207856,0.7,0.35,0.7,1,1,2,0.7,0.5
186213909,1.4,0.7,1.4,1,1,2,1.4,0.5
186214948,1.1,0.55,1.1,1,1,2,1.1,0.5
186235728,0.0,0.0,0.0,3,3,3,0.0,1.0
186247831,132.9,11.075000000000001,118.0,7,7,12,18.985714285714288,0.5833333333333334
186273988,0.0,0.0,0.0,1,1,1,0.0,1.0
186287462,33.8,3.755555555555555,22.0,5,5,9,6.76,0.5555555555555556
186294113,15.4,7.7,15.4,1,1,2,15.4,0.5
186305384,91.8,22.95,91.0,2,2,4,45.9,0.5
186310598,6.0,0.5454545454545454,3.5,6,6,11,1.0,0.5454545454545454
186312592,1.3,0.325,1.1,2,2,4,0.65,0.5
186323628,6.5,0.5909090909090909,3.0,6,6,11,1.0833333333333333,0.5454545454545454
186333740,6.6,3.3,6.6,1,1,2,6.6,0.5
186344581,134.6,9.614285714285714,99.0,8,8,14,16.825,0.5714285714285714
186347003,4.4,2.2,4.4,1,1,2,4.4,0.5
186450119,2.9,1.45,2.9,1,1,2,2.9,0.5
186452037,121.6,30.4,114.0,2,2,4,60.8,0.5
186452942,14.8,4.933333333333334,14.8,2,2,3,7.4,0.6666666666666666
186483761,1333.2,12.94368932038835,610.0,65,65,103,20.51076923076923,0.6310679611650486
186504598,80.0,26.666666666666668,80.0,2,2,3,40.0,0.6666666666666666
186515716,2.5,1.25,2.5,1,1,2,2.5,0.5
186517004,423.7,15.692592592592591,387.0,19,19,27,22.3,0.7037037037037037
186523896,1.0,0.5,1.0,1,1,2,1.0,0.5
186597710,1.9,0.95,1.9,1,1,2,1.9,0.5
186609588,9.5,4.75,9.5,1,1,2,9.5,0.5
186611336,0.2,0.1,0.2,1,1,2,0.2,0.5
186642906,89.4,1.9434782608695653,31.0,28,28,46,3.192857142857143,0.6086956521739131
186644269,1.6,0.8,1.6,1,1,2,1.6,0.5
186645930,49.0,24.5,49.0,1,1,2,49.0,0.5
186648598,20.3,5.075,20.0,2,2,4,10.15,0.5
186651907,0.3,0.15,0.3,1,1,2,0.3,0.5
186673066,1106.8,18.144262295081965,619.0,40,40,61,27.669999999999998,0.6557377049180327
186697335,6.6,3.3,6.6,1,1,2,6.6,0.5
186746583,1.1,0.55,1.1,1,1,2,1.1,0.5
186762233,24.0,12.0,24.0,1,1,2,24.0,0.5
186766395,3.6,1.8,3.6,1,1,2,3.6,0.5
186786074,0.6,0.3,0.6,1,1,2,0.6,0.5
186814006,541.0,270.5,541.0,1,1,2,541.0,0.5
186820887,0.8,0.26666666666666666,0.8,2,2,3,0.4,0.6666666666666666
186863874,0.5,0.25,0.5,1,1,2,0.5,0.5
186867770,0.2,0.1,0.2,1,1,2,0.2,0.5
186871803,0.4,0.2,0.4,1,1,2,0.4,0.5
186885794,14.2,7.1,14.2,1,1,2,14.2,0.5
186902489,17.3,8.65,17.3,1,1,2,17.3,0.5
186903958,12.5,1.25,6.9,5,5,10,2.5,0.5
186924471,17.599999999999998,4.3999999999999995,17.2,2,2,4,8.799999999999999,0.5
186932671,10.799999999999999,0.8307692307692307,3.8,7,7,13,1.5428571428571427,0.5384615384615384
186939589,1.6,0.8,1.6,1,1,2,1.6,0.5
186948698,0.7,0.2333333333333333,0.7,2,2,3,0.35,0.6666666666666666
186969279,2.2,1.1,2.2,1,1,2,2.2,0.5
186989053,2.1,1.05,2.1,1,1,2,2.1,0.5
186996848,2.8,1.4,2.8,1,1,2,2.8,0.5
187016210,0.9,0.45,0.9,1,1,2,0.9,0.5
187056940,1.2,0.6,1.2,1,1,2,1.2,0.5
187062190,6.4,3.2,6.4,1,1,2,6.4,0.5
187075435,13.8,6.9,13.8,1,1,2,13.8,0.5
187085206,35.0,11.666666666666666,35.0,2,2,3,17.5,0.6666666666666666
187109020,1.6,0.8,1.6,1,1,2,1.6,0.5
187115070,1.4,0.7,1.4,1,1,2,1.4,0.5
187131847,2.3,1.15,2.3,1,1,2,2.3,0.5
187193689,5.0,2.5,5.0,1,1,2,5.0,0.5
187262547,6.0,1.0,3.9,4,4,6,1.5,0.6666666666666666
187264965,0.7,0.35,0.7,1,1,2,0.7,0.5
187278414,0.3,0.15,0.3,1,1,2,0.3,0.5
187283749,8.799999999999999,0.6285714285714284,2.5,7,7,14,1.257142857142857,0.5
187312942,0.9,0.45,0.9,1,1,2,0.9,0.5
187356339,7.3,3.65,7.3,1,1,2,7.3,0.5
187357674,2.3,1.15,2.3,1,1,2,2.3,0.5
187374370,0.3,0.15,0.3,1,1,2,0.3,0.5
187378013,0.0,0.0,0.0,3,3,3,0.0,1.0
187462362,2.2,1.1,2.2,1,1,2,2.2,0.5
187462398,26.799999999999997,2.0615384615384613,12.2,8,8,13,3.3499999999999996,0.6153846153846154
187463594,2800.1,12.500446428571427,452.0,158,158,224,17.722151898734175,0.7053571428571429
187477041,7.0,3.5,7.0,1,1,2,7.0,0.5
187478430,0.9,0.45,0.9,1,1,2,0.9,0.5
187484302,27.2,1.8133333333333332,15.3,9,9,15,3.022222222222222,0.6
187492337,1.8,0.9,1.8,1,1,2,1.8,0.5
187498422,6.8,3.4,6.8,1,1,2,6.8,0.5
187499055,16.0,8.0,16.0,1,1,2,16.0,0.5
187520593,6.1,0.8714285714285713,6.1,6,6,7,1.0166666666666666,0.8571428571428571
187533357,2.6,0.65,2.6,3,3,4,0.8666666666666667,0.75
187545648,520.8,19.288888888888888,519.0,22,22,27,23.672727272727272,0.8148148148148148
187588985,63.2,5.745454545454546,30.0,6,6,11,10.533333333333333,0.5454545454545454
187632582,0.6,0.3,0.6,1,1,2,0.6,0.5
187635837,0.8,0.4,0.8,1,1,2,0.8,0.5
187642265,37.0,12.333333333333334,37.0,2,2,3,18.5,0.6666666666666666
187643062,1.4,0.7,1.4,1,1,2,1.4,0.5
187653547,1.3,0.325,1.3,3,3,4,0.43333333333333335,0.75
187655755,5.2,2.6,5.2,1,1,2,5.2,0.5
187678142,1797.0,898.5,1797.0,1,1,2,1797.0,0.5
187692242,51.2,3.4133333333333336,49.0,12,12,15,4.266666666666667,0.8
187731882,62.8,10.466666666666667,43.0,3,3,6,20.933333333333334,0.5
187737814,9.0,4.5,9.0,1,1,2,9.0,0.5
187755082,1.2000000000000002,0.30000000000000004,1.1,2,2,4,0.6000000000000001,0.5
187795034,1.4,0.27999999999999997,1.4,4,4,5,0.35,0.8
187801454,1.2,0.19999999999999998,1.2,5,5,6,0.24,0.8333333333333334
187807630,0.4,0.2,0.4,1,1,2,0.4,0.5
187817597,4.5,0.75,3.9,4,4,6,1.125,0.6666666666666666
187851224,240.0,80.0,240.0,2,2,3,120.0,0.6666666666666666
187865224,1.2,0.6,1.2,1,1,2,1.2,0.5
187877855,31.2,2.6,16.2,6,6,12,5.2,0.5
187883872,2.4,1.2,2.4,1,1,2,2.4,0.5
187905740,3.5,1.75,3.5,1,1,2,3.5,0.5
187928878,51.0,25.5,51.0,1,1,2,51.0,0.5
187937296,14.1,7.05,14.1,1,1,2,14.1,0.5
187939552,0.5,0.25,0.5,1,1,2,0.5,0.5
187945671,0.4,0.2,0.4,1,1,2,0.4,0.5
187965381,0.4,0.13333333333333333,0.4,2,2,3,0.2,0.6666666666666666
187966424,0.0,0.0,0.0,1,1,1,0.0,1.0
187999074,15.0,1.0714285714285714,6.1,9,9,14,1.6666666666666667,0.6428571428571429
188026674,0.4,0.2,0.4,1,1,2,0.4,0.5
188046497,0.0,0.0,0.0,16,16,16,0.0,1.0
188052591,8.8,2.9333333333333336,8.8,2,2,3,4.4,0.6666666666666666
188056897,28.0,3.111111111111111,28.0,8,8,9,3.5,0.8888888888888888
188089669,0.0,0.0,0.0,1,1,1,0.0,1.0
188092362,3.9,1.95,3.9,1,1,2,3.9,0.5
188110199,0.9,0.45,0.9,1,1,2,0.9,0.5
188142305,14.4,7.2,14.4,1,1,2,14.4,0.5
188144733,0.5,0.25,0.5,1,1,2,0.5,0.5
188167163,355.3,27.33076923076923,197.0,7,7,13,50.75714285714286,0.5384615384615384
188180021,8.4,4.2,8.4,1,1,2,8.4,0.5
188184581,40.0,20.0,40.0,1,1,2,40.0,0.5
188189790,6.4,0.35555555555555557,1.7,10,10,18,0.64,0.5555555555555556
188198849,0.6,0.3,0.6,1,1,2,0.6,0.5
188226310,1.7,0.85,1.7,1,1,2,1.7,0.5
188233566,107.0,17.833333333333332,78.0,4,4,6,26.75,0.6666666666666666
188241866,0.2,0.1,0.2,1,1,2,0.2,0.5
188250158,60.3,2.8714285714285714,22.0,12,12,21,5.0249999999999995,0.5714285714285714
188266554,44.0,2.2,15.3,13,13,20,3.3846153846153846,0.65
188284694,7.2,3.6,7.2,1,1,2,7.2,0.5
188321266,172.0,57.333333333333336,172.0,2,2,3,86.0,0.6666666666666666
188340440,75.0,18.75,39.0,2,2,4,37.5,0.5
188366796,555.0,138.75,555.0,3,3,4,185.0,0.75
188377050,0.4,0.2,0.4,1,1,2,0.4,0.5
188380403,38.0,19.0,38.0,1,1,2,38.0,0.5
188386352,24.3,2.43,14.0,6,6,10,4.05,0.6
188394070,26.5,2.2083333333333335,12.8,6,6,12,4.416666666666667,0.5
188401469,141.0,70.5,141.0,1,1,2,141.0,0.5
188421568,648.0,92.57142857142857,648.0,6,6,7,108.0,0.8571428571428571
188425099,2.8,1.4,2.8,1,1,2,2.8,0.5
188448131,731.0,365.5,731.0,1,1,2,731.0,0.5
188450158,286.0,143.0,286.0,1,1,2,286.0,0.5
188469466,0.6,0.3,0.6,1,1,2,0.6,0.5
188471612,4.4,2.2,4.4,1,1,2,4.4,0.5
188491294,0.7,0.35,0.7,1,1,2,0.7,0.5
188509200,114.4,2.158490566037736,32.0,27,27,53,4.237037037037037,0.5094339622641509
188533206,11.7,5.85,11.7,1,1,2,11.7,0.5
188533496,3.2,1.6,3.2,1,1,2,3.2,0.5
188573606,27.0,13.5,27.0,1,1,2,27.0,0.5
188611416,25.0,8.333333333333334,25.0,2,2,3,12.5,0.6666666666666666
188615226,16.9,2.1125,14.0,5,5,8,3.38,0.625
188627637,49.0,12.25,34.0,2,2,4,24.5,0.5
188629712,1.2,0.3,1.2,3,3,4,0.39999999999999997,0.75
188631532,0.9,0.052941176470588235,0.9,16,16,17,0.05625,0.9411764705882353
188641919,1.3,0.65,1.3,1,1,2,1.3,0.5
188642720,11.0,5.5,11.0,1,1,2,11.0,0.5
188661370,3.0,0.6,2.1,3,3,5,1.0,0.6
188665937,74.0,37.0,74.0,1,1,2,74.0,0.5
188681523,1411.8,64.17272727272727,962.0,11,11,22,128.34545454545454,0.5
188684344,0.9,0.45,0.9,1,1,2,0.9,0.5
188684779,7.0,1.0,3.7,4,4,7,1.75,0.5714285714285714
188699277,1.1,0.3666666666666667,1.1,2,2,3,0.55,0.6666666666666666
188713427,10.0,2.5,10.0,3,3,4,3.3333333333333335,0.75
188727235,1.2,0.6,1.2,1,1,2,1.2,0.5
188768764,0.0,0.0,0.0,3,3,3,0.0,1.0
188773446,125.0,62.5,125.0,1,1,2,125.0,0.5
188784538,32.5,8.125,26.0,2,2,4,16.25,0.5
188792404,0.6,0.3,0.6,1,1,2,0.6,0.5
188803925,0.1,0.05,0.1,1,1,2,0.1,0.5
188838705,5.6,1.4,5.6,3,3,4,1.8666666666666665,0.75
188893670,0.1,0.05,0.1,1,1,2,0.1,0.5
188910738,30.6,1.4571428571428573,16.8,13,13,21,2.353846153846154,0.6190476190476191
188949150,503.5,5.994047619047619,86.0,46,46,84,10.945652173913043,0.5476190476190477
188981612,15.8,7.9,15.8,1,1,2,15.8,0.5
188988198,37.9,1.0243243243243243,32.0,27,27,37,1.4037037037037037,0.7297297297297297
188991147,6.8,3.4,6.8,1,1,2,6.8,0.5
189020294,10.1,5.05,10.1,1,1,2,10.1,0.5
189072890,0.5,0.1,0.3,3,3,5,0.16666666666666666,0.6
189086011,80.6,4.242105263157894,44.0,11,11,19,7.327272727272727,0.5789473684210527
189106314,12.7,6.35,12.7,1,1,2,12.7,0.5
189123038,223.2,11.74736842105263,172.0,10,10,19,22.32,0.5263157894736842
189125890,5.9,2.95,5.9,1,1,2,5.9,0.5
189129966,40.800000000000004,3.138461538461539,13.4,7,7,13,5.828571428571429,0.5384615384615384
189137548,87.0,21.75,87.0,3,3,4,29.0,0.75
189148170,1.1,0.55,1.1,1,1,2,1.1,0.5
189158075,0.0,0.0,0.0,1,1,1,0.0,1.0
189177145,170.6,12.185714285714285,84.0,8,8,14,21.325,0.5714285714285714
189186839,0.4,0.1,0.3,2,2,4,0.2,0.5
189191657,184.6,14.2,133.0,7,7,13,26.37142857142857,0.5384615384615384
189225159,0.0,0.0,0.0,2,2,2,0.0,1.0
189225514,40.0,13.333333333333334,40.0,2,2,3,20.0,0.6666666666666666
189240537,124.0,62.0,124.0,1,1,2,124.0,0.5
189246258,0.3,0.15,0.3,1,1,2,0.3,0.5
189262327,1.5,0.75,1.5,1,1,2,1.5,0.5
189272257,542.0,28.526315789473685,542.0,18,18,19,30.11111111111111,0.9473684210526315
189278950,53.0,26.5,53.0,1,1,2,53.0,0.5
189297449,0.1,0.05,0.1,1,1,2,0.1,0.5
189304702,434.9,10.354761904761904,190.0,25,25,42,17.396,0.5952380952380952
189344955,5.1,2.55,5.1,1,1,2,5.1,0.5
189371538,0.0,0.0,0.0,1,1,1,0.0,1.0
189377245,1.7,0.85,1.7,1,1,2,1.7,0.5
189389925,2.7,1.35,2.7,1,1,2,2.7,0.5
189398521,37.0,12.333333333333334,37.0,2,2,3,18.5,0.6666666666666666
189417273,32.3,6.459999999999999,32.0,3,3,5,10.766666666666666,0.6
189424582,272.0,34.0,272.0,7,7,8,38.857142857142854,0.875
189429276,5.6,2.8,5.6,1,1,2,5.6,0.5
189441775,798.4,16.293877551020408,444.0,26,26,49,30.707692307692305,0.5306122448979592
189451813,452.0,64.57142857142857,452.0,6,6,7,75.33333333333333,0.8571428571428571
189459679,0.4,0.2,0.4,1,1,2,0.4,0.5
189526724,0.0,0.0,0.0,1,1,1,0.0,1.0
189568899,0.0,0.0,0.0,1,1,1,0.0,1.0
189596415,0.3,0.15,0.3,1,1,2,0.3,0.5
189623540,8.9,2.225,8.6,2,2,4,4.45,0.5
189640897,0.0,0.0,0.0,2,2,2,0.0,1.0
189649899,1.8,0.9,1.8,1,1,2,1.8,0.5
189658710,3.0,1.5,3.0,1,1,2,3.0,0.5
189675274,0.3,0.15,0.3,1,1,2,0.3,0.5
189685866,14.8,7.4,14.8,1,1,2,14.8,0.5
189692974,1.1,0.55,1.1,1,1,2,1.1,0.5
189704237,13.5,3.375,13.5,3,3,4,4.5,0.75
189734107,1150.4,8.15886524822695,1017.0,126,126,141,9.130158730158731,0.8936170212765957
189750611,2.3,1.15,2.3,1,1,2,2.3,0.5
189758309,3.1,1.55,3.1,1,1,2,3.1,0.5
189792144,1.9,0.38,1.7,3,3,5,0.6333333333333333,0.6
189794919,50.7,12.675,50.0,2,2,4,25.35,0.5
189795214,257.0,21.416666666666668,257.0,11,11,12,23.363636363636363,0.9166666666666666
189801489,45.0,11.25,45.0,3,3,4,15.0,0.75
189813843,1748.2,49.94857142857143,1204.0,22,22,35,79.46363636363637,0.6285714285714286
189818681,20.7,1.2176470588235293,13.3,10,10,17,2.07,0.5882352941176471
189822258,5.3,0.5888888888888889,4.0,7,7,9,0.7571428571428571,0.7777777777777778
189827182,1.0,0.5,1.0,1,1,2,1.0,0.5
189858084,165.8,1.201449275362319,23.0,90,90,138,1.8422222222222224,0.6521739130434783
189866742,1213.0,93.3076923076923,1213.0,12,12,13,101.08333333333333,0.9230769230769231
189880430,0.2,0.1,0.2,1,1,2,0.2,0.5
189918261,28.0,14.0,28.0,1,1,2,28.0,0.5
189921721,86.0,43.0,86.0,1,1,2,86.0,0.5
189929581,367.0,91.75,364.0,2,2,4,183.5,0.5
189929692,94.9,23.725,94.0,2,2,4,47.45,0.5
189957616,0.8,0.4,0.8,1,1,2,0.8,0.5
189963855,29.0,14.5,29.0,1,1,2,29.0,0.5
189971720,16.9,8.45,16.9,1,1,2,16.9,0.5
190000212,0.8,0.4,0.8,1,1,2,0.8,0.5
190003864,1299.0,433.0,1299.0,2,2,3,649.5,0.6666666666666666
190016182,35.7,2.23125,35.0,14,14,16,2.5500000000000003,0.875
190022459,36.1,1.3884615384615384,9.5,17,17,26,2.123529411764706,0.6538461538461539
190049238,62.3,7.7875,40.0,4,4,8,15.575,0.5
190060278,506.8,8.308196721311475,325.0,40,40,61,12.67,0.6557377049180327
190061555,0.8,0.4,0.8,1,1,2,0.8,0.5
190070011,51.7,8.616666666666667,36.0,3,3,6,17.233333333333334,0.5
190073388,0.0,0.0,0.0,14,14,14,0.0,1.0
190074593,226.8,16.2,112.0,9,9,14,25.200000000000003,0.6428571428571429
190118118,208.0,104.0,208.0,1,1,2,208.0,0.5
190162483,1.2,0.6,1.2,1,1,2,1.2,0.5
190191843,2773.7,35.110126582278475,1803.0,44,44,79,63.03863636363636,0.5569620253164557
190206592,3.9,1.95,3.9,1,1,2,3.9,0.5
190231757,18.0,9.0,18.0,1,1,2,18.0,0.5
190246455,0.9,0.3,0.9,2,2,3,0.45,0.6666666666666666
190296880,0.0,0.0,0.0,2,2,2,0.0,1.0
190305564,23.0,11.5,23.0,1,1,2,23.0,0.5
190305835,969.1,15.88688524590164,545.0,42,42,61,23.073809523809523,0.6885245901639344
190310322,4.3,2.15,4.3,1,1,2,4.3,0.5
190342639,4.9,2.45,4.9,1,1,2,4.9,0.5
190369653,0.6,0.3,0.6,1,1,2,0.6,0.5
190386837,0.5,0.08333333333333333,0.4,4,4,6,0.125,0.6666666666666666
190420357,1.1,0.12222222222222223,0.6,7,7,9,0.15714285714285717,0.7777777777777778
190460990,1.5,0.75,1.5,1,1,2,1.5,0.5
190466640,2.4,1.2,2.4,1,1,2,2.4,0.5
190502181,1722.3,45.32368421052632,1031.0,24,24,38,71.7625,0.631578947368421
190504638,0.0,0.0,0.0,1,1,1,0.0,1.0
190517373,1.0,0.2,0.9,3,3,5,0.3333333333333333,0.6
190547288,17.4,2.9,10.2,4,4,6,4.35,0.6666666666666666
190568643,343.0,85.75,343.0,3,3,4,114.33333333333333,0.75
190598972,0.5,0.25,0.5,1,1,2,0.5,0.5
190608205,0.0,0.0,0.0,1,1,1,0.0,1.0
190615811,0.2,0.1,0.2,1,1,2,0.2,0.5
190623779,4.3,2.15,4.3,1,1,2,4.3,0.5
190628198,9.799999999999999,2.4499999999999997,9.7,2,2,4,4.8999999999999995,0.5
190650796,50.5,3.3666666666666667,27.0,9,9,15,5.611111111111111,0.6
190654528,146.0,73.0,146.0,1,1,2,146.0,0.5
190668443,5.8,2.9,5.8,1,1,2,5.8,0.5
190675881,106.9,5.090476190476191,36.0,11,11,21,9.718181818181819,0.5238095238095238
190687978,6.6,3.3,6.6,1,1,2,6.6,0.5
190693641,1.4,0.7,1.4,1,1,2,1.4,0.5
190708114,141.2,10.86153846153846,111.0,7,7,13,20.17142857142857,0.5384615384615384
190721470,0.3,0.15,0.3,1,1,2,0.3,0.5
190754099,2919.0,729.75,2891.0,2,2,4,1459.5,0.5
190774375,1.2,0.6,1.2,1,1,2,1.2,0.5
190788774,1.0,0.5,1.0,1,1,2,1.0,0.5
190798987,2.3,1.15,2.3,1,1,2,2.3,0.5
190817792,0.0,0.0,0.0,1,1,1,0.0,1.0
190860375,15.2,7.6,15.2,1,1,2,15.2,0.5
190861612,452.0,226.0,452.0,1,1,2,452.0,0.5
190887447,9.1,4.55,9.1,1,1,2,9.1,0.5
190900463,3.0,1.5,3.0,1,1,2,3.0,0.5
190900804,3.3,0.20625,3.3,15,15,16,0.22,0.9375
190945239,0.1,0.03333333333333333,0.1,2,2,3,0.05,0.6666666666666666
190961031,0.6,0.3,0.6,1,1,2,0.6,0.5
191019302,237.0,79.0,237.0,2,2,3,118.5,0.6666666666666666
191027696,7.8,3.9,7.8,1,1,2,7.8,0.5
191052911,4.2,2.1,4.2,1,1,2,4.2,0.5
191101874,31.4,2.242857142857143,22.0,7,7,14,4.485714285714286,0.5
191115240,11.6,5.8,11.6,1,1,2,11.6,0.5
191126693,1144.5,15.466216216216216,209.0,44,44,74,26.011363636363637,0.5945945945945946
191169296,9.1,2.275,9.1,3,3,4,3.033333333333333,0.75
191203821,0.4,0.044444444444444446,0.4,8,8,9,0.05,0.8888888888888888
191244342,1368.0,684.0,1368.0,1,1,2,1368.0,0.5
191244808,48.6,2.3142857142857145,41.0,13,13,21,3.7384615384615385,0.6190476190476191
191285966,0.5,0.25,0.5,1,1,2,0.5,0.5
191299959,0.8,0.26666666666666666,0.8,2,2,3,0.4,0.6666666666666666
191316238,0.0,0.0,0.0,1,1,1,0.0,1.0
191320556,41.0,20.5,41.0,1,1,2,41.0,0.5
191365887,4.7,0.16785714285714287,3.0,25,25,28,0.188,0.8928571428571429
191375618,0.0,0.0,0.0,1,1,1,0.0,1.0
191377488,1.6,0.2,0.6,4,4,8,0.4,0.5
191396022,2.7,1.35,2.7,1,1,2,2.7,0.5
191421015,6.0,3.0,6.0,1,1,2,6.0,0.5
191422617,17.6,5.866666666666667,17.6,2,2,3,8.8,0.6666666666666666
191477470,690.2,43.1375,592.0,9,9,16,76.6888888888889,0.5625
191480137,43.9,10.975,24.0,2,2,4,21.95,0.5
191507469,1.7,0.85,1.7,1,1,2,1.7,0.5
191527425,0.0,0.0,0.0,1,1,1,0.0,1.0
191566590,3.7,1.85,3.7,1,1,2,3.7,0.5
191576449,1881.5,55.338235294117645,1121.0,21,21,34,89.5952380952381,0.6176470588235294
191592097,16.2,4.05,16.2,3,3,4,5.3999999999999995,0.75
191603262,3.2,1.6,3.2,1,1,2,3.2,0.5
191637518,463.8,23.19,269.0,14,14,20,33.128571428571426,0.7
191670145,11.8,5.9,11.8,1,1,2,11.8,0.5
191677626,5.3,1.325,5.3,3,3,4,1.7666666666666666,0.75
191692022,0.2,0.1,0.2,1,1,2,0.2,0.5
191721546,3.8,0.76,3.4,3,3,5,1.2666666666666666,0.6
191731084,150.3,15.030000000000001,150.0,8,8,10,18.7875,0.8
191747590,272.0,12.952380952380953,174.0,15,15,21,18.133333333333333,0.7142857142857143
191760370,2.2,0.24444444444444446,1.1,6,6,9,0.3666666666666667,0.6666666666666666
191779282,1505.0,752.5,1505.0,1,1,2,1505.0,0.5
191780526,19.6,4.9,13.3,2,2,4,9.8,0.5
191792074,14.5,1.8125,14.5,7,7,8,2.0714285714285716,0.875
191802069,8.7,4.35,8.7,1,1,2,8.7,0.5
191803558,1.2,0.6,1.2,1,1,2,1.2,0.5
191810425,7.5,3.75,7.5,1,1,2,7.5,0.5
191817434,1.6,0.8,1.6,1,1,2,1.6,0.5
191821689,5.1,1.02,5.1,4,4,5,1.275,0.8
191829918,2.9,1.45,2.9,1,1,2,2.9,0.5
191854245,1.2,0.6,1.2,1,1,2,1.2,0.5
191857652,0.3,0.15,0.3,1,1,2,0.3,0.5
191905471,0.8,0.4,0.8,1,1,2,0.8,0.5
191907008,2.4,1.2,2.4,1,1,2,2.4,0.5
191923237,0.0,0.0,0.0,4,4,4,0.0,1.0
191933539,5.6,2.8,5.6,1,1,2,5.6,0.5
191937457,3.4,1.7,3.4,1,1,2,3.4,0.5
191937970,0.7,0.07777777777777778,0.7,8,8,9,0.0875,0.8888888888888888
191940483,1.5,0.5,1.5,2,2,3,0.75,0.6666666666666666
191945723,0.0,0.0,0.0,1,1,1,0.0,1.0
191973826,0.5,0.25,0.5,1,1,2,0.5,0.5
191975517,107.0,21.4,107.0,4,4,5,26.75,0.8
191979928,1241.8,10.89298245614035,263.0,80,80,114,15.522499999999999,0.7017543859649122
191988742,19.8,1.5230769230769232,11.5,8,8,13,2.475,0.6153846153846154
192012936,10.7,1.5285714285714285,6.3,4,4,7,2.675,0.5714285714285714
192031349,158.0,31.6,120.0,3,3,5,52.666666666666664,0.6
192044880,119.6,11.959999999999999,74.0,5,5,10,23.919999999999998,0.5
192052864,3.8,1.9,3.8,1,1,2,3.8,0.5
192075614,0.7,0.35,0.7,1,1,2,0.7,0.5
192080216,0.0,0.0,0.0,1,1,1,0.0,1.0
192089288,0.0,0.0,0.0,3,3,3,0.0,1.0
192105970,69.1,1.6452380952380952,18.1,22,22,42,3.1409090909090907,0.5238095238095238
192109670,1.9,0.95,1.9,1,1,2,1.9,0.5
192134691,1113.0,556.5,1113.0,1,1,2,1113.0,0.5
192168270,0.3,0.15,0.3,1,1,2,0.3,0.5
192170147,648.7,7.81566265060241,303.0,68,68,83,9.539705882352942,0.8192771084337349
192182310,0.9,0.45,0.9,1,1,2,0.9,0.5
192186232,3.0,1.5,3.0,1,1,2,3.0,0.5
192196598,0.30000000000000004,0.037500000000000006,0.2,6,6,8,0.05000000000000001,0.75
192201048,0.4,0.2,0.4,1,1,2,0.4,0.5
192204940,0.4,0.2,0.4,1,1,2,0.4,0.5
192218605,0.0,0.0,0.0,1,1,1,0.0,1.0
192234242,12.700000000000001,1.27,9.9,7,7,10,1.8142857142857145,0.7
192245266,465.0,232.5,465.0,1,1,2,465.0,0.5
192264666,403.0,201.5,403.0,1,1,2,403.0,0.5
192274690,0.8,0.2,0.8,3,3,4,0.26666666666666666,0.75
192277804,5.1,1.275,2.8,2,2,4,2.55,0.5
192282418,9.2,4.6,9.2,1,1,2,9.2,0.5
192334796,171.0,17.1,171.0,9,9,10,19.0,0.9
192341303,332.0,47.42857142857143,332.0,6,6,7,55.333333333333336,0.8571428571428571
192429833,1.7,0.85,1.7,1,1,2,1.7,0.5
192436140,1577.0,788.5,1577.0,1,1,2,1577.0,0.5
192443246,0.0,0.0,0.0,1,1,1,0.0,1.0
192482286,0.2,0.1,0.2,1,1,2,0.2,0.5
192503967,1055.1,21.532653061224487,382.0,27,27,49,39.077777777777776,0.5510204081632653
192526458,110.0,6.470588235294118,75.0,15,15,17,7.333333333333333,0.8823529411764706
192531211,2.3,1.15,2.3,1,1,2,2.3,0.5
192538478,37.8,2.3625,19.4,10,10,16,3.78,0.625
192582507,14.4,7.2,14.4,1,1,2,14.4,0.5
192598347,2.8,1.4,2.8,1,1,2,2.8,0.5
192609869,2.5,1.25,2.5,1,1,2,2.5,0.5
192616228,0.0,0.0,0.0,1,1,1,0.0,1.0
192623666,56.0,28.0,56.0,1,1,2,56.0,0.5
192627895,131.0,65.5,131.0,1,1,2,131.0,0.5
192641031,0.5,0.1,0.5,4,4,5,0.125,0.8
192645567,20.4,2.55,17.2,4,4,8,5.1,0.5
192664331,0.6,0.15,0.3,2,2,4,0.3,0.5
192703190,1.6,0.17777777777777778,0.5,5,5,9,0.32,0.5555555555555556
192742937,822.6,82.26,821.0,7,7,10,117.51428571428572,0.7
192772707,948.6,32.710344827586205,857.0,20,20,29,47.43,0.6896551724137931
192798536,0.0,0.0,0.0,1,1,1,0.0,1.0
192822732,0.2,0.1,0.2,1,1,2,0.2,0.5
192832691,0.0,0.0,0.0,1,1,1,0.0,1.0
192839333,326.2,81.55,326.0,2,2,4,163.1,0.5
192848461,1.9,0.95,1.9,1,1,2,1.9,0.5
192861545,15.7,1.7444444444444445,8.2,7,7,9,2.242857142857143,0.7777777777777778
192886504,45.0,22.5,45.0,1,1,2,45.0,0.5
192888880,0.0,0.0,0.0,1,1,1,0.0,1.0
192899469,19.2,9.6,19.2,1,1,2,19.2,0.5
192921532,8.1,2.025,6.9,2,2,4,4.05,0.5
192931464,1.5,0.75,1.5,1,1,2,1.5,0.5
192949772,98.0,24.5,98.0,3,3,4,32.666666666666664,0.75
192955397,4.0,0.8,2.8,3,3,5,1.3333333333333333,0.6
192969933,0.5,0.25,0.5,1,1,2,0.5,0.5
192976811,8.6,2.15,8.1,2,2,4,4.3,0.5
192989716,0.0,0.0,0.0,1,1,1,0.0,1.0
192997918,273.0,91.0,273.0,2,2,3,136.5,0.6666666666666666
193012627,0.1,0.05,0.1,1,1,2,0.1,0.5
193025628,2.9,0.9666666666666667,2.9,2,2,3,1.45,0.6666666666666666
193029586,0.0,0.0,0.0,4,4,4,0.0,1.0
193056678,1.5,0.75,1.5,1,1,2,1.5,0.5
193058986,1.9,0.95,1.9,1,1,2,1.9,0.5
193076632,0.7,0.2333333333333333,0.7,2,2,3,0.35,0.6666666666666666
193083287,2.5,1.25,2.5,1,1,2,2.5,0.5
193087158,188.6,15.716666666666667,103.0,7,7,12,26.942857142857143,0.5833333333333334
193092714,0.1,0.05,0.1,1,1,2,0.1,0.5
193097653,21.0,10.5,21.0,1,1,2,21.0,0.5
193103684,522.5,4.318181818181818,164.0,95,95,121,5.5,0.7851239669421488
193129684,151.7,5.618518518518518,110.0,19,19,27,7.984210526315789,0.7037037037037037
193131260,16.0,8.0,16.0,1,1,2,16.0,0.5
193136822,9.2,4.6,9.2,1,1,2,9.2,0.5
193156880,2104.8,15.034285714285716,1069.0,96,96,140,21.925,0.6857142857142857
193196975,147.3,4.208571428571429,29.0,20,20,35,7.365,0.5714285714285714
193202632,4.0,1.0,3.3,2,2,4,2.0,0.5
193226877,7.8999999999999995,1.9749999999999999,7.6,2,2,4,3.9499999999999997,0.5
193230408,1.9,0.95,1.9,1,1,2,1.9,0.5
193245894,2.6,1.3,2.6,1,1,2,2.6,0.5
193265457,0.0,0.0,0.0,2,2,2,0.0,1.0
193279119,0.3,0.15,0.3,1,1,2,0.3,0.5
193289015,293.0,73.25,293.0,3,3,4,97.66666666666667,0.75
193304011,69.2,8.65,53.0,4,4,8,17.3,0.5
193315427,37.0,18.5,37.0,1,1,2,37.0,0.5
193349394,1.7,0.425,1.4,2,2,4,0.85,0.5
193423786,1.0,0.3333333333333333,1.0,2,2,3,0.5,0.6666666666666666
193428692,0.0,0.0,0.0,2,2,2,0.0,1.0
193442134,18.7,9.35,18.7,1,1,2,18.7,0.5
193456517,1.4,0.7,1.4,1,1,2,1.4,0.5
193471217,2.9,1.45,2.9,1,1,2,2.9,0.5
193486352,25.400000000000002,0.6512820512820513,8.3,21,21,39,1.2095238095238097,0.5384615384615384
193494703,13.4,6.7,13.4,1,1,2,13.4,0.5
193539193,1.0,0.3333333333333333,1.0,2,2,3,0.5,0.6666666666666666
193545615,0.7,0.13999999999999999,0.5,3,3,5,0.2333333333333333,0.6
193553590,19.2,9.6,19.2,1,1,2,19.2,0.5
193581345,15.0,7.5,15.0,1,1,2,15.0,0.5
193599149,0.3,0.15,0.3,1,1,2,0.3,0.5
193671011,5.6,2.8,5.6,1,1,2,5.6,0.5
193693887,2.3,1.15,2.3,1,1,2,2.3,0.5
193705276,1470.9,367.725,1467.0,2,2,4,735.45,0.5
193740810,0.2,0.1,0.2,1,1,2,0.2,0.5
193743047,0.4,0.2,0.4,1,1,2,0.4,0.5
193774881,21.0,10.5,21.0,1,1,2,21.0,0.5
193784721,1.7,0.85,1.7,1,1,2,1.7,0.5
193792189,7.7,1.2833333333333334,5.0,3,3,6,2.566666666666667,0.5
193811490,1.1,0.55,1.1,1,1,2,1.1,0.5
193840893,1.9,0.2714285714285714,1.2,5,5,7,0.38,0.7142857142857143
193858324,4.3,2.15,4.3,1,1,2,4.3,0.5
193923021,4.8,2.4,4.8,1,1,2,4.8,0.5
193955543,3.0,1.5,3.0,1,1,2,3.0,0.5
193956726,4.8,0.6,3.4,5,5,8,0.96,0.625
193987636,10.7,0.823076923076923,5.1,7,7,13,1.5285714285714285,0.5384615384615384
194023429,0.0,0.0,0.0,1,1,1,0.0,1.0
194057051,23.0,7.666666666666667,23.0,2,2,3,11.5,0.6666666666666666
194063322,9.2,3.0666666666666664,9.2,2,2,3,4.6,0.6666666666666666
194071007,3.8,0.76,3.0,3,3,5,1.2666666666666666,0.6
194097479,5.5,2.75,5.5,1,1,2,5.5,0.5
194101597,1.5,0.5,1.5,2,2,3,0.75,0.6666666666666666
194111617,410.2,37.29090909090909,344.0,6,6,11,68.36666666666666,0.5454545454545454
194145720,68.0,34.0,68.0,1,1,2,68.0,0.5
194156559,0.8,0.4,0.8,1,1,2,0.8,0.5
194191204,18.0,1.6363636363636365,12.9,6,6,11,3.0,0.5454545454545454
194196780,1019.0,145.57142857142858,1019.0,6,6,7,169.83333333333334,0.8571428571428571
194201853,0.0,0.0,0.0,1,1,1,0.0,1.0
194207397,478.4,29.9,428.0,12,12,16,39.86666666666667,0.75
194237851,0.3,0.075,0.3,3,3,4,0.09999999999999999,0.75
194266152,12.9,4.3,12.9,2,2,3,6.45,0.6666666666666666
194269839,8.0,4.0,8.0,1,1,2,8.0,0.5
194282276,0.8,0.4,0.8,1,1,2,0.8,0.5
194305157,50.0,5.555555555555555,46.0,6,6,9,8.333333333333334,0.6666666666666666
194325357,0.0,0.0,0.0,1,1,1,0.0,1.0
194327703,7.0,3.5,7.0,1,1,2,7.0,0.5
194432540,25.7,0.8862068965517241,7.2,16,16,29,1.60625,0.5517241379310345
194463248,13.9,6.95,13.9,1,1,2,13.9,0.5
194481709,1.2,0.6,1.2,1,1,2,1.2,0.5
194487033,0.3,0.15,0.3,1,1,2,0.3,0.5
194491088,52.0,10.4,52.0,4,4,5,13.0,0.8
194506370,0.3,0.15,0.3,1,1,2,0.3,0.5
194534689,0.4,0.2,0.4,1,1,2,0.4,0.5
194541300,90.0,30.0,90.0,2,2,3,45.0,0.6666666666666666
194544287,46.5,4.65,40.0,6,6,10,7.75,0.6
194545521,29.3,7.325,26.0,2,2,4,14.65,0.5
194619752,419.0,69.83333333333333,419.0,5,5,6,83.8,0.8333333333333334
194629782,17.8,8.9,17.8,1,1,2,17.8,0.5
194641575,50.5,3.3666666666666667,18.4,9,9,15,5.611111111111111,0.6
194642805,0.2,0.1,0.2,1,1,2,0.2,0.5
194664022,1.6,0.8,1.6,1,1,2,1.6,0.5
194670621,864.3,13.296923076923076,529.0,35,35,65,24.694285714285712,0.5384615384615384
194672513,0.8,0.4,0.8,1,1,2,0.8,0.5
194678830,0.0,0.0,0.0,1,1,1,0.0,1.0
194680258,31.0,3.4444444444444446,31.0,8,8,9,3.875,0.8888888888888888
194694340,0.6,0.3,0.6,1,1,2,0.6,0.5
194791978,8.6,4.3,8.6,1,1,2,8.6,0.5
194794185,24.0,12.0,24.0,1,1,2,24.0,0.5
194800299,0.9,0.45,0.9,1,1,2,0.9,0.5
194812058,54.1,13.525,52.0,2,2,4,27.05,0.5
194820693,2.5,0.35714285714285715,2.5,6,6,7,0.4166666666666667,0.8571428571428571
194842424,1781.1,296.84999999999997,1781.0,4,4,6,445.275,0.6666666666666666
194854693,85.9,4.521052631578947,74.0,14,14,19,6.135714285714286,0.7368421052631579
194858483,0.0,0.0,0.0,2,2,2,0.0,1.0
194872360,927.0,66.21428571428571,869.0,8,8,14,115.875,0.5714285714285714
194885661,15.5,2.5833333333333335,10.1,4,4,6,3.875,0.6666666666666666
194893507,1102.0,110.2,1058.0,5,5,10,220.4,0.5
194895541,1.5,0.375,1.1,2,2,4,0.75,0.5
194920727,0.6000000000000001,0.15000000000000002,0.4,2,2,4,0.30000000000000004,0.5
194966014,28.0,14.0,28.0,1,1,2,28.0,0.5
194969717,1.0,0.5,1.0,1,1,2,1.0,0.5
194970068,2744.5,63.825581395348834,2291.0,27,27,43,101.64814814814815,0.627906976744186
194993610,0.2,0.1,0.2,1,1,2,0.2,0.5
195006426,56.8,14.2,40.0,2,2,4,28.4,0.5
195020366,0.6,0.3,0.6,1,1,2,0.6,0.5
195065296,2.7,0.54,2.7,4,4,5,0.675,0.8
195071563,6.2,3.1,6.2,1,1,2,6.2,0.5
195072781,327.8,14.252173913043478,312.0,14,14,23,23.414285714285715,0.6086956521739131
195105284,684.8,17.119999999999997,315.0,28,28,40,24.457142857142856,0.7
195105416,6.0,1.5,4.0,2,2,4,3.0,0.5
195130514,79.0,39.5,79.0,1,1,2,79.0,0.5
195147702,159.0,39.75,131.0,2,2,4,79.5,0.5
195171884,343.1,42.8875,336.0,4,4,8,85.775,0.5
195193671,6.0,2.0,6.0,2,2,3,3.0,0.6666666666666666
195202264,212.0,106.0,212.0,1,1,2,212.0,0.5
195219679,3.3,1.65,3.3,1,1,2,3.3,0.5
195238292,0.5,0.25,0.5,1,1,2,0.5,0.5
195248182,0.9,0.45,0.9,1,1,2,0.9,0.5
195274250,0.0,0.0,0.0,1,1,1,0.0,1.0
195289372,9.2,4.6,9.2,1,1,2,9.2,0.5
195311349,0.2,0.1,0.2,1,1,2,0.2,0.5
195322037,1.3,0.18571428571428572,0.8,5,5,7,0.26,0.7142857142857143
195354965,0.6,0.3,0.6,1,1,2,0.6,0.5
195403462,9.3,4.65,9.3,1,1,2,9.3,0.5
195406396,35.0,17.5,35.0,1,1,2,35.0,0.5
195414910,578.7,8.386956521739132,240.0,49,49,69,11.810204081632653,0.7101449275362319
195430485,2.8,0.5599999999999999,2.8,4,4,5,0.7,0.8
195436818,0.7,0.35,0.7,1,1,2,0.7,0.5
195442852,2.3,1.15,2.3,1,1,2,2.3,0.5
195453723,3.0,1.5,3.0,1,1,2,3.0,0.5
195459356,0.5,0.07142857142857142,0.5,6,6,7,0.08333333333333333,0.8571428571428571
195484725,4.2,2.1,4.2,1,1,2,4.2,0.5
195486667,8.5,1.7,8.5,4,4,5,2.125,0.8
195559468,0.1,0.05,0.1,1,1,2,0.1,0.5
195584941,208.4,9.060869565217391,100.0,14,14,23,14.885714285714286,0.6086956521739131
195587567,0.0,0.0,0.0,1,1,1,0.0,1.0
195594316,3.8,1.9,3.8,1,1,2,3.8,0.5
195606876,6.4,3.2,6.4,1,1,2,6.4,0.5
195607832,644.8,9.623880597014924,208.0,49,49,67,13.159183673469387,0.7313432835820896
195611290,1.5,0.75,1.5,1,1,2,1.5,0.5
195694153,482.0,160.66666666666666,482.0,2,2,3,241.0,0.6666666666666666
195723035,0.0,0.0,0.0,1,1,1,0.0,1.0
195743633,3.6,0.6,3.5,4,4,6,0.9,0.6666666666666666
195750181,15.4,3.85,15.4,3,3,4,5.133333333333334,0.75
195780309,292.3,3.1095744680851065,106.0,53,53,94,5.5150943396226415,0.5638297872340425
195800610,3.8,0.76,3.8,4,4,5,0.95,0.8
195814783,1.9,0.95,1.9,1,1,2,1.9,0.5
195815964,13.5,4.5,13.5,2,2,3,6.75,0.6666666666666666
195840346,124.0,62.0,124.0,1,1,2,124.0,0.5
195943868,1026.7,146.67142857142858,1026.0,4,4,7,256.675,0.5714285714285714
195946569,69.3,3.0130434782608693,22.0,15,15,23,4.62,0.6521739130434783
195962272,21.8,0.990909090909091,6.6,16,16,22,1.3625,0.7272727272727273
195968966,181.4,18.14,147.0,7,7,10,25.914285714285715,0.7
195974700,25.1,5.0200000000000005,21.0,3,3,5,8.366666666666667,0.6
195999024,1.3,0.65,1.3,1,1,2,1.3,0.5
196016696,0.0,0.0,0.0,3,3,3,0.0,1.0
196047720,0.7,0.35,0.7,1,1,2,0.7,0.5
196057622,15.0,7.5,15.0,1,1,2,15.0,0.5
196059860,4.8,0.12631578947368421,1.8,33,33,38,0.14545454545454545,0.868421052631579
196066421,204.1,3.345901639344262,120.0,39,39,61,5.233333333333333,0.639344262295082
196086652,1.6,0.8,1.6,1,1,2,1.6,0.5
196089915,18.2,9.1,18.2,1,1,2,18.2,0.5
196098976,162.0,9.0,162.0,17,17,18,9.529411764705882,0.9444444444444444
196113123,39.0,13.0,39.0,2,2,3,19.5,0.6666666666666666
196119233,0.5,0.25,0.5,1,1,2,0.5,0.5
196156695,426.0,35.5,426.0,11,11,12,38.72727272727273,0.9166666666666666
196171528,18.3,6.1000000000000005,18.3,2,2,3,9.15,0.6666666666666666
196171763,14.6,7.3,14.6,1,1,2,14.6,0.5
196179331,0.1,0.05,0.1,1,1,2,0.1,0.5
196188671,28.0,9.333333333333334,28.0,2,2,3,14.0,0.6666666666666666
196223620,273.7,7.819999999999999,76.0,23,23,35,11.9,0.6571428571428571
196231194,27.099999999999998,3.3874999999999997,11.9,4,4,8,6.7749999999999995,0.5
196237754,0.8,0.26666666666666666,0.8,2,2,3,0.4,0.6666666666666666
196256646,14.1,3.525,13.0,2,2,4,7.05,0.5
196274659,5.9,2.95,5.9,1,1,2,5.9,0.5
196324436,8.6,4.3,8.6,1,1,2,8.6,0.5
196354657,0.0,0.0,0.0,1,1,1,0.0,1.0
196358260,0.0,0.0,0.0,1,1,1,0.0,1.0
196403090,260.3,18.592857142857145,249.0,8,8,14,32.5375,0.5714285714285714
196427977,0.0,0.0,0.0,1,1,1,0.0,1.0
196435579,2.1,1.05,2.1,1,1,2,2.1,0.5
196437409,47.0,23.5,47.0,1,1,2,47.0,0.5
196446810,1.7,0.33999999999999997,1.5,3,3,5,0.5666666666666667,0.6
196498799,17.6,2.5142857142857147,11.6,5,5,7,3.5200000000000005,0.7142857142857143
196543616,1234.0,411.3333333333333,1234.0,2,2,3,617.0,0.6666666666666666
196558392,461.0,32.92857142857143,452.0,7,7,14,65.85714285714286,0.5
196578463,11.0,5.5,11.0,1,1,2,11.0,0.5
196586255,417.0,208.5,417.0,1,1,2,417.0,0.5
196594918,206.0,103.0,206.0,1,1,2,206.0,0.5
196595568,347.6,5.698360655737705,126.0,35,35,61,9.931428571428572,0.5737704918032787
196609297,55.6,1.5885714285714285,16.4,22,22,35,2.5272727272727273,0.6285714285714286
196677424,16.6,8.3,16.6,1,1,2,16.6,0.5
196707355,0.7,0.0875,0.4,6,6,8,0.11666666666666665,0.75
196724692,3.0,1.5,3.0,1,1,2,3.0,0.5
196725782,74.0,37.0,74.0,1,1,2,74.0,0.5
196749226,7.5,3.75,7.5,1,1,2,7.5,0.5
196751350,0.6,0.3,0.6,1,1,2,0.6,0.5
196751756,20.0,10.0,20.0,1,1,2,20.0,0.5
196799100,24.0,12.0,24.0,1,1,2,24.0,0.5
196816850,0.3,0.03333333333333333,0.3,8,8,9,0.0375,0.8888888888888888
196862501,659.0,34.68421052631579,659.0,18,18,19,36.611111111111114,0.9473684210526315
196873040,17.599999999999998,3.5199999999999996,16.7,3,3,5,5.866666666666666,0.6
196886916,0.9,0.45,0.9,1,1,2,0.9,0.5
196894502,0.2,0.1,0.2,1,1,2,0.2,0.5
196921868,10.2,5.1,10.2,1,1,2,10.2,0.5
196931524,2.4,0.6,2.1,2,2,4,1.2,0.5
196960100,71.0,35.5,71.0,1,1,2,71.0,0.5
196974297,0.0,0.0,0.0,1,1,1,0.0,1.0
197014942,0.5,0.25,0.5,1,1,2,0.5,0.5
197057442,0.2,0.06666666666666667,0.2,2,2,3,0.1,0.6666666666666666
197070285,0.5,0.25,0.5,1,1,2,0.5,0.5
197090954,64.0,32.0,64.0,1,1,2,64.0,0.5
197147371,2.1,1.05,2.1,1,1,2,2.1,0.5
197157593,3.2,1.6,3.2,1,1,2,3.2,0.5
197166094,95.0,47.5,95.0,1,1,2,95.0,0.5
197172884,0.4,0.2,0.4,1,1,2,0.4,0.5
197179748,22.0,11.0,22.0,1,1,2,22.0,0.5
197190654,468.4,8.837735849056603,206.0,29,29,53,16.151724137931033,0.5471698113207547
197237005,527.0,75.28571428571429,340.0,5,5,7,105.4,0.7142857142857143
197245597,0.4,0.05,0.4,7,7,8,0.05714285714285715,0.875
197262235,104.0,52.0,104.0,1,1,2,104.0,0.5
197275508,0.2,0.1,0.2,1,1,2,0.2,0.5
197278511,0.5,0.25,0.5,1,1,2,0.5,0.5
197279094,23.0,3.8333333333333335,19.6,3,3,6,7.666666666666667,0.5
197279519,0.6,0.3,0.6,1,1,2,0.6,0.5
197288410,75.4,15.080000000000002,59.0,3,3,5,25.133333333333336,0.6
197293332,209.0,69.66666666666667,209.0,2,2,3,104.5,0.6666666666666666
197293813,9.4,3.1333333333333333,9.4,2,2,3,4.7,0.6666666666666666
197302530,913.1,36.524,467.0,14,14,25,65.22142857142858,0.56
197302969,0.3,0.15,0.3,1,1,2,0.3,0.5
197328486,116.5,11.65,68.0,6,6,10,19.416666666666668,0.6
197363488,17.1,2.85,10.0,4,4,6,4.275,0.6666666666666666
197364659,61.3,8.757142857142856,58.0,5,5,7,12.26,0.7142857142857143
197385611,300.0,37.5,296.0,5,5,8,60.0,0.625
197406178,158.7,2.3338235294117644,64.0,43,43,68,3.690697674418604,0.6323529411764706
197413514,49.0,4.9,49.0,9,9,10,5.444444444444445,0.9
197455089,3.4,1.7,3.4,1,1,2,3.4,0.5
197458771,130.0,43.333333333333336,130.0,2,2,3,65.0,0.6666666666666666
197467350,2.7,1.35,2.7,1,1,2,2.7,0.5
197501773,2.2,0.7333333333333334,2.2,2,2,3,1.1,0.6666666666666666
197509386,550.0,137.5,550.0,3,3,4,183.33333333333334,0.75
197518122,115.1,10.463636363636363,66.0,6,6,11,19.183333333333334,0.5454545454545454
197550099,55.0,13.75,28.0,2,2,4,27.5,0.5
197571337,122.1,10.174999999999999,115.0,6,6,12,20.349999999999998,0.5
197579025,969.3,69.23571428571428,969.0,12,12,14,80.77499999999999,0.8571428571428571
197616637,0.9,0.45,0.9,1,1,2,0.9,0.5
197620904,110.0,5.5,56.0,14,14,20,7.857142857142857,0.7
197642964,9.2,4.6,9.2,1,1,2,9.2,0.5
197652539,223.8,5.889473684210526,70.0,25,25,38,8.952,0.6578947368421053
197656011,0.5,0.25,0.5,1,1,2,0.5,0.5
197657608,761.6,69.23636363636363,656.0,6,6,11,126.93333333333334,0.5454545454545454
197666345,27.0,13.5,27.0,1,1,2,27.0,0.5
197700401,0.7,0.175,0.7,3,3,4,0.2333333333333333,0.75
197705483,13.0,6.5,13.0,1,1,2,13.0,0.5
197724494,11.5,1.9166666666666667,11.5,5,5,6,2.3,0.8333333333333334
197732882,5.8,1.9333333333333333,5.8,2,2,3,2.9,0.6666666666666666
197765864,4.5,2.25,4.5,1,1,2,4.5,0.5
197786337,6.4,2.1333333333333333,6.4,2,2,3,3.2,0.6666666666666666
197821092,1.5,0.75,1.5,1,1,2,1.5,0.5
197822805,260.0,86.66666666666667,260.0,2,2,3,130.0,0.6666666666666666
197861486,27.0,13.5,27.0,1,1,2,27.0,0.5
197861902,22.0,11.0,22.0,1,1,2,22.0,0.5
197871154,37.0,18.5,37.0,1,1,2,37.0,0.5
197876733,0.0,0.0,0.0,3,3,3,0.0,1.0
197894945,1.2,0.6,1.2,1,1,2,1.2,0.5
197902002,0.0,0.0,0.0,1,1,1,0.0,1.0
197903023,1.6,0.8,1.6,1,1,2,1.6,0.5
197904909,408.3,2.758783783783784,214.0,127,127,148,3.21496062992126,0.8581081081081081
197918145,49.9,9.98,48.0,3,3,5,16.633333333333333,0.6
197949629,290.4,7.4461538461538455,84.0,22,22,39,13.2,0.5641025641025641
197966478,881.6,12.964705882352941,480.0,41,41,68,21.502439024390245,0.6029411764705882
197987776,14.7,7.35,14.7,1,1,2,14.7,0.5
197999509,0.6,0.3,0.6,1,1,2,0.6,0.5
198019368,85.0,42.5,85.0,1,1,2,85.0,0.5
198071235,1.2,0.39999999999999997,1.2,2,2,3,0.6,0.6666666666666666
198081354,1302.8,12.648543689320388,1057.0,66,66,103,19.73939393939394,0.6407766990291263
198083088,48.0,12.0,48.0,3,3,4,16.0,0.75
198100987,16.1,8.05,16.1,1,1,2,16.1,0.5
198105109,572.0,19.724137931034484,293.0,17,17,29,33.64705882352941,0.5862068965517241
198107221,0.0,0.0,0.0,3,3,3,0.0,1.0
198107903,0.1,0.03333333333333333,0.1,2,2,3,0.05,0.6666666666666666
198126859,0.0,0.0,0.0,3,3,3,0.0,1.0
198156213,17.0,5.666666666666667,17.0,2,2,3,8.5,0.6666666666666666
198166157,0.6,0.3,0.6,1,1,2,0.6,0.5
198201128,19.2,9.6,19.2,1,1,2,19.2,0.5
198249024,881.4,88.14,530.0,7,7,10,125.91428571428571,0.7
198261883,435.0,145.0,435.0,2,2,3,217.5,0.6666666666666666
198286263,5.9,2.95,5.9,1,1,2,5.9,0.5
198309472,0.5,0.25,0.5,1,1,2,0.5,0.5
198311110,5.7,2.85,5.7,1,1,2,5.7,0.5
198314976,0.1,0.009090909090909092,0.1,10,10,11,0.01,0.9090909090909091
198327032,0.5,0.25,0.5,1,1,2,0.5,0.5
198328209,1.0,0.3333333333333333,1.0,2,2,3,0.5,0.6666666666666666
198346312,290.4,5.584615384615384,58.0,34,34,52,8.541176470588235,0.6538461538461539
198350044,137.0,68.5,137.0,1,1,2,137.0,0.5
198350948,12.8,1.6,7.7,4,4,8,3.2,0.5
198357128,0.0,0.0,0.0,2,2,2,0.0,1.0
198380393,2.4,0.7999999999999999,2.4,2,2,3,1.2,0.6666666666666666
198381433,1.1,0.55,1.1,1,1,2,1.1,0.5
198398830,24.4,2.2181818181818183,23.0,8,8,11,3.05,0.7272727272727273
198417932,1.5,0.75,1.5,1,1,2,1.5,0.5
198436071,1.7,0.425,1.7,3,3,4,0.5666666666666667,0.75
198464515,0.8,0.2,0.8,3,3,4,0.26666666666666666,0.75
198550551,52.8,8.799999999999999,46.0,3,3,6,17.599999999999998,0.5
198561746,95.3,13.614285714285714,86.0,4,4,7,23.825,0.5714285714285714
198572546,12.7,6.35,12.7,1,1,2,12.7,0.5
198573013,55.5,1.11,28.0,32,32,50,1.734375,0.64
198584696,1.9,0.95,1.9,1,1,2,1.9,0.5
198595210,1.2,0.6,1.2,1,1,2,1.2,0.5
198605042,234.2,14.6375,232.0,14,14,16,16.728571428571428,0.875
198621754,5.7,2.85,5.7,1,1,2,5.7,0.5
198639468,1.5,0.75,1.5,1,1,2,1.5,0.5
198680785,0.2,0.1,0.2,1,1,2,0.2,0.5
198709823,0.0,0.0,0.0,1,1,1,0.0,1.0
198722652,284.0,12.347826086956522,277.0,13,13,23,21.846153846153847,0.5652173913043478
198735293,1518.5,9.259146341463415,345.0,98,98,164,15.494897959183673,0.5975609756097561
198741200,0.5,0.25,0.5,1,1,2,0.5,0.5
198744602,0.2,0.1,0.2,1,1,2,0.2,0.5
198782797,8.1,2.025,8.1,3,3,4,2.6999999999999997,0.75
198794630,0.3,0.15,0.3,1,1,2,0.3,0.5
198799464,0.4,0.2,0.4,1,1,2,0.4,0.5
198804975,24.9,1.464705882352941,8.2,9,9,17,2.7666666666666666,0.5294117647058824
198810299,26.0,13.0,26.0,1,1,2,26.0,0.5
198825628,777.1,155.42000000000002,777.0,3,3,5,259.03333333333336,0.6
198850929,111.9,2.6642857142857146,53.0,32,32,42,3.496875,0.7619047619047619
198874354,0.8,0.4,0.8,1,1,2,0.8,0.5
198878241,24.0,12.0,24.0,1,1,2,24.0,0.5
198893163,68.4,7.6000000000000005,49.0,5,5,9,13.680000000000001,0.5555555555555556
198901867,105.0,17.5,105.0,5,5,6,21.0,0.8333333333333334
198913824,9.6,4.8,9.6,1,1,2,9.6,0.5
198914333,558.7,16.930303030303033,439.0,18,18,33,31.03888888888889,0.5454545454545454
198918504,1054.0,351.3333333333333,1054.0,2,2,3,527.0,0.6666666666666666
198962605,183.0,91.5,183.0,1,1,2,183.0,0.5
198996945,1.6,0.8,1.6,1,1,2,1.6,0.5
199005864,2.4,1.2,2.4,1,1,2,2.4,0.5
199010300,0.0,0.0,0.0,1,1,1,0.0,1.0
199013605,7.6,1.9,4.3,2,2,4,3.8,0.5
199025228,0.0,0.0,0.0,2,2,2,0.0,1.0
199046946,6.8,3.4,6.8,1,1,2,6.8,0.5
199047397,1.6,0.8,1.6,1,1,2,1.6,0.5
199047757,37.0,18.5,37.0,1,1,2,37.0,0.5
199051315,5.9,2.95,5.9,1,1,2,5.9,0.5
199051694,13.4,1.675,13.4,7,7,8,1.9142857142857144,0.875
199075040,17.6,5.866666666666667,17.6,2,2,3,8.8,0.6666666666666666
199085938,2.1,0.42000000000000004,1.3,3,3,5,0.7000000000000001,0.6
199121928,3.4,1.7,3.4,1,1,2,3.4,0.5
199134483,17.7,4.425,10.7,2,2,4,8.85,0.5
199134746,4.9,2.45,4.9,1,1,2,4.9,0.5
199158451,155.0,31.0,155.0,4,4,5,38.75,0.8
199210319,0.0,0.0,0.0,6,6,6,0.0,1.0
199215257,11.5,5.75,11.5,1,1,2,11.5,0.5
199231210,522.0,261.0,522.0,1,1,2,522.0,0.5
199236587,71.0,10.142857142857142,71.0,6,6,7,11.833333333333334,0.8571428571428571
199243806,0.3,0.012499999999999999,0.3,23,23,24,0.013043478260869565,0.9583333333333334
199255181,12.5,6.25,12.5,1,1,2,12.5,0.5
199288821,182.0,60.666666666666664,182.0,2,2,3,91.0,0.6666666666666666
199298990,4.0,0.8,4.0,4,4,5,1.0,0.8
199307633,0.2,0.05,0.2,3,3,4,0.06666666666666667,0.75
199336988,0.3,0.15,0.3,1,1,2,0.3,0.5
199344685,1.0,0.5,1.0,1,1,2,1.0,0.5
199363978,0.7,0.35,0.7,1,1,2,0.7,0.5
199423036,1.0,0.25,1.0,3,3,4,0.3333333333333333,0.75
199426613,594.0,118.8,594.0,4,4,5,148.5,0.8
199463289,102.0,51.0,102.0,1,1,2,102.0,0.5
199466958,2.9,1.45,2.9,1,1,2,2.9,0.5
199500064,403.0,80.6,403.0,4,4,5,100.75,0.8
199535718,895.0,447.5,895.0,1,1,2,895.0,0.5
199552639,13.9,6.95,13.9,1,1,2,13.9,0.5
199568480,1.8,0.15,1.3,9,9,12,0.2,0.75
199594907,0.5,0.25,0.5,1,1,2,0.5,0.5
199603191,426.2,18.530434782608694,309.0,12,12,23,35.516666666666666,0.5217391304347826
199628395,368.0,6.344827586206897,211.0,38,38,58,9.68421052631579,0.6551724137931034
199637398,33.6,5.6000000000000005,22.0,3,3,6,11.200000000000001,0.5
199642080,26.0,3.25,18.4,6,6,8,4.333333333333333,0.75
199647568,17.2,8.6,17.2,1,1,2,17.2,0.5
199659716,336.0,9.882352941176471,160.0,20,20,34,16.8,0.5882352941176471
199662019,59.2,9.866666666666667,59.0,4,4,6,14.8,0.6666666666666666
199664148,2.7,1.35,2.7,1,1,2,2.7,0.5
199668978,0.2,0.1,0.2,1,1,2,0.2,0.5
199678802,811.0,202.75,810.0,2,2,4,405.5,0.5
199681294,0.0,0.0,0.0,1,1,1,0.0,1.0
199693353,316.0,2.5483870967741935,132.0,78,78,124,4.051282051282051,0.6290322580645161
199693744,0.2,0.1,0.2,1,1,2,0.2,0.5
199694980,12.2,3.05,9.0,2,2,4,6.1,0.5
199709157,0.0,0.0,0.0,2,2,2,0.0,1.0
199717061,126.9,31.725,124.0,2,2,4,63.45,0.5
199727985,5.4,2.7,5.4,1,1,2,5.4,0.5
199745733,1.0,0.3333333333333333,1.0,2,2,3,0.5,0.6666666666666666
199757879,130.0,32.5,130.0,3,3,4,43.333333333333336,0.75
199768117,789.7,98.7125,761.0,4,4,8,197.425,0.5
199779448,11.8,2.95,11.4,2,2,4,5.9,0.5
199805188,9.8,0.4666666666666667,9.5,18,18,21,0.5444444444444445,0.8571428571428571
199806970,0.7,0.35,0.7,1,1,2,0.7,0.5
199816062,503.0,251.5,503.0,1,1,2,503.0,0.5
199816966,61.1,2.35,45.0,14,14,26,4.364285714285715,0.5384615384615384
199831134,0.2,0.1,0.2,1,1,2,0.2,0.5
199841615,1361.0,340.25,1325.0,2,2,4,680.5,0.5
199850143,0.0,0.0,0.0,1,1,1,0.0,1.0
199899325,51.2,10.24,51.0,3,3,5,17.066666666666666,0.6
199908506,7.1000000000000005,0.788888888888889,3.7,5,5,9,1.4200000000000002,0.5555555555555556
199911795,0.0,0.0,0.0,1,1,1,0.0,1.0
199931153,3.0,0.25,3.0,11,11,12,0.2727272727272727,0.9166666666666666
199931468,0.0,0.0,0.0,3,3,3,0.0,1.0
199948316,1.2,0.3,0.6,2,2,4,0.6,0.5
199955973,513.0,85.5,513.0,5,5,6,102.6,0.8333333333333334
199973616,3.3,1.65,3.3,1,1,2,3.3,0.5
199985422,64.0,32.0,64.0,1,1,2,64.0,0.5
200012511,3.2,1.6,3.2,1,1,2,3.2,0.5
200035884,0.6,0.3,0.6,1,1,2,0.6,0.5
200035911,541.0,270.5,541.0,1,1,2,541.0,0.5
200036280,33.4,2.0875,19.8,9,9,16,3.711111111111111,0.5625
200039228,0.6,0.3,0.6,1,1,2,0.6,0.5
200059104,369.6,7.392,144.0,27,27,50,13.68888888888889,0.54
200082927,57.0,28.5,57.0,1,1,2,57.0,0.5
200083632,0.1,0.05,0.1,1,1,2,0.1,0.5
200083714,157.0,78.5,157.0,1,1,2,157.0,0.5
200086626,1327.5,120.68181818181819,1322.0,7,7,11,189.64285714285714,0.6363636363636364
200102265,3.1,1.55,3.1,1,1,2,3.1,0.5
200110639,2.3,1.15,2.3,1,1,2,2.3,0.5
200115424,119.2,17.02857142857143,70.0,4,4,7,29.8,0.5714285714285714
200124268,0.0,0.0,0.0,2,2,2,0.0,1.0
200175559,2.2,0.18333333333333335,0.9,6,6,12,0.3666666666666667,0.5
200190961,1.9,0.475,1.7,2,2,4,0.95,0.5
200194583,0.5,0.25,0.5,1,1,2,0.5,0.5
200219550,0.0,0.0,0.0,1,1,1,0.0,1.0
200243546,0.7,0.2333333333333333,0.7,2,2,3,0.35,0.6666666666666666
200282141,357.8,35.78,356.0,5,5,10,71.56,0.5
200321746,167.0,55.666666666666664,167.0,2,2,3,83.5,0.6666666666666666
200345112,1.9,0.475,1.9,3,3,4,0.6333333333333333,0.75
200362041,5.7,0.47500000000000003,5.2,10,10,12,0.5700000000000001,0.8333333333333334
200364872,20.0,10.0,20.0,1,1,2,20.0,0.5
200376716,1.6,0.10666666666666667,1.2,13,13,15,0.12307692307692308,0.8666666666666667
200420585,2.1,1.05,2.1,1,1,2,2.1,0.5
200421415,0.0,0.0,0.0,1,1,1,0.0,1.0
200471514,1.4,0.35,1.2,2,2,4,0.7,0.5
200491490,728.0,56.0,728.0,12,12,13,60.666666666666664,0.9230769230769231
200517250,0.3,0.15,0.3,1,1,2,0.3,0.5
200524998,121.6,13.511111111111111,75.0,5,5,9,24.32,0.5555555555555556
200538601,0.0,0.0,0.0,1,1,1,0.0,1.0
200560312,1.1,0.55,1.1,1,1,2,1.1,0.5
200574126,11.3,1.1300000000000001,9.0,5,5,10,2.2600000000000002,0.5
200657041,24.0,12.0,24.0,1,1,2,24.0,0.5
200669964,70.0,14.0,42.0,3,3,5,23.333333333333332,0.6
200673341,505.1,4.174380165289256,298.0,74,74,121,6.825675675675676,0.6115702479338843
200680033,5.1,0.5666666666666667,5.1,8,8,9,0.6375,0.8888888888888888
200701717,1.2,0.6,1.2,1,1,2,1.2,0.5
200714421,0.6,0.3,0.6,1,1,2,0.6,0.5
200734968,0.0,0.0,0.0,1,1,1,0.0,1.0
200737797,0.9,0.45,0.9,1,1,2,0.9,0.5
200749959,2.2,1.1,2.2,1,1,2,2.2,0.5
200750585,1438.0,239.66666666666666,1437.0,4,4,6,359.5,0.6666666666666666
200759485,5.5,0.9166666666666666,5.1,4,4,6,1.375,0.6666666666666666
200817099,1137.0,45.48,674.0,23,23,25,49.43478260869565,0.92
200821590,210.0,52.5,209.0,2,2,4,105.0,0.5
200857908,0.2,0.03333333333333333,0.2,5,5,6,0.04,0.8333333333333334
200912155,1.4,0.35,0.8,2,2,4,0.7,0.5
200913780,397.6,11.694117647058825,139.0,23,23,34,17.286956521739132,0.6764705882352942
200933731,0.7,0.35,0.7,1,1,2,0.7,0.5
200933876,0.2,0.1,0.2,1,1,2,0.2,0.5
200951504,2.4,1.2,2.4,1,1,2,2.4,0.5
201022310,1.5,0.75,1.5,1,1,2,1.5,0.5
201022896,605.3,75.6625,415.0,4,4,8,151.325,0.5
201023624,52.6,13.15,41.0,2,2,4,26.3,0.5
201026570,1.6,0.32,1.6,4,4,5,0.4,0.8
201028044,8.7,4.35,8.7,1,1,2,8.7,0.5
201033909,5.7,2.85,5.7,1,1,2,5.7,0.5
201052506,0.2,0.1,0.2,1,1,2,0.2,0.5
201069271,4.8,2.4,4.8,1,1,2,4.8,0.5
201081230,17.2,3.44,17.2,4,4,5,4.3,0.8
201089557,2.6,1.3,2.6,1,1,2,2.6,0.5
201109162,2.5,0.625,2.5,3,3,4,0.8333333333333334,0.75
201122970,14.3,1.1916666666666667,8.8,7,7,12,2.042857142857143,0.5833333333333334
201152238,5.5,1.1,4.2,3,3,5,1.8333333333333333,0.6
201169447,6.3,3.15,6.3,1,1,2,6.3,0.5
201173206,326.1,32.61,259.0,6,6,10,54.35,0.6
201176964,1.9,0.95,1.9,1,1,2,1.9,0.5
201187797,379.5,37.95,293.0,6,6,10,63.25,0.6
201196839,0.2,0.1,0.2,1,1,2,0.2,0.5
201208624,319.0,159.5,319.0,1,1,2,319.0,0.5
201265166,1493.5,43.9264705882353,1170.0,19,19,34,78.60526315789474,0.5588235294117647
201269065,8.5,4.25,8.5,1,1,2,8.5,0.5
201275304,1.5,0.75,1.5,1,1,2,1.5,0.5
201280043,23.8,2.975,22.0,5,5,8,4.76,0.625
201282160,15.6,7.8,15.6,1,1,2,15.6,0.5
201283792,330.1,36.67777777777778,209.0,5,5,9,66.02000000000001,0.5555555555555556
201352784,0.8,0.4,0.8,1,1,2,0.8,0.5
201353444,0.0,0.0,0.0,2,2,2,0.0,1.0
201355162,183.9,36.78,165.0,3,3,5,61.300000000000004,0.6
201367497,16.8,3.3600000000000003,15.5,3,3,5,5.6000000000000005,0.6
201383036,2.3,0.7666666666666666,2.3,2,2,3,1.15,0.6666666666666666
201397220,12.3,2.46,7.0,3,3,5,4.1000000000000005,0.6
201410301,0.0,0.0,0.0,2,2,2,0.0,1.0
201443705,7.5,3.75,7.5,1,1,2,7.5,0.5
201445671,5.2,2.6,5.2,1,1,2,5.2,0.5
201480718,197.4,49.35,196.0,2,2,4,98.7,0.5
201495555,231.7,28.9625,217.0,5,5,8,46.339999999999996,0.625
201506696,4.6,2.3,4.6,1,1,2,4.6,0.5
201512283,0.4,0.2,0.4,1,1,2,0.4,0.5
201533036,0.5,0.25,0.5,1,1,2,0.5,0.5
201576436,23.2,5.8,21.0,2,2,4,11.6,0.5
201600354,0.8,0.06666666666666667,0.3,9,9,12,0.08888888888888889,0.75
201631174,0.0,0.0,0.0,1,1,1,0.0,1.0
201634197,0.7,0.35,0.7,1,1,2,0.7,0.5
201656921,326.9,32.69,208.0,5,5,10,65.38,0.5
201660033,0.0,0.0,0.0,1,1,1,0.0,1.0
201678836,650.0,17.56756756756757,650.0,36,36,37,18.055555555555557,0.972972972972973
201680419,477.3,119.325,475.0,2,2,4,238.65,0.5
201689712,0.0,0.0,0.0,1,1,1,0.0,1.0
201696785,1.4,0.7,1.4,1,1,2,1.4,0.5
201697182,76.0,38.0,76.0,1,1,2,76.0,0.5
201708562,4.7,0.7833333333333333,3.3,3,3,6,1.5666666666666667,0.5
201713909,401.0,18.227272727272727,401.0,21,21,22,19.095238095238095,0.9545454545454546
201728484,8.7,4.35,8.7,1,1,2,8.7,0.5
201737586,16.5,1.5,7.7,6,6,11,2.75,0.5454545454545454
201743677,0.5,0.25,0.5,1,1,2,0.5,0.5
201757829,673.0,12.942307692307692,338.0,33,33,52,20.393939393939394,0.6346153846153846
201761030,7.6,3.8,7.6,1,1,2,7.6,0.5
201763859,448.0,224.0,448.0,1,1,2,448.0,0.5
201768926,84.5,21.125,79.0,2,2,4,42.25,0.5
201769914,16.0,8.0,16.0,1,1,2,16.0,0.5
201777630,0.6,0.3,0.6,1,1,2,0.6,0.5
201793161,403.3,100.825,403.0,2,2,4,201.65,0.5
201800994,7.1,1.775,7.1,3,3,4,2.3666666666666667,0.75
201816765,143.6,7.977777777777778,124.0,11,11,18,13.054545454545455,0.6111111111111112
201889336,49.3,6.1625,49.0,5,5,8,9.86,0.625
201895745,76.5,19.125,76.0,2,2,4,38.25,0.5
201907389,0.0,0.0,0.0,2,2,2,0.0,1.0
201912254,17.9,8.95,17.9,1,1,2,17.9,0.5
201929912,0.3,0.15,0.3,1,1,2,0.3,0.5
201945992,11.9,5.95,11.9,1,1,2,11.9,0.5
201946795,0.0,0.0,0.0,2,2,2,0.0,1.0
201968130,0.4,0.2,0.4,1,1,2,0.4,0.5
201974556,50.5,3.8846153846153846,31.0,8,8,13,6.3125,0.6153846153846154
201977954,13.1,6.55,13.1,1,1,2,13.1,0.5
201978799,192.9,11.347058823529412,178.0,9,9,17,21.433333333333334,0.5294117647058824
201987165,0.6,0.15,0.6,3,3,4,0.19999999999999998,0.75
201990605,271.0,67.75,271.0,3,3,4,90.33333333333333,0.75
201991644,2.0,1.0,2.0,1,1,2,2.0,0.5
202011768,1.7,0.85,1.7,1,1,2,1.7,0.5
202014107,21.4,5.35,21.0,2,2,4,10.7,0.5
202017729,1.1,0.55,1.1,1,1,2,1.1,0.5
202018536,0.0,0.0,0.0,1,1,1,0.0,1.0
202043465,37.0,9.25,37.0,3,3,4,12.333333333333334,0.75
202057920,463.6,57.95,395.0,4,4,8,115.9,0.5
202092286,7.6,3.8,7.6,1,1,2,7.6,0.5
202128053,34.0,11.333333333333334,34.0,2,2,3,17.0,0.6666666666666666
202139066,11.8,5.9,11.8,1,1,2,11.8,0.5
202140315,0.3,0.15,0.3,1,1,2,0.3,0.5
202140438,91.2,2.4,41.0,21,21,38,4.342857142857143,0.5526315789473685
202160057,0.3,0.15,0.3,1,1,2,0.3,0.5
202160372,247.0,61.75,245.0,2,2,4,123.5,0.5
202174504,0.3,0.023076923076923075,0.3,12,12,13,0.024999999999999998,0.9230769230769231
202195289,42.800000000000004,6.114285714285715,23.0,4,4,7,10.700000000000001,0.5714285714285714
202239376,1.6,0.8,1.6,1,1,2,1.6,0.5
202287486,1323.0,661.5,1323.0,1,1,2,1323.0,0.5
202298227,0.2,0.1,0.2,1,1,2,0.2,0.5
202329485,1.7,0.5666666666666667,1.7,2,2,3,0.85,0.6666666666666666
202337908,1.9,0.95,1.9,1,1,2,1.9,0.5
202340310,4.6,2.3,4.6,1,1,2,4.6,0.5
202347606,1.5,0.75,1.5,1,1,2,1.5,0.5
202366002,2.1,1.05,2.1,1,1,2,2.1,0.5
202376797,57.7,8.242857142857144,29.0,4,4,7,14.425,0.5714285714285714
202395275,4.3,2.15,4.3,1,1,2,4.3,0.5
202409306,2.7,1.35,2.7,1,1,2,2.7,0.5
202427012,232.5,5.166666666666667,84.0,29,29,45,8.017241379310345,0.6444444444444445
202465473,539.0,134.75,497.0,2,2,4,269.5,0.5
202465494,1.6,0.8,1.6,1,1,2,1.6,0.5
202480747,4.1,1.025,3.4,2,2,4,2.05,0.5
202491399,2046.3,227.36666666666667,2041.0,6,6,9,341.05,0.6666666666666666
202516861,43.0,21.5,43.0,1,1,2,43.0,0.5
202557205,0.4,0.2,0.4,1,1,2,0.4,0.5
202585832,0.8,0.4,0.8,1,1,2,0.8,0.5
202586207,89.0,44.5,89.0,1,1,2,89.0,0.5
202586399,1.1,0.55,1.1,1,1,2,1.1,0.5
202595220,0.0,0.0,0.0,1,1,1,0.0,1.0
202595940,6.4,3.2,6.4,1,1,2,6.4,0.5
202598205,514.8,39.599999999999994,499.0,7,7,13,73.54285714285713,0.5384615384615384
202600291,7.8,3.9,7.8,1,1,2,7.8,0.5
202616779,0.0,0.0,0.0,2,2,2,0.0,1.0
202618978,73.1,5.221428571428571,69.0,11,11,14,6.645454545454545,0.7857142857142857
202620479,481.0,120.25,302.0,2,2,4,240.5,0.5
202625117,541.0,270.5,541.0,1,1,2,541.0,0.5
202664112,29.0,4.833333333333333,29.0,5,5,6,5.8,0.8333333333333334
202675529,0.5,0.25,0.5,1,1,2,0.5,0.5
202700087,29.0,9.666666666666666,29.0,2,2,3,14.5,0.6666666666666666
202700286,2.5,1.25,2.5,1,1,2,2.5,0.5
202705453,1441.0,720.5,1441.0,1,1,2,1441.0,0.5
202706694,128.0,64.0,128.0,1,1,2,128.0,0.5
202738708,493.1,82.18333333333334,446.0,3,3,6,164.36666666666667,0.5
202742019,111.8,15.971428571428572,104.0,4,4,7,27.95,0.5714285714285714
202759236,749.0,249.66666666666666,749.0,2,2,3,374.5,0.6666666666666666
202760244,222.3,37.050000000000004,222.0,4,4,6,55.575,0.6666666666666666
202760417,0.0,0.0,0.0,21,21,21,0.0,1.0
202764759,10.7,1.3375,7.1,5,5,8,2.1399999999999997,0.625
202775025,130.2,26.04,122.0,3,3,5,43.4,0.6
202794882,0.0,0.0,0.0,2,2,2,0.0,1.0
202818659,147.0,73.5,147.0,1,1,2,147.0,0.5
202836907,0.0,0.0,0.0,1,1,1,0.0,1.0
202843172,35.6,2.3733333333333335,11.1,9,9,15,3.9555555555555557,0.6
202846415,18.8,9.4,18.8,1,1,2,18.8,0.5
202851441,0.0,0.0,0.0,2,2,2,0.0,1.0
202863512,0.2,0.05,0.2,3,3,4,0.06666666666666667,0.75
202894728,7.6,0.5066666666666666,5.1,9,9,15,0.8444444444444444,0.6
202901139,0.0,0.0,0.0,1,1,1,0.0,1.0
202906277,24.0,12.0,24.0,1,1,2,24.0,0.5
202906503,10.4,5.2,10.4,1,1,2,10.4,0.5
202921867,0.0,0.0,0.0,5,5,5,0.0,1.0
202949952,16.2,2.6999999999999997,16.2,5,5,6,3.2399999999999998,0.8333333333333334
202961177,0.0,0.0,0.0,1,1,1,0.0,1.0
203058502,116.0,58.0,116.0,1,1,2,116.0,0.5
203086587,650.1,34.21578947368421,580.0,12,12,19,54.175000000000004,0.631578947368421
203092936,163.2,7.7714285714285705,84.0,15,15,21,10.879999999999999,0.7142857142857143
203101149,7.8999999999999995,0.49374999999999997,7.1,12,12,16,0.6583333333333333,0.75
203103090,21.0,10.5,21.0,1,1,2,21.0,0.5
203114983,0.5,0.16666666666666666,0.5,2,2,3,0.25,0.6666666666666666
203117866,12.2,2.033333333333333,10.6,3,3,6,4.066666666666666,0.5
203123715,0.2,0.1,0.2,1,1,2,0.2,0.5
203133963,0.0,0.0,0.0,1,1,1,0.0,1.0
203153814,136.0,9.714285714285714,136.0,13,13,14,10.461538461538462,0.9285714285714286
203172944,6.0,3.0,6.0,1,1,2,6.0,0.5
203211230,0.6,0.3,0.6,1,1,2,0.6,0.5
203222843,478.6,28.15294117647059,302.0,11,11,17,43.50909090909091,0.6470588235294118
203238341,1.8,0.9,1.8,1,1,2,1.8,0.5
203241031,320.3,29.11818181818182,277.0,6,6,11,53.38333333333333,0.5454545454545454
203260681,1.3,0.65,1.3,1,1,2,1.3,0.5
203332508,1.8,0.9,1.8,1,1,2,1.8,0.5
203370167,0.0,0.0,0.0,6,6,6,0.0,1.0
203370502,2.4,1.2,2.4,1,1,2,2.4,0.5
203373557,0.4,0.2,0.4,1,1,2,0.4,0.5
203377807,0.7,0.35,0.7,1,1,2,0.7,0.5
203387556,182.1,18.21,64.0,5,5,10,36.42,0.5
203401879,1.1,0.55,1.1,1,1,2,1.1,0.5
203414979,2.2,1.1,2.2,1,1,2,2.2,0.5
203422894,379.0,94.75,379.0,3,3,4,126.33333333333333,0.75
203440072,19.599999999999998,1.2249999999999999,15.1,11,11,16,1.7818181818181815,0.6875
203450693,3.4,1.7,3.4,1,1,2,3.4,0.5
203455698,0.4,0.2,0.4,1,1,2,0.4,0.5
203459103,8.3,1.3833333333333335,6.7,3,3,6,2.766666666666667,0.5
203492188,26.0,13.0,26.0,1,1,2,26.0,0.5
203494117,0.7,0.35,0.7,1,1,2,0.7,0.5
203506108,0.0,0.0,0.0,1,1,1,0.0,1.0
203572706,0.5,0.25,0.5,1,1,2,0.5,0.5
203607436,0.0,0.0,0.0,1,1,1,0.0,1.0
203614583,0.0,0.0,0.0,1,1,1,0.0,1.0
203631881,54.0,27.0,54.0,1,1,2,54.0,0.5
203643703,22.7,2.0636363636363635,15.0,6,6,11,3.783333333333333,0.5454545454545454
203650036,185.8,16.89090909090909,116.0,7,7,11,26.542857142857144,0.6363636363636364
203712998,582.0,291.0,582.0,1,1,2,582.0,0.5
203729080,4.8,2.4,4.8,1,1,2,4.8,0.5
203735948,17.8,8.9,17.8,1,1,2,17.8,0.5
203745259,68.0,34.0,68.0,1,1,2,68.0,0.5
203746661,2223.0,1111.5,2223.0,1,1,2,2223.0,0.5
203765587,211.8,5.1658536585365855,73.0,22,22,41,9.627272727272727,0.5365853658536586
203800963,1185.8,15.010126582278481,744.0,61,61,79,19.43934426229508,0.7721518987341772
203813088,0.3,0.15,0.3,1,1,2,0.3,0.5
203822193,332.0,166.0,332.0,1,1,2,332.0,0.5
203831787,8.4,1.05,3.6,4,4,8,2.1,0.5
203838394,194.5,4.523255813953488,97.0,26,26,43,7.480769230769231,0.6046511627906976
203871540,0.0,0.0,0.0,1,1,1,0.0,1.0
203932908,0.8,0.4,0.8,1,1,2,0.8,0.5
203950540,8.3,4.15,8.3,1,1,2,8.3,0.5
203968405,100.9,4.586363636363637,87.0,14,14,22,7.207142857142857,0.6363636363636364
203986235,4.6,2.3,4.6,1,1,2,4.6,0.5
204014532,192.0,14.76923076923077,192.0,12,12,13,16.0,0.9230769230769231
204041850,0.6,0.3,0.6,1,1,2,0.6,0.5
204061484,391.0,195.5,391.0,1,1,2,391.0,0.5
204083307,0.0,0.0,0.0,2,2,2,0.0,1.0
204084775,0.0,0.0,0.0,1,1,1,0.0,1.0
204147089,133.0,44.333333333333336,133.0,2,2,3,66.5,0.6666666666666666
204168370,1.7,0.85,1.7,1,1,2,1.7,0.5
204176632,0.4,0.2,0.4,1,1,2,0.4,0.5
204198891,3.6999999999999997,0.9249999999999999,2.3,2,2,4,1.8499999999999999,0.5
204199622,660.0,165.0,591.0,2,2,4,330.0,0.5
204208122,0.2,0.1,0.2,1,1,2,0.2,0.5
204245029,2.3,1.15,2.3,1,1,2,2.3,0.5
204252372,1.0,0.5,1.0,1,1,2,1.0,0.5
204296172,466.0,93.2,466.0,4,4,5,116.5,0.8
204297995,122.0,61.0,122.0,1,1,2,122.0,0.5
204302937,0.0,0.0,0.0,1,1,1,0.0,1.0
204304907,1.4,0.7,1.4,1,1,2,1.4,0.5
204309512,4.9,2.45,4.9,1,1,2,4.9,0.5
204319528,17.4,8.7,17.4,1,1,2,17.4,0.5
204343807,7.6,2.533333333333333,7.6,2,2,3,3.8,0.6666666666666666
204381357,31.0,15.5,31.0,1,1,2,31.0,0.5
204386604,0.0,0.0,0.0,1,1,1,0.0,1.0
204401529,501.0,6.5064935064935066,71.0,45,45,77,11.133333333333333,0.5844155844155844
204412693,1.1,0.55,1.1,1,1,2,1.1,0.5
204443543,2.8,0.7,2.8,3,3,4,0.9333333333333332,0.75
204453243,0.0,0.0,0.0,1,1,1,0.0,1.0
204459221,640.2,32.010000000000005,631.0,12,12,20,53.35,0.6
204477246,14.3,0.5720000000000001,9.4,16,16,25,0.89375,0.64
204480360,2.5,1.25,2.5,1,1,2,2.5,0.5
204480696,337.3,19.841176470588238,157.0,10,10,17,33.730000000000004,0.5882352941176471
204493190,5.6000000000000005,0.37333333333333335,2.0,8,8,15,0.7000000000000001,0.5333333333333333
204495708,11.1,5.55,11.1,1,1,2,11.1,0.5
204537690,8.3,2.075,8.3,3,3,4,2.766666666666667,0.75
204541576,186.7,11.66875,174.0,8,8,16,23.3375,0.5
204543155,7.5,3.75,7.5,1,1,2,7.5,0.5
204624428,317.6,26.46666666666667,171.0,9,9,12,35.28888888888889,0.75
204631355,5.8,1.16,5.6,3,3,5,1.9333333333333333,0.6
204673876,0.0,0.0,0.0,1,1,1,0.0,1.0
204679729,814.3,67.85833333333333,784.0,6,6,12,135.71666666666667,0.5
204702638,1.7,0.5666666666666667,1.7,2,2,3,0.85,0.6666666666666666
204703234,29.0,14.5,29.0,1,1,2,29.0,0.5
204737421,1.8,0.9,1.8,1,1,2,1.8,0.5
204742217,1.3,0.11818181818181818,1.3,10,10,11,0.13,0.9090909090909091
204748501,0.7,0.35,0.7,1,1,2,0.7,0.5
204748975,1.8,0.36,1.8,4,4,5,0.45,0.8
204749083,90.0,45.0,90.0,1,1,2,90.0,0.5
204750078,1.8,0.9,1.8,1,1,2,1.8,0.5
204793925,28.0,5.6,28.0,4,4,5,7.0,0.8
204795948,153.0,1.186046511627907,122.0,117,117,129,1.3076923076923077,0.9069767441860465
204813749,3.6,1.8,3.6,1,1,2,3.6,0.5
204829406,1.3,0.325,1.3,3,3,4,0.43333333333333335,0.75
204888877,14.9,3.725,9.8,2,2,4,7.45,0.5
204908772,25.0,12.5,25.0,1,1,2,25.0,0.5
204916406,413.0,82.6,390.0,3,3,5,137.66666666666666,0.6
204967665,0.0,0.0,0.0,2,2,2,0.0,1.0
204970557,0.9,0.45,0.9,1,1,2,0.9,0.5
204986955,83.5,20.875,83.0,2,2,4,41.75,0.5
205014771,346.9,11.19032258064516,314.0,20,20,31,17.345,0.6451612903225806
205029231,180.7,45.175,168.0,2,2,4,90.35,0.5
205031950,0.5,0.25,0.5,1,1,2,0.5,0.5
205035443,5.6,2.8,5.6,1,1,2,5.6,0.5
205058166,52.9,2.7842105263157895,22.0,11,11,19,4.809090909090909,0.5789473684210527
205074970,12.1,6.05,12.1,1,1,2,12.1,0.5
205077657,0.0,0.0,0.0,2,2,2,0.0,1.0
205089128,31.1,5.183333333333334,25.0,3,3,6,10.366666666666667,0.5
205124409,1.5,0.75,1.5,1,1,2,1.5,0.5
205129403,1.9,0.6333333333333333,1.9,2,2,3,0.95,0.6666666666666666
205145940,6.5,3.25,6.5,1,1,2,6.5,0.5
205171017,398.5,66.41666666666667,333.0,3,3,6,132.83333333333334,0.5
205204457,0.7,0.35,0.7,1,1,2,0.7,0.5
205240425,34.0,6.8,34.0,4,4,5,8.5,0.8
205253661,0.5,0.25,0.5,1,1,2,0.5,0.5
205278025,1.4,0.7,1.4,1,1,2,1.4,0.5
205285563,1002.1,10.225510204081633,771.0,68,68,98,14.736764705882353,0.6938775510204082
205329032,1453.0,103.78571428571429,1447.0,12,12,14,121.08333333333333,0.8571428571428571
205339310,1.7,0.425,1.7,3,3,4,0.5666666666666667,0.75
205339707,0.9,0.3,0.9,2,2,3,0.45,0.6666666666666666
205340007,4.4,2.2,4.4,1,1,2,4.4,0.5
205343727,112.2,8.014285714285714,93.0,9,9,14,12.466666666666667,0.6428571428571429
205352214,0.6,0.3,0.6,1,1,2,0.6,0.5
205392512,6.9,3.45,6.9,1,1,2,6.9,0.5
205424925,0.6,0.09999999999999999,0.6,5,5,6,0.12,0.8333333333333334
205439135,2.0,1.0,2.0,1,1,2,2.0,0.5
205452022,6.0,3.0,6.0,1,1,2,6.0,0.5
205462875,31.5,5.25,27.0,4,4,6,7.875,0.6666666666666666
205466848,678.0,169.5,678.0,3,3,4,226.0,0.75
205479294,8.4,0.4666666666666667,2.8,13,13,18,0.6461538461538462,0.7222222222222222
205511851,0.8,0.4,0.8,1,1,2,0.8,0.5
205532682,0.4,0.2,0.4,1,1,2,0.4,0.5
205546094,7.7,3.85,7.7,1,1,2,7.7,0.5
205549354,11.1,2.775,10.7,2,2,4,5.55,0.5
205579387,0.8,0.4,0.8,1,1,2,0.8,0.5
205606245,0.8,0.4,0.8,1,1,2,0.8,0.5
205633878,2.8,1.4,2.8,1,1,2,2.8,0.5
205633955,694.0,347.0,694.0,1,1,2,694.0,0.5
205634951,3.2,1.6,3.2,1,1,2,3.2,0.5
205636324,154.3,38.575,154.0,2,2,4,77.15,0.5
205641661,9.5,1.1875,9.5,7,7,8,1.3571428571428572,0.875
205670497,1.5,0.75,1.5,1,1,2,1.5,0.5
205730271,7.7,1.1,4.4,5,5,7,1.54,0.7142857142857143
205731112,779.4,64.95,723.0,8,8,12,97.425,0.6666666666666666
205732978,0.0,0.0,0.0,2,2,2,0.0,1.0
205751714,0.3,0.15,0.3,1,1,2,0.3,0.5
205753843,0.2,0.1,0.2,1,1,2,0.2,0.5
205757975,0.5,0.25,0.5,1,1,2,0.5,0.5
205758042,0.3,0.03,0.3,9,9,10,0.03333333333333333,0.9
205791817,0.2,0.1,0.2,1,1,2,0.2,0.5
205793409,6.0,0.6666666666666666,3.8,5,5,9,1.2,0.5555555555555556
205804636,2.3,1.15,2.3,1,1,2,2.3,0.5
205820352,83.0,41.5,83.0,1,1,2,83.0,0.5
205822046,0.0,0.0,0.0,2,2,2,0.0,1.0
205823360,49.2,12.3,49.0,2,2,4,24.6,0.5
205827348,3.8,1.2666666666666666,3.8,2,2,3,1.9,0.6666666666666666
205829374,203.2,22.577777777777776,141.0,5,5,9,40.64,0.5555555555555556
205834246,0.0,0.0,0.0,1,1,1,0.0,1.0
205867397,3.2,1.6,3.2,1,1,2,3.2,0.5
205881130,3.5,1.75,3.5,1,1,2,3.5,0.5
205897759,0.0,0.0,0.0,1,1,1,0.0,1.0
205897821,2.1,0.525,2.1,3,3,4,0.7000000000000001,0.75
205919571,6.1,3.05,6.1,1,1,2,6.1,0.5
205929037,4.6,2.3,4.6,1,1,2,4.6,0.5
205965436,87.1,2.3540540540540538,40.0,21,21,37,4.147619047619047,0.5675675675675675
205983773,101.2,25.3,101.0,2,2,4,50.6,0.5
205995905,0.0,0.0,0.0,3,3,3,0.0,1.0
206012062,1.1,0.55,1.1,1,1,2,1.1,0.5
206014489,1687.0,23.10958904109589,682.0,46,46,73,36.67391304347826,0.6301369863013698
206071342,1.8,0.9,1.8,1,1,2,1.8,0.5
206086186,1.7,0.5666666666666667,1.7,2,2,3,0.85,0.6666666666666666
206088606,54.6,4.2,40.0,8,8,13,6.825,0.6153846153846154
206155181,21.7,4.34,18.9,3,3,5,7.233333333333333,0.6
206178043,3.0,1.5,3.0,1,1,2,3.0,0.5
206183065,89.5,1.79,45.0,29,29,50,3.086206896551724,0.58
206193312,46.9,5.8625,28.0,4,4,8,11.725,0.5
206194501,49.0,24.5,49.0,1,1,2,49.0,0.5
206210282,829.3,63.79230769230769,795.0,10,10,13,82.92999999999999,0.7692307692307693
206214102,78.3,6.5249999999999995,69.0,7,7,12,11.185714285714285,0.5833333333333334
206229824,0.8,0.26666666666666666,0.8,2,2,3,0.4,0.6666666666666666
206232608,2.8,1.4,2.8,1,1,2,2.8,0.5
206248602,0.7,0.35,0.7,1,1,2,0.7,0.5
206266308,892.0,446.0,892.0,1,1,2,892.0,0.5
206299060,0.0,0.0,0.0,1,1,1,0.0,1.0
206308003,4.0,1.0,2.3,2,2,4,2.0,0.5
206326595,38.0,19.0,38.0,1,1,2,38.0,0.5
206346171,80.89999999999999,3.370833333333333,25.0,13,13,24,6.223076923076922,0.5416666666666666
206350236,1.4,0.7,1.4,1,1,2,1.4,0.5
206384784,230.0,115.0,230.0,1,1,2,230.0,0.5
206398775,110.7,12.3,103.0,5,5,9,22.14,0.5555555555555556
206414060,1.3,0.65,1.3,1,1,2,1.3,0.5
206436717,0.7,0.2333333333333333,0.7,2,2,3,0.35,0.6666666666666666
206440537,0.0,0.0,0.0,5,5,5,0.0,1.0
206443462,0.0,0.0,0.0,2,2,2,0.0,1.0
206471743,2.1,1.05,2.1,1,1,2,2.1,0.5
206485753,62.0,7.75,62.0,7,7,8,8.857142857142858,0.875
206493334,775.0,387.5,775.0,1,1,2,775.0,0.5
206494852,139.7,19.957142857142856,93.0,4,4,7,34.925,0.5714285714285714
206508182,0.4,0.13333333333333333,0.4,2,2,3,0.2,0.6666666666666666
206510641,10.3,1.4714285714285715,10.3,6,6,7,1.7166666666666668,0.8571428571428571
206512772,2.3,1.15,2.3,1,1,2,2.3,0.5
206536991,300.2,42.885714285714286,300.0,5,5,7,60.04,0.7142857142857143
206556248,0.0,0.0,0.0,1,1,1,0.0,1.0
206558219,18.4,9.2,18.4,1,1,2,18.4,0.5
206560172,11.5,2.875,11.2,2,2,4,5.75,0.5
206567289,48.0,24.0,48.0,1,1,2,48.0,0.5
206577552,5.9,2.95,5.9,1,1,2,5.9,0.5
206588234,279.0,46.5,258.0,4,4,6,69.75,0.6666666666666666
206595308,112.0,37.333333333333336,112.0,2,2,3,56.0,0.6666666666666666
206597662,1.8,0.9,1.8,1,1,2,1.8,0.5
206599635,46.0,7.666666666666667,46.0,5,5,6,9.2,0.8333333333333334
206655674,12.2,1.7428571428571427,9.7,4,4,7,3.05,0.5714285714285714
206684643,32.0,16.0,32.0,1,1,2,32.0,0.5
206696458,0.2,0.1,0.2,1,1,2,0.2,0.5
206701226,89.0,44.5,89.0,1,1,2,89.0,0.5
206764959,162.0,81.0,162.0,1,1,2,162.0,0.5
206792560,51.0,25.5,51.0,1,1,2,51.0,0.5
206807160,10.0,5.0,10.0,1,1,2,10.0,0.5
206815859,5.1,2.55,5.1,1,1,2,5.1,0.5
206846798,5.6,2.8,5.6,1,1,2,5.6,0.5
206849672,271.0,135.5,271.0,1,1,2,271.0,0.5
206857830,1.7000000000000002,0.2833333333333334,0.9,4,4,6,0.42500000000000004,0.6666666666666666
206864587,2.9,1.45,2.9,1,1,2,2.9,0.5
206896748,72.2,12.033333333333333,59.0,3,3,6,24.066666666666666,0.5
206903573,0.0,0.0,0.0,1,1,1,0.0,1.0
206904972,72.1,18.025,72.0,2,2,4,36.05,0.5
206908028,1069.7,26.090243902439024,657.0,31,31,41,34.50645161290323,0.7560975609756098
206977463,1.6,0.8,1.6,1,1,2,1.6,0.5
206982761,325.5,25.03846153846154,260.0,7,7,13,46.5,0.5384615384615384
206997101,0.2,0.1,0.2,1,1,2,0.2,0.5
207009485,319.5,22.821428571428573,210.0,10,10,14,31.95,0.7142857142857143
207022512,12.7,6.35,12.7,1,1,2,12.7,0.5
207036748,20.4,0.7285714285714285,5.9,18,18,28,1.1333333333333333,0.6428571428571429
207077290,1268.0,634.0,1268.0,1,1,2,1268.0,0.5
207112591,33.0,16.5,33.0,1,1,2,33.0,0.5
207124179,3.1,1.0333333333333334,3.1,2,2,3,1.55,0.6666666666666666
207144527,1.9,0.95,1.9,1,1,2,1.9,0.5
207175903,1.3,0.65,1.3,1,1,2,1.3,0.5
207179295,0.0,0.0,0.0,1,1,1,0.0,1.0
207186541,49.1,2.888235294117647,48.0,15,15,17,3.2733333333333334,0.8823529411764706
207196616,33.2,4.15,14.6,4,4,8,8.3,0.5
207208914,84.5,7.041666666666667,54.0,9,9,12,9.38888888888889,0.75
207216516,229.0,114.5,229.0,1,1,2,229.0,0.5
207234237,21.0,10.5,21.0,1,1,2,21.0,0.5
207248568,202.0,3.3666666666666667,202.0,59,59,60,3.4237288135593222,0.9833333333333333
207262142,28.1,2.161538461538462,24.0,8,8,13,3.5125,0.6153846153846154
207270682,1222.0,407.3333333333333,1222.0,2,2,3,611.0,0.6666666666666666
207316620,30.0,15.0,30.0,1,1,2,30.0,0.5
207319056,136.9,22.816666666666666,134.0,3,3,6,45.63333333333333,0.5
207319088,0.5,0.25,0.5,1,1,2,0.5,0.5
207347046,2.8,1.4,2.8,1,1,2,2.8,0.5
207365563,1.5999999999999999,0.26666666666666666,1.4,4,4,6,0.39999999999999997,0.6666666666666666
207391878,0.9,0.45,0.9,1,1,2,0.9,0.5
207399776,3.2,1.6,3.2,1,1,2,3.2,0.5
207406826,4.4,1.1,4.4,3,3,4,1.4666666666666668,0.75
207424334,33.4,1.518181818181818,6.8,11,11,22,3.036363636363636,0.5
207448199,32.0,16.0,32.0,1,1,2,32.0,0.5
207468782,1.1,0.55,1.1,1,1,2,1.1,0.5
207477282,123.0,2.9285714285714284,62.0,30,30,42,4.1,0.7142857142857143
207510132,14.6,7.3,14.6,1,1,2,14.6,0.5
207515194,0.2,0.1,0.2,1,1,2,0.2,0.5
207540690,14.2,3.55,13.6,2,2,4,7.1,0.5
207563790,5.2,1.3,4.5,2,2,4,2.6,0.5
207590964,3.2,1.6,3.2,1,1,2,3.2,0.5
207602474,13.4,3.35,6.7,2,2,4,6.7,0.5
207619328,153.0,76.5,153.0,1,1,2,153.0,0.5
207621814,1.4,0.7,1.4,1,1,2,1.4,0.5
207633085,29.3,3.6625,26.0,5,5,8,5.86,0.625
207641091,0.4,0.2,0.4,1,1,2,0.4,0.5
207647609,5.0,0.625,4.2,5,5,8,1.0,0.625
207718097,673.5,17.26923076923077,226.0,23,23,39,29.282608695652176,0.5897435897435898
207747607,4.0,2.0,4.0,1,1,2,4.0,0.5
207805383,1.6,0.8,1.6,1,1,2,1.6,0.5
207817208,1.8,0.9,1.8,1,1,2,1.8,0.5
207830797,2334.5,19.95299145299145,2150.0,83,83,117,28.126506024096386,0.7094017094017094
207860755,10.6,5.3,10.6,1,1,2,10.6,0.5
207869089,190.8,5.781818181818182,49.0,21,21,33,9.085714285714285,0.6363636363636364
207915392,5.4,0.225,4.0,19,19,24,0.28421052631578947,0.7916666666666666
207926270,18.3,2.2875,14.2,4,4,8,4.575,0.5
207945140,18.4,9.2,18.4,1,1,2,18.4,0.5
207976673,0.0,0.0,0.0,5,5,5,0.0,1.0
207982884,2.3,1.15,2.3,1,1,2,2.3,0.5
208002927,24.0,12.0,24.0,1,1,2,24.0,0.5
208004844,54.1,6.7625,50.0,4,4,8,13.525,0.5
208020634,0.0,0.0,0.0,3,3,3,0.0,1.0
208038249,128.0,64.0,128.0,1,1,2,128.0,0.5
208050447,0.0,0.0,0.0,5,5,5,0.0,1.0
208061820,23.900000000000002,2.172727272727273,11.9,6,6,11,3.983333333333334,0.5454545454545454
208071792,6.6,3.3,6.6,1,1,2,6.6,0.5
208073859,0.3,0.15,0.3,1,1,2,0.3,0.5
208127048,10.899999999999999,0.9083333333333332,10.2,8,8,12,1.3624999999999998,0.6666666666666666
208127198,108.3,15.471428571428572,99.0,4,4,7,27.075,0.5714285714285714
208140106,0.8,0.4,0.8,1,1,2,0.8,0.5
208162306,1.1,0.55,1.1,1,1,2,1.1,0.5
208164637,0.0,0.0,0.0,4,4,4,0.0,1.0
208189013,1.3,0.65,1.3,1,1,2,1.3,0.5
208196373,42.0,8.4,42.0,4,4,5,10.5,0.8
208216690,0.0,0.0,0.0,2,2,2,0.0,1.0
208226134,0.0,0.0,0.0,1,1,1,0.0,1.0
208246168,1.2,0.6,1.2,1,1,2,1.2,0.5
208251718,3.7,0.74,3.7,4,4,5,0.925,0.8
208321471,0.0,0.0,0.0,1,1,1,0.0,1.0
208372342,0.0,0.0,0.0,1,1,1,0.0,1.0
208433111,0.2,0.1,0.2,1,1,2,0.2,0.5
208433656,178.0,89.0,178.0,1,1,2,178.0,0.5
208456672,0.0,0.0,0.0,1,1,1,0.0,1.0
208464394,6.199999999999999,0.6888888888888888,4.6,6,6,9,1.0333333333333332,0.6666666666666666
208467850,22.0,11.0,22.0,1,1,2,22.0,0.5
208470492,2.3,1.15,2.3,1,1,2,2.3,0.5
208491021,594.2,45.70769230769231,284.0,9,9,13,66.02222222222223,0.6923076923076923
208513774,0.0,0.0,0.0,1,1,1,0.0,1.0
208516514,100.0,50.0,100.0,1,1,2,100.0,0.5
208519728,8.8,4.4,8.8,1,1,2,8.8,0.5
208569224,0.0,0.0,0.0,2,2,2,0.0,1.0
208616727,44.8,4.4799999999999995,30.0,5,5,10,8.959999999999999,0.5
208649703,125.0,25.0,125.0,4,4,5,31.25,0.8
208664547,1.7,0.85,1.7,1,1,2,1.7,0.5
208680317,20.0,10.0,20.0,1,1,2,20.0,0.5
208680989,0.0,0.0,0.0,1,1,1,0.0,1.0
208747788,2.6,1.3,2.6,1,1,2,2.6,0.5
208753102,0.1,0.05,0.1,1,1,2,0.1,0.5
208798336,23.1,4.62,23.0,3,3,5,7.7,0.6
208799740,12.5,6.25,12.5,1,1,2,12.5,0.5
208815172,6.5,3.25,6.5,1,1,2,6.5,0.5
208821410,80.3,7.3,54.0,6,6,11,13.383333333333333,0.5454545454545454
208838704,3.3,0.5499999999999999,3.3,5,5,6,0.6599999999999999,0.8333333333333334
208879416,578.5,23.14,298.0,19,19,25,30.44736842105263,0.76
208900216,1298.8,68.3578947368421,996.0,10,10,19,129.88,0.5263157894736842
208906317,0.0,0.0,0.0,1,1,1,0.0,1.0
208955921,6.2,1.55,6.0,2,2,4,3.1,0.5
208962079,0.0,0.0,0.0,1,1,1,0.0,1.0
208981410,0.0,0.0,0.0,1,1,1,0.0,1.0
208982674,65.3,16.325,64.0,2,2,4,32.65,0.5
208985864,45.0,22.5,45.0,1,1,2,45.0,0.5
208994172,2.0,0.6666666666666666,2.0,2,2,3,1.0,0.6666666666666666
209000748,20.0,10.0,20.0,1,1,2,20.0,0.5
209006754,19.2,1.92,7.6,5,5,10,3.84,0.5
209013836,0.0,0.0,0.0,1,1,1,0.0,1.0
209016933,0.0,0.0,0.0,3,3,3,0.0,1.0
209023275,94.9,4.745,87.0,16,16,20,5.93125,0.8
209025362,9.4,3.1333333333333333,9.4,2,2,3,4.7,0.6666666666666666
209043288,3.2,1.0666666666666667,3.2,2,2,3,1.6,0.6666666666666666
209052347,3.7,1.85,3.7,1,1,2,3.7,0.5
209087920,57.7,4.438461538461539,25.0,8,8,13,7.2125,0.6153846153846154
209094130,0.0,0.0,0.0,4,4,4,0.0,1.0
209120214,9.8,4.9,9.8,1,1,2,9.8,0.5
209126665,0.0,0.0,0.0,3,3,3,0.0,1.0
209127185,13.4,6.7,13.4,1,1,2,13.4,0.5
209131025,26.0,13.0,26.0,1,1,2,26.0,0.5
209161162,1.3,0.43333333333333335,1.3,2,2,3,0.65,0.6666666666666666
209193781,1.1,0.55,1.1,1,1,2,1.1,0.5
209218938,0.3,0.15,0.3,1,1,2,0.3,0.5
209219032,3.8,0.29230769230769227,1.2,9,9,13,0.4222222222222222,0.6923076923076923
209238287,106.2,26.55,97.0,2,2,4,53.1,0.5
209258544,5.2,2.6,5.2,1,1,2,5.2,0.5
209340839,110.5,10.045454545454545,109.0,7,7,11,15.785714285714286,0.6363636363636364
209450381,241.5,8.944444444444445,97.0,17,17,27,14.205882352941176,0.6296296296296297
209509599,1.8,0.9,1.8,1,1,2,1.8,0.5
209559315,69.8,6.345454545454545,56.0,6,6,11,11.633333333333333,0.5454545454545454
209608167,155.3,22.185714285714287,139.0,4,4,7,38.825,0.5714285714285714
209623250,8.0,0.5333333333333333,5.4,10,10,15,0.8,0.6666666666666666
209626174,33.0,5.5,33.0,5,5,6,6.6,0.8333333333333334
209658229,240.0,120.0,240.0,1,1,2,240.0,0.5
209665002,235.4,19.616666666666667,207.0,6,6,12,39.233333333333334,0.5
209718563,1.0,0.25,0.8,2,2,4,0.5,0.5
209729995,1.2,0.6,1.2,1,1,2,1.2,0.5
209746499,0.0,0.0,0.0,1,1,1,0.0,1.0
209772097,234.5,4.263636363636364,104.0,35,35,55,6.7,0.6363636363636364
209783211,14.4,3.6,14.4,3,3,4,4.8,0.75
209804171,330.0,82.5,285.0,2,2,4,165.0,0.5
209804474,24.299999999999997,6.074999999999999,17.7,2,2,4,12.149999999999999,0.5
209807861,861.5,20.511904761904763,445.0,22,22,42,39.15909090909091,0.5238095238095238
209817175,421.5,11.391891891891891,302.0,20,20,37,21.075,0.5405405405405406
209820105,0.6,0.3,0.6,1,1,2,0.6,0.5
209830063,158.5,22.642857142857142,157.0,4,4,7,39.625,0.5714285714285714
209869297,385.1,13.75357142857143,245.0,15,15,28,25.673333333333336,0.5357142857142857
209871270,7.5,3.75,7.5,1,1,2,7.5,0.5
209880903,3.3,1.65,3.3,1,1,2,3.3,0.5
209897237,0.1,0.05,0.1,1,1,2,0.1,0.5
209917929,182.8,1.884536082474227,57.0,79,79,97,2.3139240506329117,0.8144329896907216
209985078,2122.7,176.89166666666665,1960.0,7,7,12,303.24285714285713,0.5833333333333334
210018093,121.3,6.738888888888889,81.0,9,9,18,13.477777777777778,0.5
210019205,44.699999999999996,3.1928571428571426,17.4,7,7,14,6.385714285714285,0.5
210045073,5.0,2.5,5.0,1,1,2,5.0,0.5
210046841,8.5,0.6538461538461539,7.9,10,10,13,0.85,0.7692307692307693
210076971,0.0,0.0,0.0,1,1,1,0.0,1.0
210109243,25.6,6.4,21.0,2,2,4,12.8,0.5
210112807,586.9,53.35454545454545,586.0,8,8,11,73.3625,0.7272727272727273
210114509,0.0,0.0,0.0,1,1,1,0.0,1.0
210124834,38.0,19.0,38.0,1,1,2,38.0,0.5
210152510,21.0,2.625,21.0,7,7,8,3.0,0.875
210170887,814.9,16.977083333333333,614.0,27,27,48,30.18148148148148,0.5625
210172601,71.0,2.21875,37.0,19,19,32,3.736842105263158,0.59375
210177498,269.0,29.88888888888889,190.0,5,5,9,53.8,0.5555555555555556
210190607,0.0,0.0,0.0,1,1,1,0.0,1.0
210212891,5.0,2.5,5.0,1,1,2,5.0,0.5
210283973,192.0,64.0,192.0,2,2,3,96.0,0.6666666666666666
210292627,0.0,0.0,0.0,1,1,1,0.0,1.0
210296537,0.5,0.25,0.5,1,1,2,0.5,0.5
210299265,0.0,0.0,0.0,1,1,1,0.0,1.0
210339458,2.5,0.8333333333333334,2.5,2,2,3,1.25,0.6666666666666666
210362059,0.8,0.4,0.8,1,1,2,0.8,0.5
210411109,74.0,14.8,74.0,4,4,5,18.5,0.8
210413509,222.7,37.11666666666667,173.0,3,3,6,74.23333333333333,0.5
210419195,0.9,0.45,0.9,1,1,2,0.9,0.5
210433327,0.7,0.35,0.7,1,1,2,0.7,0.5
210525366,0.6,0.3,0.6,1,1,2,0.6,0.5
210569339,20.0,10.0,20.0,1,1,2,20.0,0.5
210576042,106.5,4.26,50.0,16,16,25,6.65625,0.64
210622151,52.0,26.0,52.0,1,1,2,52.0,0.5
210623150,0.0,0.0,0.0,1,1,1,0.0,1.0
210623902,2.4,1.2,2.4,1,1,2,2.4,0.5
210656814,0.9,0.45,0.9,1,1,2,0.9,0.5
210669058,1.4,0.7,1.4,1,1,2,1.4,0.5
210700279,0.3,0.15,0.3,1,1,2,0.3,0.5
210708101,91.0,45.5,91.0,1,1,2,91.0,0.5
210725110,1.2,0.39999999999999997,1.2,2,2,3,0.6,0.6666666666666666
210727350,627.3,48.25384615384615,613.0,9,9,13,69.69999999999999,0.6923076923076923
210728513,1.9,0.6333333333333333,1.9,2,2,3,0.95,0.6666666666666666
210744685,2.1,0.04666666666666667,1.9,43,43,45,0.04883720930232558,0.9555555555555556
210752982,2.0,0.5,2.0,3,3,4,0.6666666666666666,0.75
210771203,0.0,0.0,0.0,1,1,1,0.0,1.0
210778610,5.7,1.9000000000000001,5.7,2,2,3,2.85,0.6666666666666666
210824241,0.3,0.15,0.3,1,1,2,0.3,0.5
210860489,0.0,0.0,0.0,1,1,1,0.0,1.0
210860807,0.0,0.0,0.0,1,1,1,0.0,1.0
210896662,159.0,5.129032258064516,121.0,22,22,31,7.2272727272727275,0.7096774193548387
210903599,531.6,75.94285714285715,523.0,5,5,7,106.32000000000001,0.7142857142857143
210905793,0.0,0.0,0.0,107,107,107,0.0,1.0
210921698,0.6,0.3,0.6,1,1,2,0.6,0.5
210925699,0.0,0.0,0.0,4,4,4,0.0,1.0
210961590,154.0,77.0,154.0,1,1,2,154.0,0.5
210965509,11.4,5.7,11.4,1,1,2,11.4,0.5
210975085,3.8,1.9,3.8,1,1,2,3.8,0.5
210986854,479.3,31.953333333333333,246.0,9,9,15,53.25555555555556,0.6
211020695,94.0,47.0,94.0,1,1,2,94.0,0.5
211054311,8.5,4.25,8.5,1,1,2,8.5,0.5
211059621,606.6,60.660000000000004,606.0,8,8,10,75.825,0.8
211075077,14.9,4.966666666666667,14.9,2,2,3,7.45,0.6666666666666666
211088737,2.0,1.0,2.0,1,1,2,2.0,0.5
211117005,17.6,8.8,17.6,1,1,2,17.6,0.5
211153613,0.0,0.0,0.0,1,1,1,0.0,1.0
211157562,0.7,0.35,0.7,1,1,2,0.7,0.5
211159862,244.0,34.857142857142854,244.0,6,6,7,40.666666666666664,0.8571428571428571
211161189,1.2,0.6,1.2,1,1,2,1.2,0.5
211180125,45.7,6.528571428571429,25.0,4,4,7,11.425,0.5714285714285714
211180419,6.1,3.05,6.1,1,1,2,6.1,0.5
211191233,26.0,4.333333333333333,12.7,3,3,6,8.666666666666666,0.5
211197762,1267.8,74.5764705882353,1149.0,10,10,17,126.78,0.5882352941176471
211240306,9.0,3.0,9.0,2,2,3,4.5,0.6666666666666666
211264421,0.5,0.25,0.5,1,1,2,0.5,0.5
211267002,0.0,0.0,0.0,2,2,2,0.0,1.0
211267410,36.5,7.3,27.0,3,3,5,12.166666666666666,0.6
211270134,299.1,17.594117647058823,295.0,12,12,17,24.925,0.7058823529411765
211277578,0.0,0.0,0.0,1,1,1,0.0,1.0
211310294,1.4,0.7,1.4,1,1,2,1.4,0.5
211315837,76.5,7.65,53.0,6,6,10,12.75,0.6
211348545,1.1,0.3666666666666667,1.1,2,2,3,0.55,0.6666666666666666
211357825,0.2,0.1,0.2,1,1,2,0.2,0.5
211363179,7.3,1.042857142857143,7.3,6,6,7,1.2166666666666666,0.8571428571428571
211363681,3.1,1.55,3.1,1,1,2,3.1,0.5
211404615,0.4,0.2,0.4,1,1,2,0.4,0.5
211419882,7.6,2.533333333333333,7.6,2,2,3,3.8,0.6666666666666666
211421471,2.2,0.31428571428571433,1.2,5,5,7,0.44000000000000006,0.7142857142857143
211454678,1720.6,15.64181818181818,334.0,60,60,110,28.676666666666666,0.5454545454545454
211465973,0.0,0.0,0.0,1,1,1,0.0,1.0
211488557,5.4,2.7,5.4,1,1,2,5.4,0.5
211544205,384.2,8.352173913043478,270.0,29,29,46,13.248275862068965,0.6304347826086957
211546021,0.0,0.0,0.0,1,1,1,0.0,1.0
211569574,139.0,46.333333333333336,139.0,2,2,3,69.5,0.6666666666666666
211684338,236.0,78.66666666666667,236.0,2,2,3,118.0,0.6666666666666666
211689142,6.0,3.0,6.0,1,1,2,6.0,0.5
211710590,30.0,15.0,30.0,1,1,2,30.0,0.5
211760999,6.9,3.45,6.9,1,1,2,6.9,0.5
211785658,0.0,0.0,0.0,1,1,1,0.0,1.0
211792463,0.3,0.15,0.3,1,1,2,0.3,0.5
211843417,3.6,1.8,3.6,1,1,2,3.6,0.5
211894195,171.0,85.5,171.0,1,1,2,171.0,0.5
211899679,79.0,39.5,79.0,1,1,2,79.0,0.5
211920439,29.0,4.142857142857143,29.0,6,6,7,4.833333333333333,0.8571428571428571
211925330,848.0,106.0,425.0,5,5,8,169.6,0.625
211934059,114.0,57.0,114.0,1,1,2,114.0,0.5
211994918,2.8,1.4,2.8,1,1,2,2.8,0.5
212001545,0.0,0.0,0.0,2,2,2,0.0,1.0
212041058,17.4,5.8,17.4,2,2,3,8.7,0.6666666666666666
212069898,9.3,4.65,9.3,1,1,2,9.3,0.5
212078557,54.6,1.092,21.0,34,34,50,1.6058823529411765,0.68
212082446,1.9,0.95,1.9,1,1,2,1.9,0.5
212090589,77.0,38.5,77.0,1,1,2,77.0,0.5
212134578,231.6,15.44,231.0,12,12,15,19.3,0.8
212146550,0.7,0.2333333333333333,0.7,2,2,3,0.35,0.6666666666666666
212149210,3.0999999999999996,0.30999999999999994,2.3,7,7,10,0.4428571428571428,0.7
212157817,27.0,13.5,27.0,1,1,2,27.0,0.5
212166635,18.2,4.55,18.0,2,2,4,9.1,0.5
212182110,0.0,0.0,0.0,2,2,2,0.0,1.0
212207315,9.1,4.55,9.1,1,1,2,9.1,0.5
212210746,467.0,93.4,467.0,4,4,5,116.75,0.8
212255389,0.2,0.1,0.2,1,1,2,0.2,0.5
212267962,1.4,0.7,1.4,1,1,2,1.4,0.5
212284721,0.9,0.45,0.9,1,1,2,0.9,0.5
212289859,1.0,0.5,1.0,1,1,2,1.0,0.5
212302055,32.0,4.0,32.0,7,7,8,4.571428571428571,0.875
212310741,0.8,0.4,0.8,1,1,2,0.8,0.5
212369949,70.0,35.0,70.0,1,1,2,70.0,0.5
212374494,0.0,0.0,0.0,2,2,2,0.0,1.0
212422375,0.7,0.35,0.7,1,1,2,0.7,0.5
212426459,411.4,10.548717948717949,173.0,26,26,39,15.823076923076922,0.6666666666666666
212428693,12.799999999999999,2.1333333333333333,11.2,4,4,6,3.1999999999999997,0.6666666666666666
212456283,41.7,6.95,34.0,3,3,6,13.9,0.5
212466515,251.8,5.855813953488372,63.0,24,24,43,10.491666666666667,0.5581395348837209
212491485,0.1,0.05,0.1,1,1,2,0.1,0.5
212494115,0.0,0.0,0.0,1,1,1,0.0,1.0
212502033,54.0,6.0,54.0,8,8,9,6.75,0.8888888888888888
212519365,0.4,0.2,0.4,1,1,2,0.4,0.5
212521878,0.7,0.35,0.7,1,1,2,0.7,0.5
212544433,19.1,9.55,19.1,1,1,2,19.1,0.5
212570211,499.8,21.730434782608697,455.0,19,19,23,26.30526315789474,0.8260869565217391
212572713,0.4,0.2,0.4,1,1,2,0.4,0.5
212636691,0.0,0.0,0.0,1,1,1,0.0,1.0
212647014,0.0,0.0,0.0,2,2,2,0.0,1.0
212648189,359.0,51.285714285714285,359.0,6,6,7,59.833333333333336,0.8571428571428571
212660921,157.0,19.625,157.0,7,7,8,22.428571428571427,0.875
212748581,11.2,2.2399999999999998,6.9,3,3,5,3.733333333333333,0.6
212751581,432.7,36.05833333333333,432.0,9,9,12,48.077777777777776,0.75
212758245,4.2,2.1,4.2,1,1,2,4.2,0.5
212790797,5.9,1.9666666666666668,5.9,2,2,3,2.95,0.6666666666666666
212794187,0.0,0.0,0.0,2,2,2,0.0,1.0
212806127,20.5,2.2777777777777777,20.0,5,5,9,4.1,0.5555555555555556
212811599,2.2,1.1,2.2,1,1,2,2.2,0.5
212828039,0.9,0.45,0.9,1,1,2,0.9,0.5
212834407,0.3,0.15,0.3,1,1,2,0.3,0.5
212875606,2.6,1.3,2.6,1,1,2,2.6,0.5
212886835,5.5,2.75,5.5,1,1,2,5.5,0.5
212887873,0.7,0.35,0.7,1,1,2,0.7,0.5
212915541,1605.0,76.42857142857143,1605.0,20,20,21,80.25,0.9523809523809523
212949727,107.0,53.5,107.0,1,1,2,107.0,0.5
213022303,8.5,0.7083333333333334,6.7,8,8,12,1.0625,0.6666666666666666
213023790,0.0,0.0,0.0,1,1,1,0.0,1.0
213046303,0.2,0.1,0.2,1,1,2,0.2,0.5
213114902,3.0,0.375,1.4,4,4,8,0.75,0.5
213126679,10.799999999999999,2.6999999999999997,10.6,2,2,4,5.3999999999999995,0.5
213184657,0.0,0.0,0.0,1,1,1,0.0,1.0
213188895,135.8,19.400000000000002,106.0,4,4,7,33.95,0.5714285714285714
213203809,71.0,35.5,71.0,1,1,2,71.0,0.5
213231597,399.5,6.771186440677966,171.0,37,37,59,10.797297297297296,0.6271186440677966
213235578,10.8,2.7,9.8,2,2,4,5.4,0.5
213241329,202.0,22.444444444444443,202.0,8,8,9,25.25,0.8888888888888888
213256245,3.1,1.55,3.1,1,1,2,3.1,0.5
213307502,278.4,14.652631578947368,272.0,17,17,19,16.376470588235293,0.8947368421052632
213321209,4.2,2.1,4.2,1,1,2,4.2,0.5
213338273,57.4,14.35,56.0,2,2,4,28.7,0.5
213359499,1.9,0.95,1.9,1,1,2,1.9,0.5
213406926,1.3,0.65,1.3,1,1,2,1.3,0.5
213422095,1.9,0.95,1.9,1,1,2,1.9,0.5
213427457,246.0,17.571428571428573,227.0,8,8,14,30.75,0.5714285714285714
213448361,0.3,0.09999999999999999,0.3,2,2,3,0.15,0.6666666666666666
213506795,4.7,2.35,4.7,1,1,2,4.7,0.5
213523850,2.6,0.2888888888888889,2.6,8,8,9,0.325,0.8888888888888888
213560822,9.8,4.9,9.8,1,1,2,9.8,0.5
213580459,18.1,3.62,18.1,4,4,5,4.525,0.8
213597170,0.0,0.0,0.0,2,2,2,0.0,1.0
213610494,1072.2,23.308695652173913,717.0,28,28,46,38.292857142857144,0.6086956521739131
213623518,0.5,0.16666666666666666,0.5,2,2,3,0.25,0.6666666666666666
213650130,52.0,10.4,52.0,4,4,5,13.0,0.8
213655302,126.0,25.2,126.0,4,4,5,31.5,0.8
213720494,326.0,7.951219512195122,103.0,30,30,41,10.866666666666667,0.7317073170731707
213737989,18.5,1.3214285714285714,10.5,7,7,14,2.642857142857143,0.5
213775315,221.1,7.896428571428571,56.0,14,14,28,15.792857142857143,0.5
213793062,1.9,0.95,1.9,1,1,2,1.9,0.5
213834257,3.7,1.85,3.7,1,1,2,3.7,0.5
213854339,1369.2,171.15,1295.0,4,4,8,342.3,0.5
213858385,16.9,3.38,11.9,3,3,5,5.633333333333333,0.6
213893829,6.1,3.05,6.1,1,1,2,6.1,0.5
213909719,67.0,33.5,67.0,1,1,2,67.0,0.5
213929581,0.1,0.05,0.1,1,1,2,0.1,0.5
213947841,1.8,0.9,1.8,1,1,2,1.8,0.5
213988015,0.3,0.15,0.3,1,1,2,0.3,0.5
214004621,0.0,0.0,0.0,1,1,1,0.0,1.0
214010366,0.4,0.2,0.4,1,1,2,0.4,0.5
214018797,0.4,0.1,0.4,3,3,4,0.13333333333333333,0.75
214019307,7.1,3.55,7.1,1,1,2,7.1,0.5
214049375,195.0,97.5,195.0,1,1,2,195.0,0.5
214051309,0.0,0.0,0.0,3,3,3,0.0,1.0
214077903,6.9,3.45,6.9,1,1,2,6.9,0.5
214107899,0.0,0.0,0.0,1,1,1,0.0,1.0
214144283,3.3,1.65,3.3,1,1,2,3.3,0.5
214152875,0.4,0.2,0.4,1,1,2,0.4,0.5
214167822,0.0,0.0,0.0,1,1,1,0.0,1.0
214169647,576.0,288.0,576.0,1,1,2,576.0,0.5
214184795,5.5,1.8333333333333333,5.5,2,2,3,2.75,0.6666666666666666
214241787,0.7,0.35,0.7,1,1,2,0.7,0.5
214252753,3.0,1.5,3.0,1,1,2,3.0,0.5
214276866,18.3,9.15,18.3,1,1,2,18.3,0.5
214281367,1.1,0.3666666666666667,1.1,2,2,3,0.55,0.6666666666666666
214291946,10.1,5.05,10.1,1,1,2,10.1,0.5
214299751,989.1,98.91,989.0,8,8,10,123.6375,0.8
214309931,5.9,1.475,5.9,3,3,4,1.9666666666666668,0.75
214343410,2.4,0.48,2.4,4,4,5,0.6,0.8
214366018,108.0,54.0,108.0,1,1,2,108.0,0.5
214388411,0.1,0.03333333333333333,0.1,2,2,3,0.05,0.6666666666666666
214390937,0.0,0.0,0.0,21,21,21,0.0,1.0
214412158,2.2,1.1,2.2,1,1,2,2.2,0.5
214425734,226.0,113.0,226.0,1,1,2,226.0,0.5
214472043,3.5,0.7,3.5,4,4,5,0.875,0.8
214606702,1.9,0.95,1.9,1,1,2,1.9,0.5
214618086,0.1,0.05,0.1,1,1,2,0.1,0.5
214619754,8.5,0.6538461538461539,5.1,8,8,13,1.0625,0.6153846153846154
214658749,149.1,9.31875,147.0,10,10,16,14.91,0.625
214662323,0.0,0.0,0.0,2,2,2,0.0,1.0
214662605,0.0,0.0,0.0,2,2,2,0.0,1.0
214662737,0.7,0.35,0.7,1,1,2,0.7,0.5
214736709,2.6,1.3,2.6,1,1,2,2.6,0.5
214784227,1.2,0.6,1.2,1,1,2,1.2,0.5
214805425,0.3,0.06,0.3,4,4,5,0.075,0.8
214877109,0.0,0.0,0.0,1,1,1,0.0,1.0
214900977,3.1,1.55,3.1,1,1,2,3.1,0.5
214905138,6.0,1.5,5.7,2,2,4,3.0,0.5
214913026,6.6,0.264,4.0,20,20,25,0.32999999999999996,0.8
214914991,5.0,2.5,5.0,1,1,2,5.0,0.5
214933922,5.7,2.85,5.7,1,1,2,5.7,0.5
214980969,6.8,1.7,6.6,2,2,4,3.4,0.5
214988530,37.0,18.5,37.0,1,1,2,37.0,0.5
215008934,7.9,2.6333333333333333,7.9,2,2,3,3.95,0.6666666666666666
215022297,3.2,1.6,3.2,1,1,2,3.2,0.5
215039865,50.0,16.666666666666668,50.0,2,2,3,25.0,0.6666666666666666
215060251,116.0,58.0,116.0,1,1,2,116.0,0.5
215079073,0.0,0.0,0.0,1,1,1,0.0,1.0
215087521,0.0,0.0,0.0,8,8,8,0.0,1.0
215127686,2.0,1.0,2.0,1,1,2,2.0,0.5
215160630,870.1,13.5953125,284.0,34,34,64,25.591176470588238,0.53125
215208719,834.1,7.723148148148148,307.0,67,67,108,12.449253731343283,0.6203703703703703
215253129,29.9,3.7375,21.0,4,4,8,7.475,0.5
215255305,3.8,1.9,3.8,1,1,2,3.8,0.5
215290585,2.2,0.55,2.2,3,3,4,0.7333333333333334,0.75
215334587,63.0,21.0,63.0,2,2,3,31.5,0.6666666666666666
215380327,36.5,2.1470588235294117,10.4,9,9,17,4.055555555555555,0.5294117647058824
215408205,0.0,0.0,0.0,2,2,2,0.0,1.0
215409870,46.3,11.575,43.0,2,2,4,23.15,0.5
215413462,0.9,0.45,0.9,1,1,2,0.9,0.5
215458951,1.2,0.6,1.2,1,1,2,1.2,0.5
215476671,15.1,7.55,15.1,1,1,2,15.1,0.5
215485357,9.1,4.55,9.1,1,1,2,9.1,0.5
215491946,24.0,12.0,24.0,1,1,2,24.0,0.5
215492239,6.2,3.1,6.2,1,1,2,6.2,0.5
215492814,0.9,0.45,0.9,1,1,2,0.9,0.5
215508170,250.0,35.714285714285715,250.0,6,6,7,41.666666666666664,0.8571428571428571
215518655,15.2,3.8,14.5,2,2,4,7.6,0.5
215540943,97.0,5.705882352941177,67.0,9,9,17,10.777777777777779,0.5294117647058824
215542922,16.3,4.075,9.8,2,2,4,8.15,0.5
215562325,20.0,10.0,20.0,1,1,2,20.0,0.5
215571763,81.6,20.4,76.0,2,2,4,40.8,0.5
215578265,1.2,0.6,1.2,1,1,2,1.2,0.5
215586007,38.9,4.8625,37.0,5,5,8,7.779999999999999,0.625
215589538,1284.0,642.0,1284.0,1,1,2,1284.0,0.5
215627519,58.0,29.0,58.0,1,1,2,58.0,0.5
215667739,1.0,0.5,1.0,1,1,2,1.0,0.5
215687170,11.8,5.9,11.8,1,1,2,11.8,0.5
215708631,0.6,0.19999999999999998,0.6,2,2,3,0.3,0.6666666666666666
215721461,55.0,7.857142857142857,46.0,4,4,7,13.75,0.5714285714285714
215727147,0.6,0.3,0.6,1,1,2,0.6,0.5
215748805,47.4,5.925,45.0,5,5,8,9.48,0.625
215763021,12.6,2.1,12.6,5,5,6,2.52,0.8333333333333334
215769135,8.2,4.1,8.2,1,1,2,8.2,0.5
215776525,414.0,69.0,414.0,5,5,6,82.8,0.8333333333333334
215785419,0.0,0.0,0.0,1,1,1,0.0,1.0
215786295,48.3,4.83,45.0,8,8,10,6.0375,0.8
215831986,687.0,343.5,687.0,1,1,2,687.0,0.5
215832158,190.2,27.17142857142857,155.0,4,4,7,47.55,0.5714285714285714
215833301,248.6,62.15,244.0,2,2,4,124.3,0.5
215844562,179.0,17.9,179.0,9,9,10,19.88888888888889,0.9
215877085,11.8,0.9833333333333334,7.4,10,10,12,1.1800000000000002,0.8333333333333334
215879414,1.8,0.9,1.8,1,1,2,1.8,0.5
215892858,0.0,0.0,0.0,1,1,1,0.0,1.0
215911849,114.7,28.675,108.0,2,2,4,57.35,0.5
215917975,0.7,0.35,0.7,1,1,2,0.7,0.5
216002631,0.1,0.05,0.1,1,1,2,0.1,0.5
216023925,43.2,2.5411764705882356,41.0,11,11,17,3.9272727272727277,0.6470588235294118
216025815,423.5,4.50531914893617,82.0,52,52,94,8.14423076923077,0.5531914893617021
216029829,0.9,0.45,0.9,1,1,2,0.9,0.5
216040174,12.200000000000001,2.4400000000000004,10.4,3,3,5,4.066666666666667,0.6
216042414,178.0,10.470588235294118,178.0,16,16,17,11.125,0.9411764705882353
216047087,216.3,10.815000000000001,137.0,13,13,20,16.638461538461538,0.65
216047302,82.0,41.0,82.0,1,1,2,82.0,0.5
216059509,38.0,19.0,38.0,1,1,2,38.0,0.5
216088282,132.8,0.9623188405797102,69.0,124,124,138,1.070967741935484,0.8985507246376812
216115170,0.5,0.25,0.5,1,1,2,0.5,0.5
216154835,0.4,0.1,0.3,2,2,4,0.2,0.5
216158727,133.0,44.333333333333336,133.0,2,2,3,66.5,0.6666666666666666
216189719,0.4,0.2,0.4,1,1,2,0.4,0.5
216211930,924.7,31.886206896551727,881.0,16,16,29,57.79375,0.5517241379310345
216217925,252.2,13.273684210526316,181.0,10,10,19,25.22,0.5263157894736842
216227311,22.4,5.6,22.0,2,2,4,11.2,0.5
216242027,0.4,0.2,0.4,1,1,2,0.4,0.5
216261706,676.5,169.125,671.0,2,2,4,338.25,0.5
216278473,201.0,40.2,201.0,4,4,5,50.25,0.8
216303146,15.100000000000001,3.7750000000000004,14.3,2,2,4,7.550000000000001,0.5
216317211,1.5,0.75,1.5,1,1,2,1.5,0.5
216361717,0.0,0.0,0.0,9,9,9,0.0,1.0
216364582,127.0,14.11111111111111,100.0,7,7,9,18.142857142857142,0.7777777777777778
216396749,499.4,62.425,474.0,4,4,8,124.85,0.5
216417218,0.9,0.45,0.9,1,1,2,0.9,0.5
216434385,4.2,2.1,4.2,1,1,2,4.2,0.5
216442661,0.2,0.028571428571428574,0.1,5,5,7,0.04,0.7142857142857143
216456878,0.7,0.35,0.7,1,1,2,0.7,0.5
216487495,1.7000000000000002,0.34,1.3,3,3,5,0.5666666666666668,0.6
216500614,348.0,43.5,348.0,7,7,8,49.714285714285715,0.875
216502479,2.8,1.4,2.8,1,1,2,2.8,0.5
216505571,22.6,1.8833333333333335,20.0,9,9,12,2.511111111111111,0.75
216514851,144.0,72.0,144.0,1,1,2,144.0,0.5
216515551,1.1,0.55,1.1,1,1,2,1.1,0.5
216535049,877.0,438.5,877.0,1,1,2,877.0,0.5
216535133,0.4,0.2,0.4,1,1,2,0.4,0.5
216598286,375.0,34.09090909090909,375.0,10,10,11,37.5,0.9090909090909091
216608525,0.0,0.0,0.0,1,1,1,0.0,1.0
216653925,6.1,2.033333333333333,6.1,2,2,3,3.05,0.6666666666666666
216670429,4.2,0.8400000000000001,2.7,3,3,5,1.4000000000000001,0.6
216674215,29.5,1.9666666666666666,12.6,8,8,15,3.6875,0.5333333333333333
216678161,80.0,40.0,80.0,1,1,2,80.0,0.5
216688763,143.0,10.214285714285714,109.0,8,8,14,17.875,0.5714285714285714
216704734,2.5,1.25,2.5,1,1,2,2.5,0.5
216711993,0.7,0.35,0.7,1,1,2,0.7,0.5
216745133,0.4,0.2,0.4,1,1,2,0.4,0.5
216785107,794.1,15.882,242.0,27,27,50,29.41111111111111,0.54
216799865,0.2,0.1,0.2,1,1,2,0.2,0.5
216849769,49.0,24.5,49.0,1,1,2,49.0,0.5
216854441,0.0,0.0,0.0,1,1,1,0.0,1.0
216857326,0.8,0.4,0.8,1,1,2,0.8,0.5
216866073,2.2,0.7333333333333334,2.2,2,2,3,1.1,0.6666666666666666
216899823,48.0,24.0,48.0,1,1,2,48.0,0.5
216915681,960.0,240.0,960.0,3,3,4,320.0,0.75
216921535,119.1,19.849999999999998,119.0,4,4,6,29.775,0.6666666666666666
216924034,1.8,0.9,1.8,1,1,2,1.8,0.5
216931933,100.0,20.0,100.0,4,4,5,25.0,0.8
216939765,0.0,0.0,0.0,1,1,1,0.0,1.0
216983089,2.9,1.45,2.9,1,1,2,2.9,0.5
217099682,16.5,0.9166666666666666,12.4,10,10,18,1.65,0.5555555555555556
217109977,10.7,5.35,10.7,1,1,2,10.7,0.5
217259714,6.4,1.6,5.0,2,2,4,3.2,0.5
217259835,0.4,0.2,0.4,1,1,2,0.4,0.5
217268143,6.6,3.3,6.6,1,1,2,6.6,0.5
217276487,0.4,0.13333333333333333,0.4,2,2,3,0.2,0.6666666666666666
217289318,1.7,0.2833333333333333,1.2,3,3,6,0.5666666666666667,0.5
217289550,4.6,0.5111111111111111,2.8,6,6,9,0.7666666666666666,0.6666666666666666
217303525,20.0,2.857142857142857,20.0,6,6,7,3.3333333333333335,0.8571428571428571
217368291,431.0,107.75,431.0,3,3,4,143.66666666666666,0.75
217391754,0.7,0.11666666666666665,0.7,5,5,6,0.13999999999999999,0.8333333333333334
217441163,1.5,0.75,1.5,1,1,2,1.5,0.5
217463159,9.1,3.033333333333333,9.1,2,2,3,4.55,0.6666666666666666
217472465,7.0,3.5,7.0,1,1,2,7.0,0.5
217485443,4.6,2.3,4.6,1,1,2,4.6,0.5
217492717,0.5,0.25,0.5,1,1,2,0.5,0.5
217539381,0.5,0.25,0.5,1,1,2,0.5,0.5
217554887,455.0,41.36363636363637,397.0,9,9,11,50.55555555555556,0.8181818181818182
217574533,5.0,1.0,2.7,3,3,5,1.6666666666666667,0.6
217580279,0.3,0.15,0.3,1,1,2,0.3,0.5
217611749,0.2,0.1,0.2,1,1,2,0.2,0.5
217660785,1.1,0.3666666666666667,1.1,2,2,3,0.55,0.6666666666666666
217680215,104.6,3.4866666666666664,59.0,18,18,30,5.811111111111111,0.6
217681801,18.9,9.45,18.9,1,1,2,18.9,0.5
217709850,5.2,0.52,3.7,6,6,10,0.8666666666666667,0.6
217728407,84.0,42.0,84.0,1,1,2,84.0,0.5
217734723,0.0,0.0,0.0,1,1,1,0.0,1.0
217751926,710.0,177.5,710.0,3,3,4,236.66666666666666,0.75
217756269,1.9,0.95,1.9,1,1,2,1.9,0.5
217770237,1.8,0.9,1.8,1,1,2,1.8,0.5
217779981,18.599999999999998,0.7749999999999999,10.6,15,15,24,1.2399999999999998,0.625
217795493,16.4,8.2,16.4,1,1,2,16.4,0.5
217834203,0.0,0.0,0.0,1,1,1,0.0,1.0
217852939,54.0,18.0,54.0,2,2,3,27.0,0.6666666666666666
217892263,1.9,0.95,1.9,1,1,2,1.9,0.5
217913875,7.7,3.85,7.7,1,1,2,7.7,0.5
217917011,19.1,9.55,19.1,1,1,2,19.1,0.5
217968557,0.0,0.0,0.0,2,2,2,0.0,1.0
217987498,17.4,8.7,17.4,1,1,2,17.4,0.5
217993378,0.2,0.06666666666666667,0.2,2,2,3,0.1,0.6666666666666666
218053609,0.7,0.13999999999999999,0.7,4,4,5,0.175,0.8
218054193,13.600000000000001,2.72,7.2,3,3,5,4.533333333333334,0.6
218071326,30.0,10.0,30.0,2,2,3,15.0,0.6666666666666666
218089327,22.0,11.0,22.0,1,1,2,22.0,0.5
218110241,1.6,0.32,1.6,4,4,5,0.4,0.8
218121619,8.4,0.6461538461538462,3.1,7,7,13,1.2,0.5384615384615384
218134215,0.1,0.03333333333333333,0.1,2,2,3,0.05,0.6666666666666666
218164433,0.1,0.05,0.1,1,1,2,0.1,0.5
218215123,1.5,0.75,1.5,1,1,2,1.5,0.5
218242005,0.5,0.25,0.5,1,1,2,0.5,0.5
218268835,0.0,0.0,0.0,2,2,2,0.0,1.0
218292423,0.0,0.0,0.0,2,2,2,0.0,1.0
218317467,403.8,3.738888888888889,145.0,91,91,108,4.437362637362638,0.8425925925925926
218321238,0.7,0.175,0.5,2,2,4,0.35,0.5
218323237,24.5,4.083333333333333,14.8,3,3,6,8.166666666666666,0.5
218339090,6.6,2.1999999999999997,6.6,2,2,3,3.3,0.6666666666666666
218354629,108.6,6.7875,75.0,10,10,16,10.86,0.625
218396091,4.9,2.45,4.9,1,1,2,4.9,0.5
218405343,275.0,137.5,275.0,1,1,2,275.0,0.5
218448119,2.9,1.45,2.9,1,1,2,2.9,0.5
218451030,214.0,42.8,191.0,3,3,5,71.33333333333333,0.6
218463646,481.9,120.475,475.0,2,2,4,240.95,0.5
218478781,4.0,2.0,4.0,1,1,2,4.0,0.5
218531534,173.0,86.5,173.0,1,1,2,173.0,0.5
218580878,9.7,4.85,9.7,1,1,2,9.7,0.5
218585765,2.7,0.1285714285714286,1.2,18,18,21,0.15000000000000002,0.8571428571428571
218600642,3.9,1.95,3.9,1,1,2,3.9,0.5
218608613,3.5,0.875,3.5,3,3,4,1.1666666666666667,0.75
218668551,2.2,1.1,2.2,1,1,2,2.2,0.5
218680215,760.0,50.666666666666664,704.0,8,8,15,95.0,0.5333333333333333
218734858,203.7,11.316666666666666,112.0,10,10,18,20.369999999999997,0.5555555555555556
218779858,0.7,0.35,0.7,1,1,2,0.7,0.5
218785457,4.0,2.0,4.0,1,1,2,4.0,0.5
218844731,13.5,3.375,13.2,2,2,4,6.75,0.5
218908889,0.5,0.25,0.5,1,1,2,0.5,0.5
218914514,0.4,0.2,0.4,1,1,2,0.4,0.5
218918267,57.4,2.296,22.0,14,14,25,4.1,0.56
218938553,9.0,1.5,4.8,3,3,6,3.0,0.5
218952383,2.1,1.05,2.1,1,1,2,2.1,0.5
219035059,89.0,44.5,89.0,1,1,2,89.0,0.5
219080305,2.5,1.25,2.5,1,1,2,2.5,0.5
219095735,4.9,2.45,4.9,1,1,2,4.9,0.5
219136646,10.2,5.1,10.2,1,1,2,10.2,0.5
219145315,13.4,1.9142857142857144,5.7,4,4,7,3.35,0.5714285714285714
219195098,3.2,1.6,3.2,1,1,2,3.2,0.5
219229413,691.0,345.5,691.0,1,1,2,691.0,0.5
219230362,14.9,4.966666666666667,14.9,2,2,3,7.45,0.6666666666666666
219262025,1.8,0.6,1.8,2,2,3,0.9,0.6666666666666666
219328771,43.0,14.333333333333334,43.0,2,2,3,21.5,0.6666666666666666
219339286,2.0,1.0,2.0,1,1,2,2.0,0.5
219361406,143.0,23.833333333333332,120.0,4,4,6,35.75,0.6666666666666666
219414811,725.6,42.682352941176475,431.0,11,11,17,65.96363636363637,0.6470588235294118
219435905,0.4,0.08,0.4,4,4,5,0.1,0.8
219446813,210.0,52.5,210.0,3,3,4,70.0,0.75
219466457,526.6,58.51111111111111,302.0,5,5,9,105.32000000000001,0.5555555555555556
219466905,25.5,0.22566371681415928,25.0,110,110,113,0.2318181818181818,0.9734513274336283
219481235,230.0,46.0,141.0,3,3,5,76.66666666666667,0.6
219509107,2.1,1.05,2.1,1,1,2,2.1,0.5
219551734,288.8,26.254545454545454,122.0,7,7,11,41.25714285714286,0.6363636363636364
219554846,15.8,5.266666666666667,15.8,2,2,3,7.9,0.6666666666666666
219566087,66.0,33.0,66.0,1,1,2,66.0,0.5
219589039,0.0,0.0,0.0,3,3,3,0.0,1.0
219593982,0.4,0.2,0.4,1,1,2,0.4,0.5
219677174,1.2,0.39999999999999997,1.2,2,2,3,0.6,0.6666666666666666
219706418,2.5,0.4166666666666667,2.5,5,5,6,0.5,0.8333333333333334
219732733,23.0,7.666666666666667,23.0,2,2,3,11.5,0.6666666666666666
219747318,6.4,3.2,6.4,1,1,2,6.4,0.5
219749787,0.0,0.0,0.0,2,2,2,0.0,1.0
219775534,142.7,23.78333333333333,140.0,4,4,6,35.675,0.6666666666666666
219780322,8.3,4.15,8.3,1,1,2,8.3,0.5
219822826,485.9,48.589999999999996,463.0,6,6,10,80.98333333333333,0.6
219823929,8.8,4.4,8.8,1,1,2,8.8,0.5
219838359,0.2,0.04,0.2,4,4,5,0.05,0.8
219875346,21.0,7.0,21.0,2,2,3,10.5,0.6666666666666666
219894679,49.0,24.5,49.0,1,1,2,49.0,0.5
219930123,616.0,88.0,616.0,6,6,7,102.66666666666667,0.8571428571428571
219944270,0.0,0.0,0.0,1,1,1,0.0,1.0
219958874,54.0,27.0,54.0,1,1,2,54.0,0.5
220012683,710.0,118.33333333333333,710.0,5,5,6,142.0,0.8333333333333334
220048685,0.5,0.05,0.5,9,9,10,0.05555555555555555,0.9
220157121,0.1,0.05,0.1,1,1,2,0.1,0.5
220217607,711.0,237.0,711.0,2,2,3,355.5,0.6666666666666666
220235189,70.7,17.675,70.0,2,2,4,35.35,0.5
220302789,2.6,1.3,2.6,1,1,2,2.6,0.5
220306050,1.3,0.65,1.3,1,1,2,1.3,0.5
220307007,5.7,2.85,5.7,1,1,2,5.7,0.5
220428551,1.7,0.85,1.7,1,1,2,1.7,0.5
220434034,535.4,16.73125,484.0,18,18,32,29.744444444444444,0.5625
220489263,127.0,63.5,127.0,1,1,2,127.0,0.5
220525938,2.0,0.5,2.0,3,3,4,0.6666666666666666,0.75
220561138,677.1,19.345714285714287,623.0,21,21,35,32.24285714285715,0.6
220568686,144.4,18.05,108.0,4,4,8,36.1,0.5
220602833,192.6,9.17142857142857,117.0,11,11,21,17.509090909090908,0.5238095238095238
220617471,4.0,2.0,4.0,1,1,2,4.0,0.5
220640317,29.3,7.325,27.0,2,2,4,14.65,0.5
220680498,76.7,1.5979166666666667,31.0,28,28,48,2.7392857142857143,0.5833333333333334
220695363,2.5999999999999996,0.6499999999999999,1.9,2,2,4,1.2999999999999998,0.5
220711709,0.3,0.09999999999999999,0.3,2,2,3,0.15,0.6666666666666666
220733923,1.4,0.27999999999999997,1.4,4,4,5,0.35,0.8
220800650,2.9,1.45,2.9,1,1,2,2.9,0.5
220808791,4.0,2.0,4.0,1,1,2,4.0,0.5
220887518,54.2,9.033333333333333,51.0,4,4,6,13.55,0.6666666666666666
220918911,2.4,1.2,2.4,1,1,2,2.4,0.5
220956035,0.5,0.25,0.5,1,1,2,0.5,0.5
220999682,0.2,0.1,0.2,1,1,2,0.2,0.5
221035258,0.0,0.0,0.0,1,1,1,0.0,1.0
221042905,21.0,10.5,21.0,1,1,2,21.0,0.5
221063173,0.0,0.0,0.0,2,2,2,0.0,1.0
221083006,1.3,0.65,1.3,1,1,2,1.3,0.5
221127319,0.8,0.2,0.8,3,3,4,0.26666666666666666,0.75
221134306,796.0,398.0,796.0,1,1,2,796.0,0.5
221161433,0.4,0.08,0.4,4,4,5,0.1,0.8
221166146,0.0,0.0,0.0,1,1,1,0.0,1.0
221185061,8.6,4.3,8.6,1,1,2,8.6,0.5
221257958,23.0,7.666666666666667,23.0,2,2,3,11.5,0.6666666666666666
221315846,19.0,2.375,9.0,4,4,8,4.75,0.5
221316926,0.8,0.08888888888888889,0.8,8,8,9,0.1,0.8888888888888888
221325014,1.9,0.95,1.9,1,1,2,1.9,0.5
221379737,67.0,33.5,67.0,1,1,2,67.0,0.5
221430493,5.3,1.7666666666666666,5.3,2,2,3,2.65,0.6666666666666666
221432905,39.7,5.671428571428572,32.0,4,4,7,9.925,0.5714285714285714
221434031,6.2,3.1,6.2,1,1,2,6.2,0.5
221443125,275.0,68.75,275.0,3,3,4,91.66666666666667,0.75
221513057,0.8,0.4,0.8,1,1,2,0.8,0.5
221548709,435.0,145.0,435.0,2,2,3,217.5,0.6666666666666666
221553173,13.1,6.55,13.1,1,1,2,13.1,0.5
221617645,11.6,5.8,11.6,1,1,2,11.6,0.5
221622562,0.0,0.0,0.0,1,1,1,0.0,1.0
221657386,6.8,3.4,6.8,1,1,2,6.8,0.5
221670883,15.6,7.8,15.6,1,1,2,15.6,0.5
221683659,18.5,9.25,18.5,1,1,2,18.5,0.5
221694858,518.7,19.211111111111112,149.0,15,15,27,34.580000000000005,0.5555555555555556
221695617,422.0,46.888888888888886,297.0,7,7,9,60.285714285714285,0.7777777777777778
221702697,16.0,8.0,16.0,1,1,2,16.0,0.5
221710011,690.0,345.0,690.0,1,1,2,690.0,0.5
221738571,27.0,13.5,27.0,1,1,2,27.0,0.5
221744925,1.6,0.2285714285714286,1.6,6,6,7,0.26666666666666666,0.8571428571428571
221746589,0.9,0.45,0.9,1,1,2,0.9,0.5
221773178,1.8,0.9,1.8,1,1,2,1.8,0.5
221775355,54.8,6.088888888888889,28.0,5,5,9,10.959999999999999,0.5555555555555556
221823551,135.5,22.583333333333332,135.0,3,3,6,45.166666666666664,0.5
221886106,7.1,3.55,7.1,1,1,2,7.1,0.5
221892471,63.4,15.85,59.0,2,2,4,31.7,0.5
221901510,0.2,0.1,0.2,1,1,2,0.2,0.5
221952355,23.8,5.95,23.0,2,2,4,11.9,0.5
221958385,375.7,20.87222222222222,356.0,16,16,18,23.48125,0.8888888888888888
221961243,43.2,1.6,21.0,14,14,27,3.085714285714286,0.5185185185185185
221961399,23.0,11.5,23.0,1,1,2,23.0,0.5
221999937,1.0,0.25,0.5,2,2,4,0.5,0.5
222008249,43.699999999999996,1.7479999999999998,15.2,13,13,25,3.361538461538461,0.52
222035871,253.0,126.5,253.0,1,1,2,253.0,0.5
222042345,1.4,0.27999999999999997,1.4,4,4,5,0.35,0.8
222045462,328.0,164.0,328.0,1,1,2,328.0,0.5
222050169,787.8,25.41290322580645,485.0,17,17,31,46.34117647058823,0.5483870967741935
222060673,26.1,0.9321428571428572,10.8,22,22,28,1.1863636363636365,0.7857142857142857
222125122,54.0,27.0,54.0,1,1,2,54.0,0.5
222134637,0.5,0.125,0.3,2,2,4,0.25,0.5
222158662,1.2,0.6,1.2,1,1,2,1.2,0.5
222180483,689.9,17.2475,655.0,24,24,40,28.745833333333334,0.6
222182106,452.0,226.0,452.0,1,1,2,452.0,0.5
222194703,1.3,0.65,1.3,1,1,2,1.3,0.5
222238581,0.0,0.0,0.0,1,1,1,0.0,1.0
222259537,2.4,1.2,2.4,1,1,2,2.4,0.5
222277839,86.0,43.0,86.0,1,1,2,86.0,0.5
222284298,12.6,1.8,12.6,6,6,7,2.1,0.8571428571428571
222319850,1.4,0.4666666666666666,1.4,2,2,3,0.7,0.6666666666666666
222360879,2.5,1.25,2.5,1,1,2,2.5,0.5
222363622,239.6,39.93333333333333,223.0,4,4,6,59.9,0.6666666666666666
222397825,0.5,0.25,0.5,1,1,2,0.5,0.5
222406897,1.9,0.31666666666666665,1.3,4,4,6,0.475,0.6666666666666666
222433695,0.0,0.0,0.0,1,1,1,0.0,1.0
222465255,1.8,0.9,1.8,1,1,2,1.8,0.5
222578478,366.5,40.72222222222222,364.0,6,6,9,61.083333333333336,0.6666666666666666
222600281,54.0,13.5,53.0,2,2,4,27.0,0.5
222642374,0.7,0.35,0.7,1,1,2,0.7,0.5
222642626,2.4000000000000004,0.6000000000000001,2.2,2,2,4,1.2000000000000002,0.5
222679413,2.1,1.05,2.1,1,1,2,2.1,0.5
222689962,0.1,0.05,0.1,1,1,2,0.1,0.5
222701635,0.0,0.0,0.0,4,4,4,0.0,1.0
222867863,2.1,0.35000000000000003,1.7,4,4,6,0.525,0.6666666666666666
222938490,25.0,12.5,25.0,1,1,2,25.0,0.5
222986054,0.9,0.45,0.9,1,1,2,0.9,0.5
222989310,0.0,0.0,0.0,1,1,1,0.0,1.0
223064225,423.5,14.116666666666667,160.0,16,16,30,26.46875,0.5333333333333333
223124802,1.6,0.5333333333333333,1.6,2,2,3,0.8,0.6666666666666666
223133463,1.4,0.7,1.4,1,1,2,1.4,0.5
223181037,1.8,0.225,0.8,5,5,8,0.36,0.625
223187857,0.3,0.15,0.3,1,1,2,0.3,0.5
223210213,0.0,0.0,0.0,1,1,1,0.0,1.0
223253799,3.0,0.75,2.0,2,2,4,1.5,0.5
223324734,157.8,6.575,112.0,13,13,24,12.13846153846154,0.5416666666666666
223330523,232.0,17.846153846153847,158.0,8,8,13,29.0,0.6153846153846154
223471406,2.7,1.35,2.7,1,1,2,2.7,0.5
223515017,3.4,0.85,3.4,3,3,4,1.1333333333333333,0.75
223586930,0.4,0.2,0.4,1,1,2,0.4,0.5
223589417,25.0,12.5,25.0,1,1,2,25.0,0.5
223595417,0.1,0.05,0.1,1,1,2,0.1,0.5
223614273,0.4,0.1,0.4,3,3,4,0.13333333333333333,0.75
223634790,3.0,1.5,3.0,1,1,2,3.0,0.5
223646498,76.2,19.05,76.0,2,2,4,38.1,0.5
223660563,87.8,10.975,53.0,4,4,8,21.95,0.5
223690993,0.0,0.0,0.0,1,1,1,0.0,1.0
223714279,1.5,0.75,1.5,1,1,2,1.5,0.5
223774670,55.0,27.5,55.0,1,1,2,55.0,0.5
223798950,1.0,0.5,1.0,1,1,2,1.0,0.5
223827574,0.0,0.0,0.0,1,1,1,0.0,1.0
223829418,90.0,45.0,90.0,1,1,2,90.0,0.5
223858723,159.4,4.688235294117647,86.0,25,25,34,6.376,0.7352941176470589
223985145,1.1,0.55,1.1,1,1,2,1.1,0.5
223991842,1.3,0.65,1.3,1,1,2,1.3,0.5
224033250,533.0,44.416666666666664,464.0,7,7,12,76.14285714285714,0.5833333333333334
224070533,345.6,4.32,53.0,47,47,80,7.353191489361703,0.5875
224197206,7.3,2.433333333333333,7.3,2,2,3,3.65,0.6666666666666666
224282935,4.2,2.1,4.2,1,1,2,4.2,0.5
224352019,4.6,2.3,4.6,1,1,2,4.6,0.5
224355955,474.0,237.0,474.0,1,1,2,474.0,0.5
224396593,33.5,3.0454545454545454,26.0,6,6,11,5.583333333333333,0.5454545454545454
224397205,0.7,0.35,0.7,1,1,2,0.7,0.5
224418566,179.9,22.4875,176.0,6,6,8,29.983333333333334,0.75
224493107,83.0,41.5,83.0,1,1,2,83.0,0.5
224526163,1.4,0.27999999999999997,1.2,3,3,5,0.4666666666666666,0.6
224532667,1.6,0.4,0.9,2,2,4,0.8,0.5
224539783,79.0,39.5,79.0,1,1,2,79.0,0.5
224547146,1.6,0.8,1.6,1,1,2,1.6,0.5
224586627,18.4,9.2,18.4,1,1,2,18.4,0.5
224587014,0.5,0.25,0.5,1,1,2,0.5,0.5
224594322,0.6,0.15,0.6,3,3,4,0.19999999999999998,0.75
224601141,0.8,0.4,0.8,1,1,2,0.8,0.5
224620377,1.2,0.6,1.2,1,1,2,1.2,0.5
224620778,1.3,0.65,1.3,1,1,2,1.3,0.5
224624355,19.6,9.8,19.6,1,1,2,19.6,0.5
224677810,2.7,0.675,1.7,2,2,4,1.35,0.5
224737765,820.0,410.0,820.0,1,1,2,820.0,0.5
224751217,2.4,1.2,2.4,1,1,2,2.4,0.5
224754050,528.1,8.95084745762712,367.0,38,38,59,13.897368421052633,0.6440677966101694
224777419,0.5,0.25,0.5,1,1,2,0.5,0.5
224777493,1.7,0.85,1.7,1,1,2,1.7,0.5
224844255,0.5,0.25,0.5,1,1,2,0.5,0.5
224853414,4.7,2.35,4.7,1,1,2,4.7,0.5
224928927,43.0,21.5,43.0,1,1,2,43.0,0.5
224929163,32.7,5.45,32.0,4,4,6,8.175,0.6666666666666666
224940599,0.3,0.15,0.3,1,1,2,0.3,0.5
224943279,1.7,0.85,1.7,1,1,2,1.7,0.5
224983017,13.3,6.65,13.3,1,1,2,13.3,0.5
224988881,10.2,1.7,8.1,4,4,6,2.55,0.6666666666666666
224998865,158.2,19.775,158.0,6,6,8,26.366666666666664,0.75
225028163,0.0,0.0,0.0,3,3,3,0.0,1.0
225048159,367.1,9.660526315789474,297.0,23,23,38,15.960869565217392,0.6052631578947368
225110915,7.5,3.75,7.5,1,1,2,7.5,0.5
225176638,24.0,1.0,12.0,14,14,24,1.7142857142857142,0.5833333333333334
225178605,0.4,0.2,0.4,1,1,2,0.4,0.5
225245513,2.2,1.1,2.2,1,1,2,2.2,0.5
225269666,0.0,0.0,0.0,1,1,1,0.0,1.0
225289523,86.8,21.7,85.0,2,2,4,43.4,0.5
225376053,16.1,8.05,16.1,1,1,2,16.1,0.5
225379182,1174.0,146.75,1172.0,5,5,8,234.8,0.625
225392937,9.6,0.96,4.6,6,6,10,1.5999999999999999,0.6
225434610,14.399999999999999,1.0285714285714285,11.2,9,9,14,1.5999999999999999,0.6428571428571429
225466182,0.7,0.35,0.7,1,1,2,0.7,0.5
225495607,1.4,0.7,1.4,1,1,2,1.4,0.5
225512626,0.9,0.15,0.9,5,5,6,0.18,0.8333333333333334
225547899,1.2,0.6,1.2,1,1,2,1.2,0.5
225566535,1.2,0.6,1.2,1,1,2,1.2,0.5
225637918,78.0,39.0,78.0,1,1,2,78.0,0.5
225655173,800.0,160.0,800.0,4,4,5,200.0,0.8
225706303,4.1000000000000005,0.6833333333333335,2.7,3,3,6,1.366666666666667,0.5
225734651,43.5,2.71875,40.0,10,10,16,4.35,0.625
225773581,0.8,0.4,0.8,1,1,2,0.8,0.5
225787781,7.7,2.566666666666667,7.7,2,2,3,3.85,0.6666666666666666
225829163,70.0,14.0,70.0,4,4,5,17.5,0.8
225848614,251.1,20.925,246.0,9,9,12,27.9,0.75
225851590,315.0,157.5,315.0,1,1,2,315.0,0.5
225925331,0.8,0.4,0.8,1,1,2,0.8,0.5
225933183,389.1,35.372727272727275,297.0,8,8,11,48.6375,0.7272727272727273
225942169,43.0,21.5,43.0,1,1,2,43.0,0.5
225973147,1746.8,349.36,1743.0,3,3,5,582.2666666666667,0.6
225978911,1.7,0.85,1.7,1,1,2,1.7,0.5
225982565,0.2,0.03333333333333333,0.2,5,5,6,0.04,0.8333333333333334
225987202,3.8,1.9,3.8,1,1,2,3.8,0.5
226033921,94.0,9.4,86.0,6,6,10,15.666666666666666,0.6
226095163,7.6,3.8,7.6,1,1,2,7.6,0.5
226095399,335.5,83.875,317.0,2,2,4,167.75,0.5
226097350,1.7,0.85,1.7,1,1,2,1.7,0.5
226111113,0.0,0.0,0.0,1,1,1,0.0,1.0
226130045,8.7,2.9,8.7,2,2,3,4.35,0.6666666666666666
226212066,136.4,5.930434782608696,94.0,13,13,23,10.492307692307692,0.5652173913043478
226260133,2.5,0.3125,1.6,6,6,8,0.4166666666666667,0.75
226261535,15.7,7.85,15.7,1,1,2,15.7,0.5
226320653,0.2,0.1,0.2,1,1,2,0.2,0.5
226354893,0.0,0.0,0.0,1,1,1,0.0,1.0
226357303,1.0,0.25,1.0,3,3,4,0.3333333333333333,0.75
226418742,0.0,0.0,0.0,1,1,1,0.0,1.0
226428439,1.0,0.5,1.0,1,1,2,1.0,0.5
226454327,104.2,26.05,91.0,2,2,4,52.1,0.5
226490758,7.7,1.2833333333333334,4.4,4,4,6,1.925,0.6666666666666666
226535562,24.0,12.0,24.0,1,1,2,24.0,0.5
226559137,257.0,64.25,257.0,3,3,4,85.66666666666667,0.75
226597231,9.1,0.65,6.3,8,8,14,1.1375,0.5714285714285714
226657630,0.4,0.2,0.4,1,1,2,0.4,0.5
226704675,0.3,0.15,0.3,1,1,2,0.3,0.5
226734923,4.9,0.9800000000000001,4.9,4,4,5,1.225,0.8
226778243,2.8,1.4,2.8,1,1,2,2.8,0.5
226923581,559.7,93.28333333333335,557.0,3,3,6,186.5666666666667,0.5
226928441,2.8,0.27999999999999997,1.2,6,6,10,0.4666666666666666,0.6
227020953,1.5,0.75,1.5,1,1,2,1.5,0.5
227047211,0.4,0.2,0.4,1,1,2,0.4,0.5
227083521,27.0,0.5869565217391305,7.4,33,33,46,0.8181818181818182,0.717391304347826
227153589,1.2,0.6,1.2,1,1,2,1.2,0.5
227154329,22.0,11.0,22.0,1,1,2,22.0,0.5
227191434,0.1,0.05,0.1,1,1,2,0.1,0.5
227231487,27.0,3.375,27.0,7,7,8,3.857142857142857,0.875
227244326,2.6,0.8666666666666667,2.6,2,2,3,1.3,0.6666666666666666
227246783,0.0,0.0,0.0,1,1,1,0.0,1.0
227248393,0.7,0.35,0.7,1,1,2,0.7,0.5
227282237,0.8,0.2,0.8,3,3,4,0.26666666666666666,0.75
227448167,9.1,4.55,9.1,1,1,2,9.1,0.5
227490126,667.8,51.36923076923077,591.0,8,8,13,83.475,0.6153846153846154
227535595,2.1,1.05,2.1,1,1,2,2.1,0.5
227648085,1.1,0.55,1.1,1,1,2,1.1,0.5
227676589,87.8,14.633333333333333,56.0,3,3,6,29.266666666666666,0.5
227727537,0.6,0.3,0.6,1,1,2,0.6,0.5
227752269,0.0,0.0,0.0,1,1,1,0.0,1.0
227752807,17.7,8.85,17.7,1,1,2,17.7,0.5
227777777,62.9,5.241666666666666,61.0,9,9,12,6.988888888888889,0.75
227783598,25.1,4.183333333333334,25.0,4,4,6,6.275,0.6666666666666666
227800694,0.0,0.0,0.0,2,2,2,0.0,1.0
227811695,311.2,9.43030303030303,308.0,30,30,33,10.373333333333333,0.9090909090909091
227844450,10.5,5.25,10.5,1,1,2,10.5,0.5
227861587,0.5,0.125,0.5,3,3,4,0.16666666666666666,0.75
227863185,21.9,0.6636363636363636,19.0,31,31,33,0.7064516129032258,0.9393939393939394
227863398,17.6,4.4,17.6,3,3,4,5.866666666666667,0.75
227901139,0.0,0.0,0.0,1,1,1,0.0,1.0
227929763,39.0,19.5,39.0,1,1,2,39.0,0.5
227936170,1.1,0.55,1.1,1,1,2,1.1,0.5
227940830,0.0,0.0,0.0,2,2,2,0.0,1.0
227944885,62.0,31.0,62.0,1,1,2,62.0,0.5
228033247,8.1,4.05,8.1,1,1,2,8.1,0.5
228039903,7.0,3.5,7.0,1,1,2,7.0,0.5
228043119,2.5,1.25,2.5,1,1,2,2.5,0.5
228045441,4.699999999999999,0.5874999999999999,4.1,5,5,8,0.9399999999999998,0.625
228063098,15.1,7.55,15.1,1,1,2,15.1,0.5
228147470,0.0,0.0,0.0,1,1,1,0.0,1.0
228170321,2.4,1.2,2.4,1,1,2,2.4,0.5
228207337,2.8,0.7,2.8,3,3,4,0.9333333333333332,0.75
228209477,15.6,7.8,15.6,1,1,2,15.6,0.5
228253535,0.9,0.45,0.9,1,1,2,0.9,0.5
228258798,2.7,1.35,2.7,1,1,2,2.7,0.5
228261210,16.9,4.225,14.4,2,2,4,8.45,0.5
228302915,33.3,4.1625,20.0,4,4,8,8.325,0.5
228314669,0.7,0.35,0.7,1,1,2,0.7,0.5
228320359,0.7,0.35,0.7,1,1,2,0.7,0.5
228343275,4.6,2.3,4.6,1,1,2,4.6,0.5
228347295,109.0,54.5,109.0,1,1,2,109.0,0.5
228412369,175.0,58.333333333333336,175.0,2,2,3,87.5,0.6666666666666666
228475217,0.5,0.25,0.5,1,1,2,0.5,0.5
228477426,0.0,0.0,0.0,2,2,2,0.0,1.0
228505777,14.4,7.2,14.4,1,1,2,14.4,0.5
228507886,6.5,3.25,6.5,1,1,2,6.5,0.5
228512803,0.9,0.45,0.9,1,1,2,0.9,0.5
228515687,15.3,7.65,15.3,1,1,2,15.3,0.5
228541607,6.8,3.4,6.8,1,1,2,6.8,0.5
228596299,0.6,0.3,0.6,1,1,2,0.6,0.5
228620097,39.0,19.5,39.0,1,1,2,39.0,0.5
228649481,110.2,3.1485714285714286,100.0,30,30,35,3.6733333333333333,0.8571428571428571
228706143,9.0,2.25,9.0,3,3,4,3.0,0.75
228733650,1.1,0.55,1.1,1,1,2,1.1,0.5
228766741,1.3,0.65,1.3,1,1,2,1.3,0.5
228826954,46.0,23.0,46.0,1,1,2,46.0,0.5
228865961,37.0,12.333333333333334,37.0,2,2,3,18.5,0.6666666666666666
228908339,553.0,36.86666666666667,419.0,8,8,15,69.125,0.5333333333333333
228912039,104.0,13.0,104.0,7,7,8,14.857142857142858,0.875
228918359,0.0,0.0,0.0,1,1,1,0.0,1.0
228919399,511.2,18.933333333333334,457.0,16,16,27,31.95,0.5925925925925926
228972514,2.5,1.25,2.5,1,1,2,2.5,0.5
229022162,5.3,1.7666666666666666,5.3,2,2,3,2.65,0.6666666666666666
229095219,1.7,0.85,1.7,1,1,2,1.7,0.5
229111581,59.5,9.916666666666666,59.0,3,3,6,19.833333333333332,0.5
229173482,9.5,1.9,9.4,3,3,5,3.1666666666666665,0.6
229179750,9.8,4.9,9.8,1,1,2,9.8,0.5
229203462,77.0,38.5,77.0,1,1,2,77.0,0.5
229229843,5.4,2.7,5.4,1,1,2,5.4,0.5
229285089,388.0,194.0,388.0,1,1,2,388.0,0.5
229312905,687.0,229.0,687.0,2,2,3,343.5,0.6666666666666666
229334262,2.8,1.4,2.8,1,1,2,2.8,0.5
229345947,0.0,0.0,0.0,1,1,1,0.0,1.0
229363165,86.0,28.666666666666668,86.0,2,2,3,43.0,0.6666666666666666
229375507,0.2,0.1,0.2,1,1,2,0.2,0.5
229405602,0.2,0.1,0.2,1,1,2,0.2,0.5
229459943,0.0,0.0,0.0,1,1,1,0.0,1.0
229465233,0.5,0.25,0.5,1,1,2,0.5,0.5
229467150,24.0,12.0,24.0,1,1,2,24.0,0.5
229516311,44.2,6.314285714285715,44.0,5,5,7,8.84,0.7142857142857143
229552037,0.0,0.0,0.0,3,3,3,0.0,1.0
229556803,24.2,2.1999999999999997,23.0,7,7,11,3.457142857142857,0.6363636363636364
229568457,0.2,0.1,0.2,1,1,2,0.2,0.5
229610569,217.6,54.4,213.0,2,2,4,108.8,0.5
229612766,0.0,0.0,0.0,1,1,1,0.0,1.0
229643946,0.6,0.3,0.6,1,1,2,0.6,0.5
229748951,7.5,2.5,7.5,2,2,3,3.75,0.6666666666666666
229791471,28.3,5.66,27.0,3,3,5,9.433333333333334,0.6
229794682,5.1,1.275,3.7,2,2,4,2.55,0.5
229822547,303.0,101.0,303.0,2,2,3,151.5,0.6666666666666666
229900582,0.0,0.0,0.0,1,1,1,0.0,1.0
229950378,0.0,0.0,0.0,1,1,1,0.0,1.0
229979974,1.4,0.7,1.4,1,1,2,1.4,0.5
230016618,28.0,9.333333333333334,28.0,2,2,3,14.0,0.6666666666666666
230028994,0.0,0.0,0.0,1,1,1,0.0,1.0
230031062,579.2,34.07058823529412,518.0,9,9,17,64.35555555555555,0.5294117647058824
230103206,0.8,0.4,0.8,1,1,2,0.8,0.5
230104818,0.3,0.15,0.3,1,1,2,0.3,0.5
230161291,1.2,0.6,1.2,1,1,2,1.2,0.5
230187829,436.0,218.0,436.0,1,1,2,436.0,0.5
230213922,1.1,0.3666666666666667,1.1,2,2,3,0.55,0.6666666666666666
230235878,1.8,0.36,1.8,4,4,5,0.45,0.8
230275942,341.0,170.5,341.0,1,1,2,341.0,0.5
230299466,1.4,0.4666666666666666,1.4,2,2,3,0.7,0.6666666666666666
230321601,3.8,1.9,3.8,1,1,2,3.8,0.5
230379327,8.8,2.2,8.8,3,3,4,2.9333333333333336,0.75
230382937,0.0,0.0,0.0,1,1,1,0.0,1.0
230386023,0.0,0.0,0.0,2,2,2,0.0,1.0
230399561,12.0,6.0,12.0,1,1,2,12.0,0.5
230404323,58.0,8.285714285714286,58.0,6,6,7,9.666666666666666,0.8571428571428571
230405922,0.9,0.45,0.9,1,1,2,0.9,0.5
230461442,0.0,0.0,0.0,2,2,2,0.0,1.0
230507451,294.0,49.0,294.0,5,5,6,58.8,0.8333333333333334
230572014,1018.2,42.425000000000004,845.0,16,16,24,63.6375,0.6666666666666666
230599183,2.3,1.15,2.3,1,1,2,2.3,0.5
230625129,5.1,2.55,5.1,1,1,2,5.1,0.5
230626371,1.2,0.6,1.2,1,1,2,1.2,0.5
230633575,344.0,28.666666666666668,334.0,8,8,12,43.0,0.6666666666666666
230640485,2.1,1.05,2.1,1,1,2,2.1,0.5
230739567,3.4,1.7,3.4,1,1,2,3.4,0.5
230799769,2.1,1.05,2.1,1,1,2,2.1,0.5
230913442,1.6,0.5333333333333333,1.6,2,2,3,0.8,0.6666666666666666
230924351,6.1,1.525,6.1,3,3,4,2.033333333333333,0.75
230944154,241.3,5.027083333333334,116.0,35,35,48,6.894285714285715,0.7291666666666666
230947875,13.0,6.5,13.0,1,1,2,13.0,0.5
230952269,2.0,0.5,1.9,2,2,4,1.0,0.5
230967602,76.0,4.222222222222222,76.0,17,17,18,4.470588235294118,0.9444444444444444
230971174,1.5,0.75,1.5,1,1,2,1.5,0.5
231009125,0.0,0.0,0.0,1,1,1,0.0,1.0
231026651,1326.5,30.147727272727273,511.0,23,23,44,57.67391304347826,0.5227272727272727
231029951,33.6,0.8842105263157896,8.0,22,22,38,1.5272727272727273,0.5789473684210527
231042734,2.2,0.08800000000000001,1.1,21,21,25,0.10476190476190476,0.84
231060378,489.2,37.63076923076923,311.0,7,7,13,69.88571428571429,0.5384615384615384
231089541,0.0,0.0,0.0,1,1,1,0.0,1.0
231098765,0.0,0.0,0.0,1,1,1,0.0,1.0
231103175,16.7,8.35,16.7,1,1,2,16.7,0.5
231122258,0.4,0.08,0.2,3,3,5,0.13333333333333333,0.6
231142279,2.3,1.15,2.3,1,1,2,2.3,0.5
231190223,0.5,0.25,0.5,1,1,2,0.5,0.5
231191282,93.0,18.6,93.0,4,4,5,23.25,0.8
231210957,25.0,12.5,25.0,1,1,2,25.0,0.5
231221037,190.0,95.0,190.0,1,1,2,190.0,0.5
231255153,115.5,5.021739130434782,76.0,12,12,23,9.625,0.5217391304347826
231283521,0.3,0.15,0.3,1,1,2,0.3,0.5
231310711,1.8,0.9,1.8,1,1,2,1.8,0.5
231317343,2.2,1.1,2.2,1,1,2,2.2,0.5
231333981,9.7,1.2125,7.3,4,4,8,2.425,0.5
231406506,949.0,474.5,949.0,1,1,2,949.0,0.5
231414706,3.9,1.95,3.9,1,1,2,3.9,0.5
231416829,48.3,1.1232558139534883,7.3,26,26,43,1.8576923076923075,0.6046511627906976
231420711,3.5,1.75,3.5,1,1,2,3.5,0.5
231443162,2.2,1.1,2.2,1,1,2,2.2,0.5
231450817,9.9,2.475,9.9,3,3,4,3.3000000000000003,0.75
231451737,122.0,61.0,122.0,1,1,2,122.0,0.5
231456970,1.2,0.12,1.2,9,9,10,0.13333333333333333,0.9
231469827,34.0,3.7777777777777777,34.0,8,8,9,4.25,0.8888888888888888
231472933,1.3,0.65,1.3,1,1,2,1.3,0.5
231493001,304.9,76.225,302.0,2,2,4,152.45,0.5
231498310,0.0,0.0,0.0,2,2,2,0.0,1.0
231505005,164.0,54.666666666666664,164.0,2,2,3,82.0,0.6666666666666666
231584646,0.7,0.35,0.7,1,1,2,0.7,0.5
231591025,0.6,0.3,0.6,1,1,2,0.6,0.5
231775334,0.1,0.05,0.1,1,1,2,0.1,0.5
231777525,18.7,9.35,18.7,1,1,2,18.7,0.5
231805700,75.0,12.5,75.0,5,5,6,15.0,0.8333333333333334
231808839,7.8999999999999995,1.1285714285714286,6.3,4,4,7,1.9749999999999999,0.5714285714285714
231852874,5.4,2.7,5.4,1,1,2,5.4,0.5
231914521,0.0,0.0,0.0,1,1,1,0.0,1.0
231945021,21.0,10.5,21.0,1,1,2,21.0,0.5
231947531,12.2,6.1,12.2,1,1,2,12.2,0.5
231958063,0.0,0.0,0.0,1,1,1,0.0,1.0
231959681,211.0,52.75,211.0,3,3,4,70.33333333333333,0.75
231964178,225.0,112.5,225.0,1,1,2,225.0,0.5
232021495,62.6,10.433333333333334,60.0,4,4,6,15.65,0.6666666666666666
232027326,0.0,0.0,0.0,1,1,1,0.0,1.0
232037254,0.1,0.05,0.1,1,1,2,0.1,0.5
232047954,519.6,51.96,508.0,7,7,10,74.22857142857143,0.7
232048969,118.5,29.625,118.0,2,2,4,59.25,0.5
232064401,4.5,2.25,4.5,1,1,2,4.5,0.5
232082615,249.0,62.25,249.0,3,3,4,83.0,0.75
232099107,75.0,37.5,75.0,1,1,2,75.0,0.5
232207754,386.2,55.17142857142857,386.0,5,5,7,77.24,0.7142857142857143
232257053,0.5,0.25,0.5,1,1,2,0.5,0.5
232357353,0.0,0.0,0.0,2,2,2,0.0,1.0
232457943,520.0,260.0,520.0,1,1,2,520.0,0.5
232463267,174.0,87.0,174.0,1,1,2,174.0,0.5
232477991,9.5,4.75,9.5,1,1,2,9.5,0.5
232517422,0.0,0.0,0.0,4,4,4,0.0,1.0
232534914,0.6,0.3,0.6,1,1,2,0.6,0.5
232557513,0.6,0.3,0.6,1,1,2,0.6,0.5
232593507,23.8,1.1333333333333333,21.0,17,17,21,1.4000000000000001,0.8095238095238095
232600639,0.6,0.3,0.6,1,1,2,0.6,0.5
232646553,0.0,0.0,0.0,1,1,1,0.0,1.0
232662797,2.0,0.5,1.7,2,2,4,1.0,0.5
232664241,0.3,0.15,0.3,1,1,2,0.3,0.5
232678951,1.7,0.425,1.5,2,2,4,0.85,0.5
232756470,0.0,0.0,0.0,8,8,8,0.0,1.0
232766649,161.6,40.4,161.0,2,2,4,80.8,0.5
232831378,0.0,0.0,0.0,1,1,1,0.0,1.0
232844363,0.0,0.0,0.0,2,2,2,0.0,1.0
232864591,0.4,0.03333333333333333,0.2,10,10,12,0.04,0.8333333333333334
232879561,33.7,3.37,16.0,5,5,10,6.74,0.5
232907046,645.0,26.875,452.0,20,20,24,32.25,0.8333333333333334
232947963,0.0,0.0,0.0,1,1,1,0.0,1.0
232948950,0.6,0.3,0.6,1,1,2,0.6,0.5
232959254,1.3,0.65,1.3,1,1,2,1.3,0.5
233000303,126.0,31.5,126.0,3,3,4,42.0,0.75
233013810,0.3,0.15,0.3,1,1,2,0.3,0.5
233043005,88.0,44.0,88.0,1,1,2,88.0,0.5
233069119,0.4,0.2,0.4,1,1,2,0.4,0.5
233088001,56.0,18.666666666666668,56.0,2,2,3,28.0,0.6666666666666666
233104650,273.0,136.5,273.0,1,1,2,273.0,0.5
233135465,3.8,1.9,3.8,1,1,2,3.8,0.5
233160273,148.4,18.55,129.0,4,4,8,37.1,0.5
233209749,7.5,1.5,7.4,3,3,5,2.5,0.6
233218574,0.6,0.3,0.6,1,1,2,0.6,0.5
233266997,231.0,77.0,231.0,2,2,3,115.5,0.6666666666666666
233269570,0.8,0.26666666666666666,0.8,2,2,3,0.4,0.6666666666666666
233269898,0.0,0.0,0.0,1,1,1,0.0,1.0
233277671,29.0,7.25,24.0,2,2,4,14.5,0.5
233278562,1.2,0.6,1.2,1,1,2,1.2,0.5
233285702,0.3,0.15,0.3,1,1,2,0.3,0.5
233316747,6.0,3.0,6.0,1,1,2,6.0,0.5
233352407,0.0,0.0,0.0,2,2,2,0.0,1.0
233397077,12.7,4.233333333333333,12.7,2,2,3,6.35,0.6666666666666666
233407123,4.7,0.5875,2.9,4,4,8,1.175,0.5
233407190,0.0,0.0,0.0,1,1,1,0.0,1.0
233408698,0.7,0.35,0.7,1,1,2,0.7,0.5
233421657,35.2,8.8,34.0,2,2,4,17.6,0.5
233424343,266.0,20.46153846153846,97.0,8,8,13,33.25,0.6153846153846154
233428283,0.8,0.4,0.8,1,1,2,0.8,0.5
233479846,83.1,11.87142857142857,62.0,4,4,7,20.775,0.5714285714285714
233532285,381.0,190.5,381.0,1,1,2,381.0,0.5
233558010,113.0,28.25,79.0,2,2,4,56.5,0.5
233566106,0.5,0.25,0.5,1,1,2,0.5,0.5
233568555,23.0,7.666666666666667,23.0,2,2,3,11.5,0.6666666666666666
233595859,52.0,17.333333333333332,52.0,2,2,3,26.0,0.6666666666666666
233637211,32.0,16.0,32.0,1,1,2,32.0,0.5
233648242,1.1,0.55,1.1,1,1,2,1.1,0.5
233659279,8.5,1.7,4.9,3,3,5,2.8333333333333335,0.6
233692859,495.0,165.0,495.0,2,2,3,247.5,0.6666666666666666
233695797,13.5,2.7,13.5,4,4,5,3.375,0.8
233726801,2.9,0.24166666666666667,2.9,11,11,12,0.2636363636363636,0.9166666666666666
233730505,3.0,1.5,3.0,1,1,2,3.0,0.5
233752770,0.0,0.0,0.0,1,1,1,0.0,1.0
233847882,1.7,0.85,1.7,1,1,2,1.7,0.5
233865573,0.9,0.45,0.9,1,1,2,0.9,0.5
233904235,16.5,2.0625,16.5,7,7,8,2.357142857142857,0.875
233983451,184.0,46.0,184.0,3,3,4,61.333333333333336,0.75
234017477,5.2,2.6,5.2,1,1,2,5.2,0.5
234024191,247.7,7.0771428571428565,204.0,22,22,35,11.259090909090908,0.6285714285714286
234041171,2.8,1.4,2.8,1,1,2,2.8,0.5
234064650,0.0,0.0,0.0,2,2,2,0.0,1.0
234100567,2.5,1.25,2.5,1,1,2,2.5,0.5
234108053,141.9,3.4609756097560975,65.0,28,28,41,5.067857142857143,0.6829268292682927
234112159,0.8,0.4,0.8,1,1,2,0.8,0.5
234114335,21.0,10.5,21.0,1,1,2,21.0,0.5
234150209,0.6,0.3,0.6,1,1,2,0.6,0.5
234190577,826.3,82.63,539.0,5,5,10,165.26,0.5
234262106,70.0,6.363636363636363,38.0,6,6,11,11.666666666666666,0.5454545454545454
234286554,0.4,0.05714285714285715,0.4,6,6,7,0.06666666666666667,0.8571428571428571
234292025,57.8,14.45,54.0,2,2,4,28.9,0.5
234298807,477.0,159.0,477.0,2,2,3,238.5,0.6666666666666666
234299035,20.0,10.0,20.0,1,1,2,20.0,0.5
234348805,126.5,11.5,61.0,6,6,11,21.083333333333332,0.5454545454545454
234360501,0.2,0.1,0.2,1,1,2,0.2,0.5
234446846,0.0,0.0,0.0,3,3,3,0.0,1.0
234446915,13.9,6.95,13.9,1,1,2,13.9,0.5
234449643,4.9,2.45,4.9,1,1,2,4.9,0.5
234455210,49.0,24.5,49.0,1,1,2,49.0,0.5
234459658,8.8,0.9777777777777779,6.9,6,6,9,1.4666666666666668,0.6666666666666666
234467038,38.5,6.416666666666667,33.0,3,3,6,12.833333333333334,0.5
234488787,34.9,1.9388888888888889,16.2,9,9,18,3.8777777777777778,0.5
234498398,105.3,2.507142857142857,73.0,25,25,42,4.212,0.5952380952380952
234514530,0.0,0.0,0.0,2,2,2,0.0,1.0
234522038,0.6,0.3,0.6,1,1,2,0.6,0.5
234526381,1.6,0.8,1.6,1,1,2,1.6,0.5
234539285,0.0,0.0,0.0,2,2,2,0.0,1.0
234555589,20.2,2.02,12.6,8,8,10,2.525,0.8
234559223,0.8,0.4,0.8,1,1,2,0.8,0.5
234621077,529.5,132.375,529.0,2,2,4,264.75,0.5
234684541,0.2,0.1,0.2,1,1,2,0.2,0.5
234749963,1193.0,119.3,769.0,7,7,10,170.42857142857142,0.7
234758647,0.8,0.13333333333333333,0.8,5,5,6,0.16,0.8333333333333334
234770287,48.0,24.0,48.0,1,1,2,48.0,0.5
234779342,1.0,0.5,1.0,1,1,2,1.0,0.5
234785523,7.4,3.7,7.4,1,1,2,7.4,0.5
234838943,36.0,18.0,36.0,1,1,2,36.0,0.5
234841918,0.0,0.0,0.0,1,1,1,0.0,1.0
234912279,2.3,1.15,2.3,1,1,2,2.3,0.5
234929278,882.5,58.833333333333336,780.0,11,11,15,80.22727272727273,0.7333333333333333
234931110,3.9,1.95,3.9,1,1,2,3.9,0.5
234940889,0.0,0.0,0.0,1,1,1,0.0,1.0
234941318,0.0,0.0,0.0,1,1,1,0.0,1.0
234950941,116.0,19.333333333333332,115.0,4,4,6,29.0,0.6666666666666666
234987725,2.6,1.3,2.6,1,1,2,2.6,0.5
235032362,2.0,1.0,2.0,1,1,2,2.0,0.5
235037893,145.3,36.325,145.0,2,2,4,72.65,0.5
235076531,0.0,0.0,0.0,2,2,2,0.0,1.0
235105105,0.6,0.3,0.6,1,1,2,0.6,0.5
235125671,42.0,21.0,42.0,1,1,2,42.0,0.5
235139665,27.4,5.4799999999999995,27.0,3,3,5,9.133333333333333,0.6
235185723,46.1,5.7625,17.2,4,4,8,11.525,0.5
235185786,1.5,0.75,1.5,1,1,2,1.5,0.5
235194002,2.6,1.3,2.6,1,1,2,2.6,0.5
235209794,0.0,0.0,0.0,11,11,11,0.0,1.0
235227013,6.2,3.1,6.2,1,1,2,6.2,0.5
235239851,3.0,0.42857142857142855,2.5,4,4,7,0.75,0.5714285714285714
235264279,0.0,0.0,0.0,3,3,3,0.0,1.0
235290543,219.8,54.95,205.0,2,2,4,109.9,0.5
235297215,0.2,0.1,0.2,1,1,2,0.2,0.5
235322374,0.6,0.3,0.6,1,1,2,0.6,0.5
235329083,0.0,0.0,0.0,1,1,1,0.0,1.0
235349841,4.4,2.2,4.4,1,1,2,4.4,0.5
235358002,91.0,45.5,91.0,1,1,2,91.0,0.5
235359505,361.0,180.5,361.0,1,1,2,361.0,0.5
235398879,0.0,0.0,0.0,3,3,3,0.0,1.0
235469862,0.4,0.2,0.4,1,1,2,0.4,0.5
235566877,0.0,0.0,0.0,1,1,1,0.0,1.0
235587689,0.2,0.05,0.2,3,3,4,0.06666666666666667,0.75
235625555,0.0,0.0,0.0,2,2,2,0.0,1.0
235648821,0.0,0.0,0.0,1,1,1,0.0,1.0
235658693,23.1,1.3588235294117648,21.0,15,15,17,1.54,0.8823529411764706
235689037,6.8999999999999995,1.7249999999999999,6.6,2,2,4,3.4499999999999997,0.5
235692659,422.1,5.481818181818182,152.0,45,45,77,9.38,0.5844155844155844
235712497,43.3,8.66,40.0,3,3,5,14.433333333333332,0.6
235723933,8.5,2.8333333333333335,8.5,2,2,3,4.25,0.6666666666666666
235758386,5.7,0.35625,3.9,9,9,16,0.6333333333333333,0.5625
235770634,39.0,19.5,39.0,1,1,2,39.0,0.5
235788745,12.2,1.1090909090909091,10.5,6,6,11,2.033333333333333,0.5454545454545454
235856211,2.8,1.4,2.8,1,1,2,2.8,0.5
235874009,2.7,0.54,2.7,4,4,5,0.675,0.8
235898222,191.0,63.666666666666664,191.0,2,2,3,95.5,0.6666666666666666
235901589,13.0,6.5,13.0,1,1,2,13.0,0.5
235946178,7.3,3.65,7.3,1,1,2,7.3,0.5
235986253,1.9,0.95,1.9,1,1,2,1.9,0.5
235996643,3.3,0.25384615384615383,2.5,9,9,13,0.36666666666666664,0.6923076923076923
236020018,110.0,55.0,110.0,1,1,2,110.0,0.5
236023531,125.0,62.5,125.0,1,1,2,125.0,0.5
236026990,81.0,40.5,81.0,1,1,2,81.0,0.5
236042442,9.5,0.8636363636363636,4.4,6,6,11,1.5833333333333333,0.5454545454545454
236054259,0.8,0.4,0.8,1,1,2,0.8,0.5
236068797,4.4,2.2,4.4,1,1,2,4.4,0.5
236078667,323.0,107.66666666666667,323.0,2,2,3,161.5,0.6666666666666666
236151749,12.1,4.033333333333333,12.1,2,2,3,6.05,0.6666666666666666
236160325,0.0,0.0,0.0,1,1,1,0.0,1.0
236182162,16.8,8.4,16.8,1,1,2,16.8,0.5
236188947,147.3,24.55,147.0,4,4,6,36.825,0.6666666666666666
236191066,0.1,0.05,0.1,1,1,2,0.1,0.5
236193671,0.0,0.0,0.0,1,1,1,0.0,1.0
236210195,76.0,19.0,76.0,3,3,4,25.333333333333332,0.75
236245395,1154.0,384.6666666666667,1154.0,2,2,3,577.0,0.6666666666666666
236282125,1.2,0.6,1.2,1,1,2,1.2,0.5
236370333,6.7,3.35,6.7,1,1,2,6.7,0.5
236374587,406.0,203.0,406.0,1,1,2,406.0,0.5
236394893,990.5,82.54166666666667,666.0,6,6,12,165.08333333333334,0.5
236419303,12.1,6.05,12.1,1,1,2,12.1,0.5
236427707,627.0,313.5,627.0,1,1,2,627.0,0.5
236434806,82.5,3.5869565217391304,48.0,12,12,23,6.875,0.5217391304347826
236466534,1.6,0.5333333333333333,1.6,2,2,3,0.8,0.6666666666666666
236470339,0.0,0.0,0.0,1,1,1,0.0,1.0
236476905,5.0,2.5,5.0,1,1,2,5.0,0.5
236496373,243.6,40.6,174.0,3,3,6,81.2,0.5
236537366,0.7,0.35,0.7,1,1,2,0.7,0.5
236541446,0.2,0.1,0.2,1,1,2,0.2,0.5
236557903,3.2,0.4571428571428572,2.0,4,4,7,0.8,0.5714285714285714
236596014,22.8,1.6285714285714286,10.3,8,8,14,2.85,0.5714285714285714
236715286,3.0,1.5,3.0,1,1,2,3.0,0.5
236721347,40.0,20.0,40.0,1,1,2,40.0,0.5
236727418,67.2,7.466666666666667,62.0,5,5,9,13.440000000000001,0.5555555555555556
236735185,2.7,1.35,2.7,1,1,2,2.7,0.5
236775073,1.6,0.4,0.8,2,2,4,0.8,0.5
236779629,14.7,7.35,14.7,1,1,2,14.7,0.5
236810183,0.0,0.0,0.0,3,3,3,0.0,1.0
236854541,16.2,5.3999999999999995,16.2,2,2,3,8.1,0.6666666666666666
236864282,1.1,0.22000000000000003,0.8,3,3,5,0.3666666666666667,0.6
236877694,2.2,1.1,2.2,1,1,2,2.2,0.5
236911498,33.0,16.5,33.0,1,1,2,33.0,0.5
236950689,1.1,0.275,1.1,3,3,4,0.3666666666666667,0.75
237012219,276.0,138.0,276.0,1,1,2,276.0,0.5
237022317,10.4,0.9454545454545454,10.4,10,10,11,1.04,0.9090909090909091
237036035,208.0,10.947368421052632,208.0,18,18,19,11.555555555555555,0.9473684210526315
237044358,54.1,3.606666666666667,40.0,8,8,15,6.7625,0.5333333333333333
237047627,0.7,0.2333333333333333,0.7,2,2,3,0.35,0.6666666666666666
237083653,0.7,0.35,0.7,1,1,2,0.7,0.5
237153647,26.0,13.0,26.0,1,1,2,26.0,0.5
237156166,64.0,10.666666666666666,64.0,5,5,6,12.8,0.8333333333333334
237159970,95.6,6.373333333333333,36.0,9,9,15,10.622222222222222,0.6
237173035,14.4,1.2,12.9,10,10,12,1.44,0.8333333333333334
237244349,145.4,3.92972972972973,72.0,21,21,37,6.923809523809524,0.5675675675675675
237275985,46.0,23.0,46.0,1,1,2,46.0,0.5
237281095,6.2,3.1,6.2,1,1,2,6.2,0.5
237298602,15.5,7.75,15.5,1,1,2,15.5,0.5
237354533,0.0,0.0,0.0,2,2,2,0.0,1.0
237388314,193.0,96.5,193.0,1,1,2,193.0,0.5
237390911,36.0,12.0,36.0,2,2,3,18.0,0.6666666666666666
237455225,0.0,0.0,0.0,1,1,1,0.0,1.0
237468202,0.7,0.35,0.7,1,1,2,0.7,0.5
237475162,1.0,0.2,0.8,3,3,5,0.3333333333333333,0.6
237525173,0.0,0.0,0.0,1,1,1,0.0,1.0
237554603,1.1,0.55,1.1,1,1,2,1.1,0.5
237566493,2.5,1.25,2.5,1,1,2,2.5,0.5
237578633,106.0,7.571428571428571,100.0,8,8,14,13.25,0.5714285714285714
237581229,1.7,0.5666666666666667,1.7,2,2,3,0.85,0.6666666666666666
237603863,9.5,4.75,9.5,1,1,2,9.5,0.5
237610173,22.3,4.46,17.1,3,3,5,7.433333333333334,0.6
237627929,0.8,0.26666666666666666,0.8,2,2,3,0.4,0.6666666666666666
237652003,6.5,3.25,6.5,1,1,2,6.5,0.5
237696689,0.4,0.2,0.4,1,1,2,0.4,0.5
237704094,168.6,9.366666666666667,109.0,10,10,18,16.86,0.5555555555555556
237704278,23.5,1.6785714285714286,14.2,10,10,14,2.35,0.7142857142857143
237721133,0.2,0.1,0.2,1,1,2,0.2,0.5
237724900,77.0,19.25,77.0,3,3,4,25.666666666666668,0.75
237784559,1.3,0.65,1.3,1,1,2,1.3,0.5
237789130,0.0,0.0,0.0,1,1,1,0.0,1.0
237789323,0.2,0.06666666666666667,0.2,2,2,3,0.1,0.6666666666666666
237799851,1.6,0.8,1.6,1,1,2,1.6,0.5
237810083,4.0,0.3333333333333333,3.2,9,9,12,0.4444444444444444,0.75
237826369,2.3,1.15,2.3,1,1,2,2.3,0.5
237848513,3.6,1.2,3.6,2,2,3,1.8,0.6666666666666666
237852834,1.3,0.43333333333333335,1.3,2,2,3,0.65,0.6666666666666666
237857246,16.3,2.716666666666667,16.1,4,4,6,4.075,0.6666666666666666
237879937,120.9,13.433333333333334,66.0,5,5,9,24.18,0.5555555555555556
237881427,1.2,0.19999999999999998,0.6,4,4,6,0.3,0.6666666666666666
237911985,0.6,0.3,0.6,1,1,2,0.6,0.5
237934674,0.4,0.2,0.4,1,1,2,0.4,0.5
237969678,712.0,142.4,712.0,4,4,5,178.0,0.8
238002125,1.7,0.5666666666666667,1.7,2,2,3,0.85,0.6666666666666666
238012371,1.0,0.2,0.9,3,3,5,0.3333333333333333,0.6
238013546,32.2,4.6000000000000005,28.0,5,5,7,6.44,0.7142857142857143
238016355,0.4,0.2,0.4,1,1,2,0.4,0.5
238048910,165.8,15.072727272727274,164.0,7,7,11,23.685714285714287,0.6363636363636364
238150726,5.2,2.6,5.2,1,1,2,5.2,0.5
238169854,470.7,58.8375,396.0,4,4,8,117.675,0.5
238220798,0.0,0.0,0.0,2,2,2,0.0,1.0
238282687,24.0,8.0,24.0,2,2,3,12.0,0.6666666666666666
238285173,0.5,0.25,0.5,1,1,2,0.5,0.5
238311629,8.2,0.911111111111111,6.8,5,5,9,1.64,0.5555555555555556
238378861,8.2,1.64,8.1,3,3,5,2.733333333333333,0.6
238390074,426.0,106.5,404.0,2,2,4,213.0,0.5
238392070,38.3,4.7875,34.0,6,6,8,6.383333333333333,0.75
238410719,4.0,0.8,2.2,3,3,5,1.3333333333333333,0.6
238411403,0.5,0.25,0.5,1,1,2,0.5,0.5
238411966,19.2,9.6,19.2,1,1,2,19.2,0.5
238451023,10.1,5.05,10.1,1,1,2,10.1,0.5
238466173,9.2,4.6,9.2,1,1,2,9.2,0.5
238481802,4.8,2.4,4.8,1,1,2,4.8,0.5
238511591,1.1,0.55,1.1,1,1,2,1.1,0.5
238516802,4.7,0.33571428571428574,3.0,10,10,14,0.47000000000000003,0.7142857142857143
238607775,1.7,0.85,1.7,1,1,2,1.7,0.5
238621950,0.0,0.0,0.0,5,5,5,0.0,1.0
238625455,8.7,4.35,8.7,1,1,2,8.7,0.5
238640566,4.7,2.35,4.7,1,1,2,4.7,0.5
238657001,0.4,0.2,0.4,1,1,2,0.4,0.5
238666183,0.0,0.0,0.0,1,1,1,0.0,1.0
238692899,0.4,0.13333333333333333,0.4,2,2,3,0.2,0.6666666666666666
238698018,1.2,0.6,1.2,1,1,2,1.2,0.5
238700575,23.9,0.7966666666666666,5.4,20,20,30,1.1949999999999998,0.6666666666666666
238727693,10.6,5.3,10.6,1,1,2,10.6,0.5
238733215,37.0,12.333333333333334,37.0,2,2,3,18.5,0.6666666666666666
238773402,49.5,4.95,33.0,5,5,10,9.9,0.5
238808025,4.1,0.5125,3.3,5,5,8,0.82,0.625
238821887,592.0,118.4,592.0,4,4,5,148.0,0.8
238830374,35.9,1.9944444444444445,18.6,14,14,18,2.564285714285714,0.7777777777777778
238836615,0.4,0.2,0.4,1,1,2,0.4,0.5
238858519,29.1,7.275,29.0,2,2,4,14.55,0.5
238891457,7.4,3.7,7.4,1,1,2,7.4,0.5
238933757,32.0,16.0,32.0,1,1,2,32.0,0.5
238959078,0.6,0.3,0.6,1,1,2,0.6,0.5
239004331,1.3,0.65,1.3,1,1,2,1.3,0.5
239007338,2.4,1.2,2.4,1,1,2,2.4,0.5
239021889,0.0,0.0,0.0,1,1,1,0.0,1.0
239031879,32.0,16.0,32.0,1,1,2,32.0,0.5
239045127,383.5,47.9375,206.0,5,5,8,76.7,0.625
239050395,138.7,19.814285714285713,113.0,4,4,7,34.675,0.5714285714285714
239061674,0.2,0.1,0.2,1,1,2,0.2,0.5
239076426,10.4,3.466666666666667,10.4,2,2,3,5.2,0.6666666666666666
239099727,0.4,0.2,0.4,1,1,2,0.4,0.5
239135689,102.0,20.4,102.0,4,4,5,25.5,0.8
239138885,7.4,3.7,7.4,1,1,2,7.4,0.5
239153407,1.0,0.5,1.0,1,1,2,1.0,0.5
239163602,277.1,46.18333333333334,277.0,4,4,6,69.275,0.6666666666666666
239181509,0.0,0.0,0.0,1,1,1,0.0,1.0
239211065,39.0,19.5,39.0,1,1,2,39.0,0.5
239214165,3.7,1.2333333333333334,3.7,2,2,3,1.85,0.6666666666666666
239235805,2.2,1.1,2.2,1,1,2,2.2,0.5
239260834,13.0,6.5,13.0,1,1,2,13.0,0.5
239296422,1.0,0.5,1.0,1,1,2,1.0,0.5
239299518,4.7,0.36153846153846153,3.6,11,11,13,0.4272727272727273,0.8461538461538461
239305859,104.0,52.0,104.0,1,1,2,104.0,0.5
239306186,3.0,1.5,3.0,1,1,2,3.0,0.5
239318205,0.2,0.1,0.2,1,1,2,0.2,0.5
239318685,1.0,0.5,1.0,1,1,2,1.0,0.5
239348249,0.0,0.0,0.0,1,1,1,0.0,1.0
239389313,8.2,4.1,8.2,1,1,2,8.2,0.5
239397486,29.0,14.5,29.0,1,1,2,29.0,0.5
239397807,0.4,0.2,0.4,1,1,2,0.4,0.5
239413586,377.7,6.626315789473684,153.0,42,42,57,8.992857142857142,0.7368421052631579
239433762,9.4,4.7,9.4,1,1,2,9.4,0.5
239444411,0.0,0.0,0.0,1,1,1,0.0,1.0
239449577,0.4,0.2,0.4,1,1,2,0.4,0.5
239478937,0.6,0.3,0.6,1,1,2,0.6,0.5
239488605,66.0,33.0,66.0,1,1,2,66.0,0.5
239497677,142.0,23.666666666666668,138.0,4,4,6,35.5,0.6666666666666666
239511574,61.7,3.85625,33.0,9,9,16,6.855555555555556,0.5625
239523326,0.0,0.0,0.0,3,3,3,0.0,1.0
239544929,0.1,0.0071428571428571435,0.1,13,13,14,0.007692307692307693,0.9285714285714286
239583217,1.1,0.55,1.1,1,1,2,1.1,0.5
239606395,0.1,0.05,0.1,1,1,2,0.1,0.5
239611310,261.0,87.0,261.0,2,2,3,130.5,0.6666666666666666
239646878,2.0,1.0,2.0,1,1,2,2.0,0.5
239659002,4.8,0.7999999999999999,3.3,3,3,6,1.5999999999999999,0.5
239661767,8.5,2.125,5.6,2,2,4,4.25,0.5
239735733,177.0,88.5,177.0,1,1,2,177.0,0.5
239744970,1.1,0.22000000000000003,0.7,3,3,5,0.3666666666666667,0.6
239779234,0.9,0.45,0.9,1,1,2,0.9,0.5
239785586,1.0,0.5,1.0,1,1,2,1.0,0.5
239791382,0.0,0.0,0.0,1,1,1,0.0,1.0
239794225,16.9,5.633333333333333,16.9,2,2,3,8.45,0.6666666666666666
239816635,37.3,6.216666666666666,34.0,3,3,6,12.433333333333332,0.5
239821411,121.0,60.5,121.0,1,1,2,121.0,0.5
239849113,0.7,0.35,0.7,1,1,2,0.7,0.5
239919157,8.3,0.6916666666666668,4.9,9,9,12,0.9222222222222223,0.75
239921853,0.0,0.0,0.0,6,6,6,0.0,1.0
239926593,5.3,2.65,5.3,1,1,2,5.3,0.5
239928300,100.2,16.7,94.0,3,3,6,33.4,0.5
239937501,0.5,0.25,0.5,1,1,2,0.5,0.5
240028845,621.0,155.25,621.0,3,3,4,207.0,0.75
240046261,26.0,13.0,26.0,1,1,2,26.0,0.5
240058387,0.0,0.0,0.0,1,1,1,0.0,1.0
240067479,6.9,3.45,6.9,1,1,2,6.9,0.5
240135073,0.7,0.35,0.7,1,1,2,0.7,0.5
240145967,1.3,0.1625,1.3,7,7,8,0.18571428571428572,0.875
240149426,0.3,0.15,0.3,1,1,2,0.3,0.5
240152561,1.7,0.5666666666666667,1.7,2,2,3,0.85,0.6666666666666666
240157419,0.3,0.15,0.3,1,1,2,0.3,0.5
240177990,0.0,0.0,0.0,2,2,2,0.0,1.0
240206639,112.0,56.0,112.0,1,1,2,112.0,0.5
240254341,16.6,8.3,16.6,1,1,2,16.6,0.5
240277855,3.9,1.95,3.9,1,1,2,3.9,0.5
240278903,0.7,0.35,0.7,1,1,2,0.7,0.5
240312742,17.1,8.55,17.1,1,1,2,17.1,0.5
240322275,12.3,6.15,12.3,1,1,2,12.3,0.5
240328249,115.6,19.266666666666666,115.0,3,3,6,38.53333333333333,0.5
240332107,0.5,0.05555555555555555,0.5,8,8,9,0.0625,0.8888888888888888
240368610,0.0,0.0,0.0,1,1,1,0.0,1.0
240382747,7.5,1.875,7.2,2,2,4,3.75,0.5
240400609,7.6,2.533333333333333,7.6,2,2,3,3.8,0.6666666666666666
240401181,16.700000000000003,4.175000000000001,11.3,2,2,4,8.350000000000001,0.5
240405101,92.8,2.6514285714285712,48.0,23,23,35,4.034782608695652,0.6571428571428571
240416489,6.4,1.28,3.5,3,3,5,2.1333333333333333,0.6
240429307,14.0,7.0,14.0,1,1,2,14.0,0.5
240448703,8.5,4.25,8.5,1,1,2,8.5,0.5
240476338,133.0,44.333333333333336,133.0,2,2,3,66.5,0.6666666666666666
240477898,6.0,1.5,4.4,2,2,4,3.0,0.5
240482294,1.5,0.25,1.5,5,5,6,0.3,0.8333333333333334
240497102,62.1,7.7625,55.0,5,5,8,12.42,0.625
240508393,62.0,31.0,62.0,1,1,2,62.0,0.5
240524467,184.0,92.0,184.0,1,1,2,184.0,0.5
240551525,155.1,4.308333333333334,31.0,21,21,36,7.385714285714285,0.5833333333333334
240563783,9.6,4.8,9.6,1,1,2,9.6,0.5
240671554,11.3,5.65,11.3,1,1,2,11.3,0.5
240697615,264.6,66.15,262.0,2,2,4,132.3,0.5
240704163,0.0,0.0,0.0,1,1,1,0.0,1.0
240749915,72.0,9.0,72.0,7,7,8,10.285714285714286,0.875
240805337,0.2,0.06666666666666667,0.2,2,2,3,0.1,0.6666666666666666
240810001,0.7,0.11666666666666665,0.7,5,5,6,0.13999999999999999,0.8333333333333334
240810622,12.0,1.5,12.0,7,7,8,1.7142857142857142,0.875
240820377,0.3,0.15,0.3,1,1,2,0.3,0.5
240832135,0.3,0.15,0.3,1,1,2,0.3,0.5
240835613,10.4,5.2,10.4,1,1,2,10.4,0.5
240933441,1.6,0.8,1.6,1,1,2,1.6,0.5
240948167,310.2,44.31428571428571,310.0,5,5,7,62.04,0.7142857142857143
240955030,4.2,2.1,4.2,1,1,2,4.2,0.5
240957458,0.0,0.0,0.0,1,1,1,0.0,1.0
240964291,719.0,239.66666666666666,719.0,2,2,3,359.5,0.6666666666666666
240981203,0.0,0.0,0.0,1,1,1,0.0,1.0
240984833,0.9,0.45,0.9,1,1,2,0.9,0.5
241004229,21.6,3.085714285714286,12.7,5,5,7,4.32,0.7142857142857143
241048953,9.3,4.65,9.3,1,1,2,9.3,0.5
241065891,1.4,0.7,1.4,1,1,2,1.4,0.5
241078577,18.3,9.15,18.3,1,1,2,18.3,0.5
241091767,1.8,0.3,1.8,5,5,6,0.36,0.8333333333333334
241132553,440.0,220.0,440.0,1,1,2,440.0,0.5
241134815,290.6,72.65,290.0,2,2,4,145.3,0.5
241141429,7.3,1.2166666666666666,6.2,3,3,6,2.433333333333333,0.5
241186290,0.2,0.1,0.2,1,1,2,0.2,0.5
241200505,0.4,0.13333333333333333,0.4,2,2,3,0.2,0.6666666666666666
241206497,17.3,8.65,17.3,1,1,2,17.3,0.5
241208825,331.0,165.5,331.0,1,1,2,331.0,0.5
241210827,344.0,20.235294117647058,203.0,9,9,17,38.22222222222222,0.5294117647058824
241217182,0.4,0.05714285714285715,0.2,5,5,7,0.08,0.7142857142857143
241230534,8.9,1.1125,6.4,4,4,8,2.225,0.5
241289025,0.5,0.25,0.5,1,1,2,0.5,0.5
241292839,2.9,1.45,2.9,1,1,2,2.9,0.5
241303303,0.3,0.09999999999999999,0.3,2,2,3,0.15,0.6666666666666666
241348923,0.6,0.3,0.6,1,1,2,0.6,0.5
241357186,61.0,15.25,49.0,2,2,4,30.5,0.5
241410229,0.0,0.0,0.0,2,2,2,0.0,1.0
241424434,24.0,4.0,24.0,5,5,6,4.8,0.8333333333333334
241462110,3.3,1.65,3.3,1,1,2,3.3,0.5
241465305,62.0,31.0,62.0,1,1,2,62.0,0.5
241514787,1.9,0.38,1.9,4,4,5,0.475,0.8
241524841,27.0,2.4545454545454546,27.0,10,10,11,2.7,0.9090909090909091
241564427,0.0,0.0,0.0,1,1,1,0.0,1.0
241568417,1.0,0.5,1.0,1,1,2,1.0,0.5
241603501,4.0,2.0,4.0,1,1,2,4.0,0.5
241606246,333.0,111.0,333.0,2,2,3,166.5,0.6666666666666666
241626039,20.7,5.175,17.3,2,2,4,10.35,0.5
241636947,1.8,0.9,1.8,1,1,2,1.8,0.5
241645675,4.1,0.5125,3.9,6,6,8,0.6833333333333332,0.75
241655996,0.0,0.0,0.0,1,1,1,0.0,1.0
241671581,99.0,24.75,99.0,3,3,4,33.0,0.75
241725931,16.3,1.2538461538461538,8.1,9,9,13,1.8111111111111111,0.6923076923076923
241742834,5.2,1.3,4.3,2,2,4,2.6,0.5
241770928,65.0,10.833333333333334,65.0,5,5,6,13.0,0.8333333333333334
241776037,42.6,3.276923076923077,20.0,8,8,13,5.325,0.6153846153846154
241830955,10.6,5.3,10.6,1,1,2,10.6,0.5
241834303,1.0,0.5,1.0,1,1,2,1.0,0.5
241842320,456.0,228.0,456.0,1,1,2,456.0,0.5
241862248,1014.5,24.74390243902439,399.0,24,24,41,42.270833333333336,0.5853658536585366
241890870,1.3,0.43333333333333335,1.3,2,2,3,0.65,0.6666666666666666
241891753,243.8,40.63333333333333,144.0,3,3,6,81.26666666666667,0.5
241903800,399.7,23.511764705882353,386.0,10,10,17,39.97,0.5882352941176471
241912957,0.3,0.09999999999999999,0.3,2,2,3,0.15,0.6666666666666666
241916029,13.6,6.8,13.6,1,1,2,13.6,0.5
241929529,284.0,142.0,284.0,1,1,2,284.0,0.5
241988111,0.0,0.0,0.0,1,1,1,0.0,1.0
241998525,0.0,0.0,0.0,1,1,1,0.0,1.0
242013874,9.3,4.65,9.3,1,1,2,9.3,0.5
242039522,20.0,2.857142857142857,20.0,6,6,7,3.3333333333333335,0.8571428571428571
242046461,142.0,71.0,142.0,1,1,2,142.0,0.5
242051423,3.0,1.5,3.0,1,1,2,3.0,0.5
242052237,1.6,0.4,1.6,3,3,4,0.5333333333333333,0.75
242059457,5.5,2.75,5.5,1,1,2,5.5,0.5
242065029,327.0,163.5,327.0,1,1,2,327.0,0.5
242065391,2.2,1.1,2.2,1,1,2,2.2,0.5
242094123,7.4,3.7,7.4,1,1,2,7.4,0.5
242112520,0.0,0.0,0.0,8,8,8,0.0,1.0
242122348,0.0,0.0,0.0,4,4,4,0.0,1.0
242136569,0.4,0.2,0.4,1,1,2,0.4,0.5
242199141,0.0,0.0,0.0,4,4,4,0.0,1.0
242200471,171.0,34.2,171.0,4,4,5,42.75,0.8
242207850,5.0,2.5,5.0,1,1,2,5.0,0.5
242212974,3.0999999999999996,0.7749999999999999,2.4,2,2,4,1.5499999999999998,0.5
242233654,1.3,0.65,1.3,1,1,2,1.3,0.5
242242432,392.2,14.525925925925925,328.0,16,16,27,24.5125,0.5925925925925926
242250632,2.5,1.25,2.5,1,1,2,2.5,0.5
242267002,1.9,0.95,1.9,1,1,2,1.9,0.5
242287908,1.4,0.7,1.4,1,1,2,1.4,0.5
242296105,1.8,0.36,1.1,3,3,5,0.6,0.6
242300881,0.3,0.15,0.3,1,1,2,0.3,0.5
242309800,7.7,3.85,7.7,1,1,2,7.7,0.5
242325247,8.9,1.78,8.4,3,3,5,2.966666666666667,0.6
242343035,0.9,0.45,0.9,1,1,2,0.9,0.5
242345802,3.1,1.0333333333333334,3.1,2,2,3,1.55,0.6666666666666666
242349023,56.0,14.0,56.0,3,3,4,18.666666666666668,0.75
242351732,0.4,0.2,0.4,1,1,2,0.4,0.5
242378304,44.0,22.0,44.0,1,1,2,44.0,0.5
242412972,7.8,1.95,7.5,2,2,4,3.9,0.5
242421974,0.0,0.0,0.0,9,9,9,0.0,1.0
242469861,0.1,0.0125,0.1,7,7,8,0.014285714285714287,0.875
242471645,6.2,2.066666666666667,6.2,2,2,3,3.1,0.6666666666666666
242473079,0.5,0.16666666666666666,0.5,2,2,3,0.25,0.6666666666666666
242477922,0.0,0.0,0.0,3,3,3,0.0,1.0
242493288,2.5,1.25,2.5,1,1,2,2.5,0.5
242497886,5.6,1.8666666666666665,5.6,2,2,3,2.8,0.6666666666666666
242506053,1.0,0.5,1.0,1,1,2,1.0,0.5
242515341,418.2,59.74285714285714,418.0,5,5,7,83.64,0.7142857142857143
242523654,70.0,1.8918918918918919,27.0,23,23,37,3.0434782608695654,0.6216216216216216
242547207,4.2,2.1,4.2,1,1,2,4.2,0.5
242549338,107.1,9.736363636363636,105.0,7,7,11,15.299999999999999,0.6363636363636364
242572214,216.5,24.055555555555557,152.0,5,5,9,43.3,0.5555555555555556
242632396,1.2,0.6,1.2,1,1,2,1.2,0.5
242639921,3.0,1.5,3.0,1,1,2,3.0,0.5
242694628,18.9,1.3499999999999999,15.2,10,10,14,1.89,0.7142857142857143
242713376,0.2,0.1,0.2,1,1,2,0.2,0.5
242729494,0.0,0.0,0.0,1,1,1,0.0,1.0
242732085,4.0,0.6666666666666666,4.0,5,5,6,0.8,0.8333333333333334
242749386,14.8,2.466666666666667,12.4,3,3,6,4.933333333333334,0.5
242781058,88.4,1.7000000000000002,54.0,35,35,52,2.525714285714286,0.6730769230769231
242782489,8.399999999999999,2.0999999999999996,8.2,2,2,4,4.199999999999999,0.5
242803837,1.0,0.5,1.0,1,1,2,1.0,0.5
242815838,73.0,24.333333333333332,73.0,2,2,3,36.5,0.6666666666666666
242819393,15.4,3.85,12.9,2,2,4,7.7,0.5
242836440,17.0,8.5,17.0,1,1,2,17.0,0.5
242856576,203.0,101.5,203.0,1,1,2,203.0,0.5
242860986,1.8,0.45,1.8,3,3,4,0.6,0.75
242866088,4.7,2.35,4.7,1,1,2,4.7,0.5
242866563,0.6,0.3,0.6,1,1,2,0.6,0.5
242875877,0.6,0.3,0.6,1,1,2,0.6,0.5
242876828,38.0,2.923076923076923,13.0,7,7,13,5.428571428571429,0.5384615384615384
242886720,8.8,0.8,6.9,8,8,11,1.1,0.7272727272727273
242896221,3.0,1.5,3.0,1,1,2,3.0,0.5
242914933,16.5,5.5,16.5,2,2,3,8.25,0.6666666666666666
242935099,2.6999999999999997,0.33749999999999997,1.7,5,5,8,0.5399999999999999,0.625
242937979,241.7,4.73921568627451,146.0,31,31,51,7.796774193548386,0.6078431372549019
242973261,8.3,4.15,8.3,1,1,2,8.3,0.5
242982357,199.0,99.5,199.0,1,1,2,199.0,0.5
242985754,2.6,0.43333333333333335,2.6,5,5,6,0.52,0.8333333333333334
242988245,11.5,5.75,11.5,1,1,2,11.5,0.5
243008978,15.5,5.166666666666667,15.5,2,2,3,7.75,0.6666666666666666
243020996,429.3,26.83125,372.0,11,11,16,39.02727272727273,0.6875
243036117,0.0,0.0,0.0,3,3,3,0.0,1.0
243053090,0.0,0.0,0.0,32,32,32,0.0,1.0
243065024,212.5,35.416666666666664,201.0,4,4,6,53.125,0.6666666666666666
243077634,18.8,3.1333333333333333,10.3,3,3,6,6.266666666666667,0.5
243082157,0.0,0.0,0.0,1,1,1,0.0,1.0
243141191,202.8,18.436363636363637,188.0,6,6,11,33.800000000000004,0.5454545454545454
243306369,240.0,120.0,240.0,1,1,2,240.0,0.5
243309251,21.6,3.6,18.8,3,3,6,7.2,0.5
243321952,2.4,1.2,2.4,1,1,2,2.4,0.5
243324816,0.9,0.45,0.9,1,1,2,0.9,0.5
243398647,1.8,0.9,1.8,1,1,2,1.8,0.5
243428923,0.3,0.075,0.3,3,3,4,0.09999999999999999,0.75
243429504,12.1,4.033333333333333,12.1,2,2,3,6.05,0.6666666666666666
243440565,42.5,10.625,42.0,2,2,4,21.25,0.5
243443919,13.9,6.95,13.9,1,1,2,13.9,0.5
243520161,8.3,4.15,8.3,1,1,2,8.3,0.5
243522372,17.1,2.85,9.3,3,3,6,5.7,0.5
243532285,0.4,0.2,0.4,1,1,2,0.4,0.5
243536793,1.0,0.2,0.5,3,3,5,0.3333333333333333,0.6
243540632,12.0,6.0,12.0,1,1,2,12.0,0.5
243559317,1.0,0.5,1.0,1,1,2,1.0,0.5
243572743,333.1,83.275,331.0,2,2,4,166.55,0.5
243587325,0.6,0.19999999999999998,0.6,2,2,3,0.3,0.6666666666666666
243627451,0.7,0.11666666666666665,0.5,3,3,6,0.2333333333333333,0.5
243664576,388.5,2.245664739884393,55.0,113,113,173,3.438053097345133,0.653179190751445
243711507,372.0,93.0,372.0,3,3,4,124.0,0.75
243712157,7.3,3.65,7.3,1,1,2,7.3,0.5
243767019,2.6,1.3,2.6,1,1,2,2.6,0.5
243778123,0.0,0.0,0.0,1,1,1,0.0,1.0
243783947,0.2,0.1,0.2,1,1,2,0.2,0.5
243801291,1.7999999999999998,0.22499999999999998,1.4,5,5,8,0.36,0.625
243808511,54.6,7.8,50.0,4,4,7,13.65,0.5714285714285714
243808569,27.4,1.957142857142857,25.0,11,11,14,2.4909090909090907,0.7857142857142857
243816387,14.1,2.0142857142857142,8.1,4,4,7,3.525,0.5714285714285714
243905347,0.0,0.0,0.0,2,2,2,0.0,1.0
243921660,928.3,185.66,927.0,3,3,5,309.43333333333334,0.6
243964103,2.3,1.15,2.3,1,1,2,2.3,0.5
243967067,0.2,0.1,0.2,1,1,2,0.2,0.5
243998409,0.7,0.35,0.7,1,1,2,0.7,0.5
244030924,0.7,0.35,0.7,1,1,2,0.7,0.5
244035163,0.2,0.1,0.2,1,1,2,0.2,0.5
244069576,6.8,3.4,6.8,1,1,2,6.8,0.5
244100151,3.2,1.6,3.2,1,1,2,3.2,0.5
244139284,0.0,0.0,0.0,2,2,2,0.0,1.0
244156828,0.0,0.0,0.0,1,1,1,0.0,1.0
244163929,122.0,11.090909090909092,122.0,10,10,11,12.2,0.9090909090909091
244184827,3.0,1.5,3.0,1,1,2,3.0,0.5
244193381,0.4,0.2,0.4,1,1,2,0.4,0.5
244266460,0.0,0.0,0.0,2,2,2,0.0,1.0
244269423,1.2,0.6,1.2,1,1,2,1.2,0.5
244273527,0.0,0.0,0.0,1,1,1,0.0,1.0
244290943,236.2,5.904999999999999,125.0,21,21,40,11.247619047619047,0.525
244293895,3.2,1.6,3.2,1,1,2,3.2,0.5
244294064,5.6000000000000005,0.7000000000000001,3.1,4,4,8,1.4000000000000001,0.5
244314033,0.0,0.0,0.0,1,1,1,0.0,1.0
244335912,558.5,34.90625,474.0,9,9,16,62.05555555555556,0.5625
244376049,477.0,238.5,477.0,1,1,2,477.0,0.5
244389644,0.0,0.0,0.0,1,1,1,0.0,1.0
244441983,0.3,0.09999999999999999,0.3,2,2,3,0.15,0.6666666666666666
244445520,44.6,1.311764705882353,19.0,20,20,34,2.23,0.5882352941176471
244480793,2.6,1.3,2.6,1,1,2,2.6,0.5
244485884,18.8,2.685714285714286,17.8,5,5,7,3.7600000000000002,0.7142857142857143
244491524,0.3,0.15,0.3,1,1,2,0.3,0.5
244495573,24.0,2.6666666666666665,24.0,8,8,9,3.0,0.8888888888888888
244520683,3.8,1.9,3.8,1,1,2,3.8,0.5
244532668,0.2,0.1,0.2,1,1,2,0.2,0.5
244540977,0.2,0.1,0.2,1,1,2,0.2,0.5
244563268,132.0,66.0,132.0,1,1,2,132.0,0.5
244615705,10.5,5.25,10.5,1,1,2,10.5,0.5
244648789,235.0,58.75,205.0,2,2,4,117.5,0.5
244650573,0.0,0.0,0.0,2,2,2,0.0,1.0
244706504,247.0,123.5,247.0,1,1,2,247.0,0.5
244722763,0.2,0.06666666666666667,0.2,2,2,3,0.1,0.6666666666666666
244743801,0.8,0.4,0.8,1,1,2,0.8,0.5
244758115,5.8,2.9,5.8,1,1,2,5.8,0.5
244789964,10.7,0.823076923076923,8.7,7,7,13,1.5285714285714285,0.5384615384615384
244823619,0.0,0.0,0.0,10,10,10,0.0,1.0
244844115,0.2,0.1,0.2,1,1,2,0.2,0.5
244847464,1.8,0.9,1.8,1,1,2,1.8,0.5
244855763,0.6,0.3,0.6,1,1,2,0.6,0.5
244866157,0.0,0.0,0.0,1,1,1,0.0,1.0
244878837,4.0,2.0,4.0,1,1,2,4.0,0.5
244907939,0.0,0.0,0.0,1,1,1,0.0,1.0
244908996,5.1,1.275,5.1,3,3,4,1.7,0.75
244936819,2.0,1.0,2.0,1,1,2,2.0,0.5
244992231,128.0,64.0,128.0,1,1,2,128.0,0.5
245005581,13.9,6.95,13.9,1,1,2,13.9,0.5
245023643,0.3,0.09999999999999999,0.3,2,2,3,0.15,0.6666666666666666
245043777,0.0,0.0,0.0,6,6,6,0.0,1.0
245046657,1.4,0.7,1.4,1,1,2,1.4,0.5
245052241,1.1,0.55,1.1,1,1,2,1.1,0.5
245057860,32.4,8.1,32.0,2,2,4,16.2,0.5
245064847,11.6,3.8666666666666667,11.6,2,2,3,5.8,0.6666666666666666
245078207,2.7,0.1125,1.4,22,22,24,0.12272727272727274,0.9166666666666666
245134112,45.6,11.4,43.0,2,2,4,22.8,0.5
245168247,2.7,1.35,2.7,1,1,2,2.7,0.5
245220208,366.0,45.75,263.0,6,6,8,61.0,0.75
245255545,51.0,5.666666666666667,51.0,8,8,9,6.375,0.8888888888888888
245304695,1.9,0.6333333333333333,1.9,2,2,3,0.95,0.6666666666666666
245306716,7.7,3.85,7.7,1,1,2,7.7,0.5
245314153,605.6,7.20952380952381,285.0,47,47,84,12.885106382978725,0.5595238095238095
245323483,0.1,0.05,0.1,1,1,2,0.1,0.5
245342503,0.2,0.028571428571428574,0.2,6,6,7,0.03333333333333333,0.8571428571428571
245350724,345.0,172.5,345.0,1,1,2,345.0,0.5
245352892,30.0,7.5,30.0,3,3,4,10.0,0.75
245353969,1.3,0.65,1.3,1,1,2,1.3,0.5
245390247,2.7,1.35,2.7,1,1,2,2.7,0.5
245422124,16.1,3.22,12.4,3,3,5,5.366666666666667,0.6
245432485,7.4,3.7,7.4,1,1,2,7.4,0.5
245434963,0.0,0.0,0.0,1,1,1,0.0,1.0
245438935,37.8,9.45,37.0,2,2,4,18.9,0.5
245445357,15.1,2.5166666666666666,13.7,3,3,6,5.033333333333333,0.5
245504972,8.3,4.15,8.3,1,1,2,8.3,0.5
245530835,8.9,4.45,8.9,1,1,2,8.9,0.5
245540103,0.3,0.15,0.3,1,1,2,0.3,0.5
245540957,0.0,0.0,0.0,5,5,5,0.0,1.0
245560908,38.0,19.0,38.0,1,1,2,38.0,0.5
245570449,0.6,0.3,0.6,1,1,2,0.6,0.5
245583676,2.7,1.35,2.7,1,1,2,2.7,0.5
245587117,72.0,36.0,72.0,1,1,2,72.0,0.5
245621941,106.0,10.6,80.0,5,5,10,21.2,0.5
245681889,145.7,3.167391304347826,141.0,38,38,46,3.8342105263157893,0.8260869565217391
245704809,1.9000000000000001,0.21111111111111114,1.1,6,6,9,0.3166666666666667,0.6666666666666666
245708711,64.0,5.818181818181818,43.0,9,9,11,7.111111111111111,0.8181818181818182
245744104,0.0,0.0,0.0,1,1,1,0.0,1.0
245767059,0.0,0.0,0.0,2,2,2,0.0,1.0
245775672,5.7,2.85,5.7,1,1,2,5.7,0.5
245816621,9.7,4.85,9.7,1,1,2,9.7,0.5
245839900,3.4,1.1333333333333333,3.4,2,2,3,1.7,0.6666666666666666
245844624,0.8,0.4,0.8,1,1,2,0.8,0.5
245845321,0.8,0.1142857142857143,0.8,6,6,7,0.13333333333333333,0.8571428571428571
245859173,162.0,4.153846153846154,65.0,21,21,39,7.714285714285714,0.5384615384615384
245863248,605.3,20.176666666666666,545.0,20,20,30,30.264999999999997,0.6666666666666666
245874516,20.0,3.3333333333333335,20.0,5,5,6,4.0,0.8333333333333334
245910880,16.4,8.2,16.4,1,1,2,16.4,0.5
245978768,0.3,0.15,0.3,1,1,2,0.3,0.5
246056879,3.4,0.85,3.4,3,3,4,1.1333333333333333,0.75
246103765,22.0,5.5,21.0,2,2,4,11.0,0.5
246116211,50.0,25.0,50.0,1,1,2,50.0,0.5
246154528,1.0,0.5,1.0,1,1,2,1.0,0.5
246169824,0.0,0.0,0.0,1,1,1,0.0,1.0
246210997,0.0,0.0,0.0,4,4,4,0.0,1.0
246224505,22.0,11.0,22.0,1,1,2,22.0,0.5
246241028,149.0,12.416666666666666,149.0,11,11,12,13.545454545454545,0.9166666666666666
246258933,60.199999999999996,2.7363636363636363,37.0,14,14,22,4.3,0.6363636363636364
246303844,5.0,2.5,5.0,1,1,2,5.0,0.5
246319849,273.6,68.4,267.0,2,2,4,136.8,0.5
246332545,1.3,0.65,1.3,1,1,2,1.3,0.5
246342023,4.7,2.35,4.7,1,1,2,4.7,0.5
246357409,14.4,7.2,14.4,1,1,2,14.4,0.5
246360888,0.0,0.0,0.0,1,1,1,0.0,1.0
246386712,0.0,0.0,0.0,1,1,1,0.0,1.0
246439849,159.8,1.4017543859649124,148.0,109,109,114,1.4660550458715598,0.956140350877193
246452376,53.8,8.966666666666667,45.0,4,4,6,13.45,0.6666666666666666
246453577,1.8,0.9,1.8,1,1,2,1.8,0.5
246456527,20.2,3.3666666666666667,10.7,3,3,6,6.733333333333333,0.5
246461215,132.0,66.0,132.0,1,1,2,132.0,0.5
246471439,500.0,250.0,500.0,1,1,2,500.0,0.5
246481939,0.3,0.15,0.3,1,1,2,0.3,0.5
246620676,0.0,0.0,0.0,3,3,3,0.0,1.0
246626691,2.2,0.44000000000000006,2.2,4,4,5,0.55,0.8
246627895,10.8,1.2000000000000002,10.8,8,8,9,1.35,0.8888888888888888
246650796,7.9,3.95,7.9,1,1,2,7.9,0.5
246660193,0.2,0.1,0.2,1,1,2,0.2,0.5
246675065,12.1,6.05,12.1,1,1,2,12.1,0.5
246688925,61.0,30.5,61.0,1,1,2,61.0,0.5
246730947,0.0,0.0,0.0,1,1,1,0.0,1.0
246733980,0.0,0.0,0.0,1,1,1,0.0,1.0
246753573,0.8,0.26666666666666666,0.8,2,2,3,0.4,0.6666666666666666
246754757,0.5,0.16666666666666666,0.5,2,2,3,0.25,0.6666666666666666
246802497,0.0,0.0,0.0,1,1,1,0.0,1.0
246819283,0.8,0.4,0.8,1,1,2,0.8,0.5
246839897,7.8,2.6,7.8,2,2,3,3.9,0.6666666666666666
246883819,0.7,0.175,0.7,3,3,4,0.2333333333333333,0.75
246892835,2.8,0.4666666666666666,2.3,3,3,6,0.9333333333333332,0.5
246908963,8.5,1.2142857142857142,4.8,5,5,7,1.7,0.7142857142857143
246925775,1.0,0.3333333333333333,1.0,2,2,3,0.5,0.6666666666666666
246949212,24.0,8.0,24.0,2,2,3,12.0,0.6666666666666666
246969153,2.5,1.25,2.5,1,1,2,2.5,0.5
246970452,0.2,0.1,0.2,1,1,2,0.2,0.5
247003548,150.4,37.6,135.0,2,2,4,75.2,0.5
247018069,0.0,0.0,0.0,1,1,1,0.0,1.0
247032504,50.3,5.588888888888889,49.0,5,5,9,10.059999999999999,0.5555555555555556
247042500,64.0,21.333333333333332,64.0,2,2,3,32.0,0.6666666666666666
247050395,0.1,0.05,0.1,1,1,2,0.1,0.5
247065555,28.5,1.78125,22.0,9,9,16,3.1666666666666665,0.5625
247136904,1.4,0.7,1.4,1,1,2,1.4,0.5
247137761,0.0,0.0,0.0,1,1,1,0.0,1.0
247160953,1.9,0.95,1.9,1,1,2,1.9,0.5
247187340,0.0,0.0,0.0,1,1,1,0.0,1.0
247195205,129.2,14.355555555555554,107.0,5,5,9,25.839999999999996,0.5555555555555556
247219864,61.0,30.5,61.0,1,1,2,61.0,0.5
247313879,133.4,2.9644444444444447,30.0,35,35,45,3.8114285714285714,0.7777777777777778
247336676,1.0,0.2,1.0,4,4,5,0.25,0.8
247443969,32.1,3.566666666666667,30.0,5,5,9,6.42,0.5555555555555556
247464119,23.0,11.5,23.0,1,1,2,23.0,0.5
247466533,0.7,0.35,0.7,1,1,2,0.7,0.5
247501675,0.0,0.0,0.0,2,2,2,0.0,1.0
247521204,22.0,11.0,22.0,1,1,2,22.0,0.5
247531299,2.8,1.4,2.8,1,1,2,2.8,0.5
247544697,9.3,4.65,9.3,1,1,2,9.3,0.5
247669967,0.6,0.3,0.6,1,1,2,0.6,0.5
247673871,0.3,0.15,0.3,1,1,2,0.3,0.5
247686933,23.0,4.6,15.6,3,3,5,7.666666666666667,0.6
247741393,67.0,33.5,67.0,1,1,2,67.0,0.5
247781557,1.7,0.85,1.7,1,1,2,1.7,0.5
247822385,0.2,0.1,0.2,1,1,2,0.2,0.5
247828143,2.7,1.35,2.7,1,1,2,2.7,0.5
247853623,92.0,7.076923076923077,92.0,12,12,13,7.666666666666667,0.9230769230769231
247858756,1.3,0.21666666666666667,1.3,5,5,6,0.26,0.8333333333333334
247871700,36.0,9.0,36.0,3,3,4,12.0,0.75
247884568,0.4,0.2,0.4,1,1,2,0.4,0.5
247887213,59.3,8.471428571428572,58.0,5,5,7,11.86,0.7142857142857143
247891137,5.4,1.8,5.4,2,2,3,2.7,0.6666666666666666
247912887,212.8,5.32,60.0,23,23,40,9.252173913043478,0.575
247937621,0.3,0.075,0.3,3,3,4,0.09999999999999999,0.75
247951379,107.0,53.5,107.0,1,1,2,107.0,0.5
248009721,59.0,29.5,59.0,1,1,2,59.0,0.5
248028481,0.6,0.3,0.6,1,1,2,0.6,0.5
248040416,0.0,0.0,0.0,32,32,32,0.0,1.0
248056920,2.0,1.0,2.0,1,1,2,2.0,0.5
248076396,15.8,0.9875,15.8,15,15,16,1.0533333333333335,0.9375
248155783,2.8,1.4,2.8,1,1,2,2.8,0.5
248200343,161.0,80.5,161.0,1,1,2,161.0,0.5
248216340,535.9,17.287096774193547,526.0,25,25,31,21.436,0.8064516129032258
248226905,0.0,0.0,0.0,1,1,1,0.0,1.0
248235621,0.0,0.0,0.0,1,1,1,0.0,1.0
248236617,0.8,0.4,0.8,1,1,2,0.8,0.5
248243108,5.2,2.6,5.2,1,1,2,5.2,0.5
248254297,247.0,14.529411764705882,167.0,12,12,17,20.583333333333332,0.7058823529411765
248255491,72.5,18.125,56.0,2,2,4,36.25,0.5
248258315,29.0,5.8,29.0,4,4,5,7.25,0.8
248266820,17.1,4.275,11.6,2,2,4,8.55,0.5
248303087,0.0,0.0,0.0,3,3,3,0.0,1.0
248354453,0.7,0.13999999999999999,0.7,4,4,5,0.175,0.8
248356320,38.0,19.0,38.0,1,1,2,38.0,0.5
248364783,161.0,80.5,161.0,1,1,2,161.0,0.5
248376475,7.8,2.6,7.8,2,2,3,3.9,0.6666666666666666
248384252,0.0,0.0,0.0,1,1,1,0.0,1.0
248444377,278.4,2.2451612903225806,213.0,117,117,124,2.3794871794871795,0.9435483870967742
248472567,0.0,0.0,0.0,1,1,1,0.0,1.0
248474689,82.0,41.0,82.0,1,1,2,82.0,0.5
248499268,3.3,1.65,3.3,1,1,2,3.3,0.5
248507053,0.7,0.35,0.7,1,1,2,0.7,0.5
248518501,67.0,11.166666666666666,67.0,5,5,6,13.4,0.8333333333333334
248532700,0.3,0.15,0.3,1,1,2,0.3,0.5
248549548,552.3,8.243283582089552,215.0,48,48,67,11.50625,0.7164179104477612
248561888,7.1,3.55,7.1,1,1,2,7.1,0.5
248580432,0.0,0.0,0.0,1,1,1,0.0,1.0
248613483,380.0,38.0,192.0,5,5,10,76.0,0.5
248639653,4.6,2.3,4.6,1,1,2,4.6,0.5
248660144,5.5,1.1,5.5,4,4,5,1.375,0.8
248679217,8.5,4.25,8.5,1,1,2,8.5,0.5
248690176,162.0,16.2,162.0,9,9,10,18.0,0.9
248754096,216.7,24.077777777777776,114.0,5,5,9,43.339999999999996,0.5555555555555556
248757796,36.3,7.26,19.5,3,3,5,12.1,0.6
248769067,0.7,0.13999999999999999,0.6,3,3,5,0.2333333333333333,0.6
248840697,93.4,23.35,85.0,2,2,4,46.7,0.5
248851501,20.0,5.0,20.0,3,3,4,6.666666666666667,0.75
248878320,9.8,4.9,9.8,1,1,2,9.8,0.5
248882404,59.0,2.36,21.0,15,15,25,3.933333333333333,0.6
248899637,1.7,0.24285714285714285,1.7,6,6,7,0.2833333333333333,0.8571428571428571
248910639,0.5,0.25,0.5,1,1,2,0.5,0.5
248930355,0.5,0.25,0.5,1,1,2,0.5,0.5
248949033,3.7,1.2333333333333334,3.7,2,2,3,1.85,0.6666666666666666
249004649,1.1,0.55,1.1,1,1,2,1.1,0.5
249025556,716.9,143.38,710.0,3,3,5,238.96666666666667,0.6
249056919,46.0,23.0,46.0,1,1,2,46.0,0.5
249070225,1.2,0.6,1.2,1,1,2,1.2,0.5
249096057,0.0,0.0,0.0,4,4,4,0.0,1.0
249112299,1.0,0.3333333333333333,1.0,2,2,3,0.5,0.6666666666666666
249126165,1.1,0.55,1.1,1,1,2,1.1,0.5
249154795,1.3,0.65,1.3,1,1,2,1.3,0.5
249165768,695.9,28.995833333333334,622.0,17,17,24,40.93529411764706,0.7083333333333334
249176501,2.8,0.39999999999999997,2.8,6,6,7,0.4666666666666666,0.8571428571428571
249232725,482.4,7.5375,386.0,48,48,64,10.049999999999999,0.75
249269233,0.0,0.0,0.0,2,2,2,0.0,1.0
249371209,49.0,24.5,49.0,1,1,2,49.0,0.5
249381092,43.0,14.333333333333334,43.0,2,2,3,21.5,0.6666666666666666
249401703,0.0,0.0,0.0,1,1,1,0.0,1.0
249408651,0.3,0.15,0.3,1,1,2,0.3,0.5
249480143,2.5,1.25,2.5,1,1,2,2.5,0.5
249480968,2.4,1.2,2.4,1,1,2,2.4,0.5
249495968,16.3,3.2600000000000002,16.2,3,3,5,5.433333333333334,0.6
249507435,5.4,2.7,5.4,1,1,2,5.4,0.5
249520540,0.0,0.0,0.0,1,1,1,0.0,1.0
249540800,0.2,0.1,0.2,1,1,2,0.2,0.5
249543309,6.1,3.05,6.1,1,1,2,6.1,0.5
249550615,0.2,0.06666666666666667,0.2,2,2,3,0.1,0.6666666666666666
249570072,265.8,11.075000000000001,184.0,14,14,24,18.985714285714288,0.5833333333333334
249583916,1.0,0.5,1.0,1,1,2,1.0,0.5
249605317,0.0,0.0,0.0,4,4,4,0.0,1.0
249607464,8.7,1.2428571428571427,5.3,4,4,7,2.175,0.5714285714285714
249622032,0.0,0.0,0.0,1,1,1,0.0,1.0
249623287,1.8,0.36,1.8,4,4,5,0.45,0.8
249626280,88.9,5.926666666666667,25.0,9,9,15,9.877777777777778,0.6
249643192,250.0,31.25,234.0,5,5,8,50.0,0.625
249652084,43.0,21.5,43.0,1,1,2,43.0,0.5
249735744,1.0,0.06666666666666667,1.0,14,14,15,0.07142857142857142,0.9333333333333333
249779815,11.200000000000001,1.866666666666667,10.9,4,4,6,2.8000000000000003,0.6666666666666666
249804337,1.1,0.55,1.1,1,1,2,1.1,0.5
249847732,13.0,6.5,13.0,1,1,2,13.0,0.5
249851563,0.0,0.0,0.0,1,1,1,0.0,1.0
249852209,0.0,0.0,0.0,2,2,2,0.0,1.0
249858021,56.0,9.333333333333334,54.0,3,3,6,18.666666666666668,0.5
249871404,0.5,0.25,0.5,1,1,2,0.5,0.5
249922888,564.0,282.0,564.0,1,1,2,564.0,0.5
249962199,53.0,26.5,53.0,1,1,2,53.0,0.5
249963484,0.0,0.0,0.0,1,1,1,0.0,1.0
249968452,2.7,0.9,2.7,2,2,3,1.35,0.6666666666666666
249996025,0.0,0.0,0.0,1,1,1,0.0,1.0
250006052,505.0,63.125,465.0,6,6,8,84.16666666666667,0.75
250014989,0.0,0.0,0.0,1,1,1,0.0,1.0
250054424,25.8,3.225,23.0,5,5,8,5.16,0.625
250086157,18.6,9.3,18.6,1,1,2,18.6,0.5
250159880,7.6,3.8,7.6,1,1,2,7.6,0.5
250177364,0.0,0.0,0.0,1,1,1,0.0,1.0
250231163,19.1,9.55,19.1,1,1,2,19.1,0.5
250237388,1.8,0.9,1.8,1,1,2,1.8,0.5
250238131,76.1,3.170833333333333,43.0,13,13,24,5.8538461538461535,0.5416666666666666
250284905,77.5,9.6875,53.0,5,5,8,15.5,0.625
250357493,5.1,1.02,3.2,3,3,5,1.7,0.6
250364324,8.1,4.05,8.1,1,1,2,8.1,0.5
250369736,5.7,2.85,5.7,1,1,2,5.7,0.5
250375228,5.1,0.7285714285714285,5.1,6,6,7,0.85,0.8571428571428571
250378500,0.6,0.3,0.6,1,1,2,0.6,0.5
250386039,1.6,0.8,1.6,1,1,2,1.6,0.5
250395724,0.0,0.0,0.0,1,1,1,0.0,1.0
250402599,90.0,45.0,90.0,1,1,2,90.0,0.5
250414887,48.3,8.049999999999999,46.0,3,3,6,16.099999999999998,0.5
250429116,0.0,0.0,0.0,1,1,1,0.0,1.0
250429853,0.0,0.0,0.0,3,3,3,0.0,1.0
250436709,2.6,0.65,2.6,3,3,4,0.8666666666666667,0.75
250457669,11.8,2.3600000000000003,11.8,4,4,5,2.95,0.8
250480120,75.0,37.5,75.0,1,1,2,75.0,0.5
250492644,2.0999999999999996,0.5249999999999999,1.4,2,2,4,1.0499999999999998,0.5
250497204,0.8,0.4,0.8,1,1,2,0.8,0.5
250549171,0.3,0.15,0.3,1,1,2,0.3,0.5
250562791,1.3,0.43333333333333335,1.3,2,2,3,0.65,0.6666666666666666
250577484,0.3,0.15,0.3,1,1,2,0.3,0.5
250585628,1.5,0.75,1.5,1,1,2,1.5,0.5
250642069,5.2,1.04,5.2,4,4,5,1.3,0.8
250736247,7.4,1.48,7.4,4,4,5,1.85,0.8
250739065,1.0,0.5,1.0,1,1,2,1.0,0.5
250796304,38.0,19.0,38.0,1,1,2,38.0,0.5
250826540,78.8,1.4592592592592593,54.0,35,35,54,2.2514285714285713,0.6481481481481481
250828184,14.100000000000001,2.8200000000000003,11.9,3,3,5,4.7,0.6
250843033,28.0,9.333333333333334,28.0,2,2,3,14.0,0.6666666666666666
250861433,10.5,5.25,10.5,1,1,2,10.5,0.5
250870371,0.3,0.15,0.3,1,1,2,0.3,0.5
250909464,1.1,0.3666666666666667,1.1,2,2,3,0.55,0.6666666666666666
250933008,0.0,0.0,0.0,1,1,1,0.0,1.0
250955812,339.0,169.5,339.0,1,1,2,339.0,0.5
250960203,16.0,5.333333333333333,16.0,2,2,3,8.0,0.6666666666666666
250966627,0.0,0.0,0.0,1,1,1,0.0,1.0
250977044,17.0,8.5,17.0,1,1,2,17.0,0.5
250981937,32.0,8.0,31.0,2,2,4,16.0,0.5
250988060,9.700000000000001,1.616666666666667,8.9,4,4,6,2.4250000000000003,0.6666666666666666
251004841,0.7,0.35,0.7,1,1,2,0.7,0.5
251065129,33.0,8.25,33.0,3,3,4,11.0,0.75
251085489,65.0,32.5,65.0,1,1,2,65.0,0.5
251087552,17.3,8.65,17.3,1,1,2,17.3,0.5
251090819,38.0,19.0,38.0,1,1,2,38.0,0.5
251093449,0.3,0.15,0.3,1,1,2,0.3,0.5
251111748,31.0,15.5,31.0,1,1,2,31.0,0.5
251123935,11.1,3.6999999999999997,11.1,2,2,3,5.55,0.6666666666666666
251164636,625.6,22.342857142857145,556.0,22,22,28,28.436363636363637,0.7857142857142857
251196267,1.0,0.5,1.0,1,1,2,1.0,0.5
251197403,13.5,4.5,13.5,2,2,3,6.75,0.6666666666666666
251241445,0.3,0.075,0.3,3,3,4,0.09999999999999999,0.75
251267603,4.7,2.35,4.7,1,1,2,4.7,0.5
251285557,0.7,0.2333333333333333,0.7,2,2,3,0.35,0.6666666666666666
251287156,2.1,1.05,2.1,1,1,2,2.1,0.5
251385361,22.5,5.625,17.8,2,2,4,11.25,0.5
251408008,0.0,0.0,0.0,1,1,1,0.0,1.0
251410133,241.0,120.5,241.0,1,1,2,241.0,0.5
251419651,38.0,19.0,38.0,1,1,2,38.0,0.5
251431515,0.9,0.45,0.9,1,1,2,0.9,0.5
251440763,32.8,4.685714285714285,31.0,4,4,7,8.2,0.5714285714285714
251540148,0.8,0.4,0.8,1,1,2,0.8,0.5
251563912,19.9,9.95,19.9,1,1,2,19.9,0.5
251567913,1.9,0.95,1.9,1,1,2,1.9,0.5
251594700,66.9,11.15,62.0,3,3,6,22.3,0.5
251614857,1.3,0.65,1.3,1,1,2,1.3,0.5
251634185,4.8999999999999995,0.35,1.9,8,8,14,0.6124999999999999,0.5714285714285714
251635136,124.9,4.306896551724138,37.0,17,17,29,7.347058823529412,0.5862068965517241
251656719,0.0,0.0,0.0,2,2,2,0.0,1.0
251706843,157.1,11.221428571428572,92.0,8,8,14,19.6375,0.5714285714285714
251732117,50.7,5.07,48.0,5,5,10,10.14,0.5
251819763,0.2,0.1,0.2,1,1,2,0.2,0.5
251884888,2.9,1.45,2.9,1,1,2,2.9,0.5
251901551,0.4,0.2,0.4,1,1,2,0.4,0.5
251910573,0.0,0.0,0.0,1,1,1,0.0,1.0
251920440,17.4,5.8,17.4,2,2,3,8.7,0.6666666666666666
251928689,8.2,4.1,8.2,1,1,2,8.2,0.5
251956525,309.0,154.5,309.0,1,1,2,309.0,0.5
251973211,0.0,0.0,0.0,1,1,1,0.0,1.0
251973400,3.4,0.85,3.4,3,3,4,1.1333333333333333,0.75
251974333,52.6,10.52,51.0,3,3,5,17.533333333333335,0.6
252007735,8.3,4.15,8.3,1,1,2,8.3,0.5
252012035,2.3,0.15333333333333332,2.0,13,13,15,0.1769230769230769,0.8666666666666667
252016836,27.0,13.5,27.0,1,1,2,27.0,0.5
252024637,11.1,0.7928571428571428,11.1,13,13,14,0.8538461538461538,0.9285714285714286
252044076,3636.8,121.22666666666667,1363.0,16,16,30,227.3,0.5333333333333333
252071568,66.0,22.0,66.0,2,2,3,33.0,0.6666666666666666
252074145,11.7,1.17,5.4,6,6,10,1.95,0.6
252083412,43.7,7.283333333333334,35.0,3,3,6,14.566666666666668,0.5
252099721,307.0,153.5,307.0,1,1,2,307.0,0.5
252153772,0.0,0.0,0.0,2,2,2,0.0,1.0
252159775,2.7,1.35,2.7,1,1,2,2.7,0.5
252166407,131.8,18.82857142857143,69.0,4,4,7,32.95,0.5714285714285714
252200924,0.5,0.25,0.5,1,1,2,0.5,0.5
252217917,5.6,1.4,5.5,2,2,4,2.8,0.5
252282604,136.0,68.0,136.0,1,1,2,136.0,0.5
252304245,28.0,7.0,28.0,3,3,4,9.333333333333334,0.75
252308089,8.6,4.3,8.6,1,1,2,8.6,0.5
252341097,0.5,0.25,0.5,1,1,2,0.5,0.5
252345719,41.7,3.790909090909091,30.0,6,6,11,6.95,0.5454545454545454
252352661,181.5,2.8359375,63.0,42,42,64,4.321428571428571,0.65625
252363833,14.3,3.575,13.0,2,2,4,7.15,0.5
252369207,6.6,3.3,6.6,1,1,2,6.6,0.5
252386228,0.3,0.15,0.3,1,1,2,0.3,0.5
252408003,0.3,0.15,0.3,1,1,2,0.3,0.5
252438345,3.3000000000000003,0.66,2.7,3,3,5,1.1,0.6
252466573,0.6,0.3,0.6,1,1,2,0.6,0.5
252475396,1.7,0.5666666666666667,1.7,2,2,3,0.85,0.6666666666666666
252502539,1.5,0.75,1.5,1,1,2,1.5,0.5
252507011,0.9,0.45,0.9,1,1,2,0.9,0.5
252540851,0.0,0.0,0.0,1,1,1,0.0,1.0
252558119,0.0,0.0,0.0,2,2,2,0.0,1.0
252645851,0.6,0.3,0.6,1,1,2,0.6,0.5
252675449,1.3,0.43333333333333335,1.3,2,2,3,0.65,0.6666666666666666
252694471,14.3,7.15,14.3,1,1,2,14.3,0.5
252696188,4.9,2.45,4.9,1,1,2,4.9,0.5
252728747,0.3,0.15,0.3,1,1,2,0.3,0.5
252811208,6.5,0.8125,4.8,5,5,8,1.3,0.625
252869367,0.0,0.0,0.0,2,2,2,0.0,1.0
252895155,1.4,0.7,1.4,1,1,2,1.4,0.5
252918139,16.2,8.1,16.2,1,1,2,16.2,0.5
252921789,75.0,25.0,75.0,2,2,3,37.5,0.6666666666666666
252932627,0.6,0.3,0.6,1,1,2,0.6,0.5
252963100,0.5,0.25,0.5,1,1,2,0.5,0.5
252973296,8.0,4.0,8.0,1,1,2,8.0,0.5
252978483,3.8,1.9,3.8,1,1,2,3.8,0.5
252983257,2.4,0.34285714285714286,1.8,4,4,7,0.6,0.5714285714285714
252984367,0.0,0.0,0.0,1,1,1,0.0,1.0
253006481,79.0,39.5,79.0,1,1,2,79.0,0.5
253044003,12.7,1.0583333333333333,7.6,9,9,12,1.411111111111111,0.75
253048231,0.0,0.0,0.0,1,1,1,0.0,1.0
253111169,0.4,0.2,0.4,1,1,2,0.4,0.5
253114981,0.0,0.0,0.0,3,3,3,0.0,1.0
253121356,92.9,6.193333333333333,62.0,8,8,15,11.6125,0.5333333333333333
253205489,46.1,5.122222222222223,26.0,5,5,9,9.22,0.5555555555555556
253209919,7.8,3.9,7.8,1,1,2,7.8,0.5
253218347,74.7,7.470000000000001,58.0,5,5,10,14.940000000000001,0.5
253224439,4.4,0.8800000000000001,4.4,4,4,5,1.1,0.8
253245972,5.1,2.55,5.1,1,1,2,5.1,0.5
253253005,31.8,5.3,29.0,3,3,6,10.6,0.5
253282893,0.0,0.0,0.0,2,2,2,0.0,1.0
253389413,0.0,0.0,0.0,1,1,1,0.0,1.0
253421464,102.1,17.016666666666666,100.0,4,4,6,25.525,0.6666666666666666
253424499,3.2,1.6,3.2,1,1,2,3.2,0.5
253469905,3.8000000000000003,0.3166666666666667,2.6,8,8,12,0.47500000000000003,0.6666666666666666
253502799,0.7,0.35,0.7,1,1,2,0.7,0.5
253521545,1.0,0.5,1.0,1,1,2,1.0,0.5
253530557,20.0,10.0,20.0,1,1,2,20.0,0.5
253549183,1155.0,82.5,1155.0,13,13,14,88.84615384615384,0.9285714285714286
253611147,6.9,2.3000000000000003,6.9,2,2,3,3.45,0.6666666666666666
253622624,1.6,0.8,1.6,1,1,2,1.6,0.5
253675435,130.0,65.0,130.0,1,1,2,130.0,0.5
253690596,0.6,0.3,0.6,1,1,2,0.6,0.5
253709317,0.0,0.0,0.0,1,1,1,0.0,1.0
253713533,20.0,10.0,20.0,1,1,2,20.0,0.5
253773352,0.3,0.075,0.3,3,3,4,0.09999999999999999,0.75
253813925,385.2,8.754545454545454,171.0,24,24,44,16.05,0.5454545454545454
253814117,37.4,4.675,19.4,5,5,8,7.4799999999999995,0.625
253832736,0.0,0.0,0.0,1,1,1,0.0,1.0
253959521,0.0,0.0,0.0,2,2,2,0.0,1.0
253961136,628.5,28.568181818181817,568.0,15,15,22,41.9,0.6818181818181818
253970176,2.0,1.0,2.0,1,1,2,2.0,0.5
253983004,1.4,0.7,1.4,1,1,2,1.4,0.5
253999415,0.3,0.15,0.3,1,1,2,0.3,0.5
254055320,0.1,0.05,0.1,1,1,2,0.1,0.5
254084123,0.0,0.0,0.0,1,1,1,0.0,1.0
254089285,14.2,7.1,14.2,1,1,2,14.2,0.5
254094961,133.5,26.7,125.0,3,3,5,44.5,0.6
254095448,4.3,2.15,4.3,1,1,2,4.3,0.5
254097023,4.4,2.2,4.4,1,1,2,4.4,0.5
254101561,27.0,5.4,27.0,4,4,5,6.75,0.8
254196196,9.0,3.0,9.0,2,2,3,4.5,0.6666666666666666
254201131,279.2,10.34074074074074,139.0,18,18,27,15.511111111111111,0.6666666666666666
254205257,0.1,0.05,0.1,1,1,2,0.1,0.5
254234513,0.4,0.2,0.4,1,1,2,0.4,0.5
254243107,3.3,1.65,3.3,1,1,2,3.3,0.5
254250501,0.8,0.4,0.8,1,1,2,0.8,0.5
254320799,0.0,0.0,0.0,3,3,3,0.0,1.0
254331853,2.7,0.9,2.7,2,2,3,1.35,0.6666666666666666
254331891,28.0,7.0,28.0,3,3,4,9.333333333333334,0.75
254368479,1.2999999999999998,0.21666666666666665,0.7,4,4,6,0.32499999999999996,0.6666666666666666
254382323,0.6,0.3,0.6,1,1,2,0.6,0.5
254458836,1.0,0.14285714285714285,0.8,5,5,7,0.2,0.7142857142857143
254497372,0.5,0.0625,0.4,6,6,8,0.08333333333333333,0.75
254544187,0.2,0.1,0.2,1,1,2,0.2,0.5
254550709,336.6,8.630769230769232,295.0,23,23,39,14.634782608695653,0.5897435897435898
254565281,0.2,0.06666666666666667,0.2,2,2,3,0.1,0.6666666666666666
254692357,8.3,2.075,7.2,2,2,4,4.15,0.5
254708017,0.6,0.3,0.6,1,1,2,0.6,0.5
254715417,125.0,62.5,125.0,1,1,2,125.0,0.5
254739428,10.2,3.4,10.2,2,2,3,5.1,0.6666666666666666
254739929,0.6,0.06,0.5,8,8,10,0.075,0.8
254782847,2.6,0.8666666666666667,2.6,2,2,3,1.3,0.6666666666666666
254814380,27.3,1.6058823529411765,15.8,12,12,17,2.275,0.7058823529411765
254836819,0.3,0.15,0.3,1,1,2,0.3,0.5
254886921,6.7,2.2333333333333334,6.7,2,2,3,3.35,0.6666666666666666
254906420,1.2,0.6,1.2,1,1,2,1.2,0.5
254924405,8.0,4.0,8.0,1,1,2,8.0,0.5
254928785,79.3,5.286666666666666,39.0,9,9,15,8.81111111111111,0.6
254935843,77.1,1.7133333333333332,34.0,25,25,45,3.0839999999999996,0.5555555555555556
254952543,0.0,0.0,0.0,1,1,1,0.0,1.0
254966557,0.9,0.3,0.9,2,2,3,0.45,0.6666666666666666
254992432,0.5,0.25,0.5,1,1,2,0.5,0.5
255007865,84.6,4.699999999999999,64.0,9,9,18,9.399999999999999,0.5
255010251,90.2,2.0976744186046514,26.0,25,25,43,3.608,0.5813953488372093
255027745,7.2,3.6,7.2,1,1,2,7.2,0.5
255029668,11.6,2.9,11.6,3,3,4,3.8666666666666667,0.75
255042063,0.3,0.15,0.3,1,1,2,0.3,0.5
255076487,17.8,5.933333333333334,17.8,2,2,3,8.9,0.6666666666666666
255085221,19.6,4.9,15.8,2,2,4,9.8,0.5
255096684,34.6,2.661538461538462,24.0,9,9,13,3.8444444444444446,0.6923076923076923
255148277,0.7,0.13999999999999999,0.6,3,3,5,0.2333333333333333,0.6
255168531,3.0,1.0,3.0,2,2,3,1.5,0.6666666666666666
255178947,4.7,2.35,4.7,1,1,2,4.7,0.5
255211217,2.0,1.0,2.0,1,1,2,2.0,0.5
255214547,1.2,0.6,1.2,1,1,2,1.2,0.5
255234412,0.3,0.06,0.3,4,4,5,0.075,0.8
255241051,3.5,1.75,3.5,1,1,2,3.5,0.5
255246635,0.3,0.15,0.3,1,1,2,0.3,0.5
255306029,5.1,2.55,5.1,1,1,2,5.1,0.5
255330237,0.3,0.15,0.3,1,1,2,0.3,0.5
255333449,50.0,25.0,50.0,1,1,2,50.0,0.5
255408941,0.1,0.05,0.1,1,1,2,0.1,0.5
255458903,1.1,0.55,1.1,1,1,2,1.1,0.5
255467165,83.0,41.5,83.0,1,1,2,83.0,0.5
255473549,4.7,2.35,4.7,1,1,2,4.7,0.5
255508119,0.8,0.4,0.8,1,1,2,0.8,0.5
255511589,8.2,1.025,3.4,4,4,8,2.05,0.5
255526371,3.8,1.9,3.8,1,1,2,3.8,0.5
255539801,24.0,12.0,24.0,1,1,2,24.0,0.5
255576471,0.0,0.0,0.0,1,1,1,0.0,1.0
255582025,3.4,1.7,3.4,1,1,2,3.4,0.5
255615919,22.0,11.0,22.0,1,1,2,22.0,0.5
255622304,3.0999999999999996,0.3444444444444444,2.8,7,7,9,0.4428571428571428,0.7777777777777778
255706163,39.0,19.5,39.0,1,1,2,39.0,0.5
255728964,183.0,30.5,183.0,5,5,6,36.6,0.8333333333333334
255730460,0.3,0.09999999999999999,0.3,2,2,3,0.15,0.6666666666666666
255748761,37.0,12.333333333333334,37.0,2,2,3,18.5,0.6666666666666666
255750768,11.0,3.6666666666666665,11.0,2,2,3,5.5,0.6666666666666666
255810120,1.1,0.55,1.1,1,1,2,1.1,0.5
255846501,1.1,0.55,1.1,1,1,2,1.1,0.5
255892249,2.4,1.2,2.4,1,1,2,2.4,0.5
255927683,0.4,0.2,0.4,1,1,2,0.4,0.5
255947169,0.0,0.0,0.0,1,1,1,0.0,1.0
255957600,12.4,6.2,12.4,1,1,2,12.4,0.5
256021017,12.5,6.25,12.5,1,1,2,12.5,0.5
256109019,1.0,0.5,1.0,1,1,2,1.0,0.5
256193015,0.0,0.0,0.0,1,1,1,0.0,1.0
256202715,0.6,0.3,0.6,1,1,2,0.6,0.5
256212075,0.2,0.1,0.2,1,1,2,0.2,0.5
256212635,1.1,0.55,1.1,1,1,2,1.1,0.5
256216485,0.0,0.0,0.0,2,2,2,0.0,1.0
256217287,100.0,50.0,100.0,1,1,2,100.0,0.5
256275407,0.0,0.0,0.0,1,1,1,0.0,1.0
256276021,288.0,57.6,288.0,4,4,5,72.0,0.8
256276624,1.0,0.5,1.0,1,1,2,1.0,0.5
256296627,0.0,0.0,0.0,1,1,1,0.0,1.0
256297825,5.7,2.85,5.7,1,1,2,5.7,0.5
256420345,1.9,0.6333333333333333,1.9,2,2,3,0.95,0.6666666666666666
256436660,0.8,0.4,0.8,1,1,2,0.8,0.5
256452263,25.0,3.125,13.9,4,4,8,6.25,0.5
256525720,29.8,2.292307692307692,10.2,7,7,13,4.257142857142857,0.5384615384615384
256528415,5.7,0.9500000000000001,5.7,5,5,6,1.1400000000000001,0.8333333333333334
256563201,50.0,16.666666666666668,50.0,2,2,3,25.0,0.6666666666666666
256573229,0.0,0.0,0.0,1,1,1,0.0,1.0
256584820,68.0,34.0,68.0,1,1,2,68.0,0.5
256606025,407.2,67.86666666666666,352.0,3,3,6,135.73333333333332,0.5
256613211,34.3,1.8052631578947367,11.8,11,11,19,3.1181818181818177,0.5789473684210527
256636491,18.4,9.2,18.4,1,1,2,18.4,0.5
256645945,25.5,1.8214285714285714,12.7,8,8,14,3.1875,0.5714285714285714
256739669,0.0,0.0,0.0,2,2,2,0.0,1.0
256766924,1212.0,404.0,1212.0,2,2,3,606.0,0.6666666666666666
256809867,0.1,0.03333333333333333,0.1,2,2,3,0.05,0.6666666666666666
256819019,75.8,9.475,28.0,4,4,8,18.95,0.5
256863125,13.1,6.55,13.1,1,1,2,13.1,0.5
256865437,0.5,0.25,0.5,1,1,2,0.5,0.5
256896099,908.0,454.0,908.0,1,1,2,908.0,0.5
256920108,0.3,0.15,0.3,1,1,2,0.3,0.5
256927813,3.6,0.9,3.6,3,3,4,1.2,0.75
256967415,0.0,0.0,0.0,2,2,2,0.0,1.0
256980620,329.0,65.8,247.0,3,3,5,109.66666666666667,0.6
256991827,0.3,0.09999999999999999,0.3,2,2,3,0.15,0.6666666666666666
256992469,5.2,0.8666666666666667,3.7,3,3,6,1.7333333333333334,0.5
257044655,140.0,46.666666666666664,140.0,2,2,3,70.0,0.6666666666666666
257045927,0.2,0.1,0.2,1,1,2,0.2,0.5
257056644,8.7,4.35,8.7,1,1,2,8.7,0.5
257064839,7.5,3.75,7.5,1,1,2,7.5,0.5
257081520,654.0,327.0,654.0,1,1,2,654.0,0.5
257108952,19.1,3.1833333333333336,18.3,4,4,6,4.775,0.6666666666666666
257110911,4.5,2.25,4.5,1,1,2,4.5,0.5
257177611,14.2,7.1,14.2,1,1,2,14.2,0.5
257178379,0.0,0.0,0.0,1,1,1,0.0,1.0
257184455,0.2,0.06666666666666667,0.2,2,2,3,0.1,0.6666666666666666
257200017,0.0,0.0,0.0,3,3,3,0.0,1.0
257200031,2.8,1.4,2.8,1,1,2,2.8,0.5
257237771,0.0,0.0,0.0,1,1,1,0.0,1.0
257256783,352.5,17.625,220.0,14,14,20,25.178571428571427,0.7
257278221,1.8,0.9,1.8,1,1,2,1.8,0.5
257288675,0.0,0.0,0.0,1,1,1,0.0,1.0
257299708,107.0,53.5,107.0,1,1,2,107.0,0.5
257319909,13.0,6.5,13.0,1,1,2,13.0,0.5
257377008,33.0,3.6666666666666665,27.0,5,5,9,6.6,0.5555555555555556
257422299,3.8,0.38,2.3,6,6,10,0.6333333333333333,0.6
257449387,90.2,5.305882352941176,75.0,13,13,17,6.938461538461539,0.7647058823529411
257491997,1.6,0.17777777777777778,1.6,8,8,9,0.2,0.8888888888888888
257518188,0.2,0.1,0.2,1,1,2,0.2,0.5
257521133,7.5,1.875,6.4,2,2,4,3.75,0.5
257528104,37.0,18.5,37.0,1,1,2,37.0,0.5
257603009,0.0,0.0,0.0,1,1,1,0.0,1.0
257702137,0.7,0.35,0.7,1,1,2,0.7,0.5
257724052,392.7,30.207692307692305,213.0,8,8,13,49.0875,0.6153846153846154
257759331,12.8,3.2,12.8,3,3,4,4.266666666666667,0.75
257820973,0.3,0.075,0.3,3,3,4,0.09999999999999999,0.75
257873308,0.0,0.0,0.0,1,1,1,0.0,1.0
257891885,0.0,0.0,0.0,1,1,1,0.0,1.0
257934949,302.2,75.55,302.0,2,2,4,151.1,0.5
257973739,1.6,0.8,1.6,1,1,2,1.6,0.5
257989791,26.9,3.8428571428571425,14.5,4,4,7,6.725,0.5714285714285714
258020559,7.3,2.433333333333333,7.3,2,2,3,3.65,0.6666666666666666
258086009,0.1,0.05,0.1,1,1,2,0.1,0.5
258095301,0.0,0.0,0.0,1,1,1,0.0,1.0
258140547,0.0,0.0,0.0,3,3,3,0.0,1.0
258213980,7.2,1.44,7.2,4,4,5,1.8,0.8
258225013,2.1,1.05,2.1,1,1,2,2.1,0.5
258248895,0.1,0.05,0.1,1,1,2,0.1,0.5
258327971,0.0,0.0,0.0,1,1,1,0.0,1.0
258337261,17.0,8.5,17.0,1,1,2,17.0,0.5
258363805,7.6,1.9,7.6,3,3,4,2.533333333333333,0.75
258381465,0.0,0.0,0.0,2,2,2,0.0,1.0
258390409,33.0,8.25,33.0,3,3,4,11.0,0.75
258393767,0.0,0.0,0.0,1,1,1,0.0,1.0
258430515,4.0,2.0,4.0,1,1,2,4.0,0.5
258478416,5.2,1.3,5.2,3,3,4,1.7333333333333334,0.75
258482885,60.3,1.4023255813953488,18.9,24,24,43,2.5124999999999997,0.5581395348837209
258503400,199.0,99.5,199.0,1,1,2,199.0,0.5
258530685,27.6,1.6235294117647059,19.0,10,10,17,2.7600000000000002,0.5882352941176471
258531019,40.0,1.1111111111111112,15.5,23,23,36,1.7391304347826086,0.6388888888888888
258550100,0.5,0.16666666666666666,0.5,2,2,3,0.25,0.6666666666666666
258553583,1.7,0.5666666666666667,1.7,2,2,3,0.85,0.6666666666666666
258602617,452.5,41.13636363636363,438.0,6,6,11,75.41666666666667,0.5454545454545454
258633808,98.0,49.0,98.0,1,1,2,98.0,0.5
258648395,1.7,0.85,1.7,1,1,2,1.7,0.5
258673767,12.4,1.55,11.1,4,4,8,3.1,0.5
258753415,4.1,0.24117647058823527,4.1,16,16,17,0.25625,0.9411764705882353
258754843,1.1,0.55,1.1,1,1,2,1.1,0.5
258774423,0.3,0.15,0.3,1,1,2,0.3,0.5
258785172,8.700000000000001,0.9666666666666668,4.9,5,5,9,1.7400000000000002,0.5555555555555556
258795101,10.8,2.7,7.3,2,2,4,5.4,0.5
258806371,26.0,3.7142857142857144,26.0,6,6,7,4.333333333333333,0.8571428571428571
258834833,0.8,0.4,0.8,1,1,2,0.8,0.5
258845881,68.0,34.0,68.0,1,1,2,68.0,0.5
258858619,0.0,0.0,0.0,1,1,1,0.0,1.0
258868457,0.3,0.15,0.3,1,1,2,0.3,0.5
258895899,8.0,0.8,5.3,6,6,10,1.3333333333333333,0.6
258957437,29.9,5.9799999999999995,20.0,3,3,5,9.966666666666667,0.6
259038184,220.0,55.0,124.0,2,2,4,110.0,0.5
259050705,10.7,1.1888888888888889,7.6,5,5,9,2.1399999999999997,0.5555555555555556
259053705,0.6000000000000001,0.12000000000000002,0.4,3,3,5,0.20000000000000004,0.6
259057827,0.7,0.35,0.7,1,1,2,0.7,0.5
259130115,0.0,0.0,0.0,3,3,3,0.0,1.0
259263507,8.7,4.35,8.7,1,1,2,8.7,0.5
259268105,333.0,47.57142857142857,288.0,4,4,7,83.25,0.5714285714285714
259301403,53.2,5.911111111111111,52.0,7,7,9,7.6000000000000005,0.7777777777777778
259308565,6.0,3.0,6.0,1,1,2,6.0,0.5
259311761,0.4,0.1,0.4,3,3,4,0.13333333333333333,0.75
259325175,0.0,0.0,0.0,2,2,2,0.0,1.0
259330363,0.4,0.2,0.4,1,1,2,0.4,0.5
259402641,0.5,0.25,0.5,1,1,2,0.5,0.5
259403281,14.0,2.0,11.6,4,4,7,3.5,0.5714285714285714
259420989,2.4,0.6,1.7,2,2,4,1.2,0.5
259436224,0.2,0.1,0.2,1,1,2,0.2,0.5
259454041,13.6,2.2666666666666666,12.7,4,4,6,3.4,0.6666666666666666
259477553,18.3,1.4076923076923078,14.9,8,8,13,2.2875,0.6153846153846154
259528031,4.4,2.2,4.4,1,1,2,4.4,0.5
259554515,0.8,0.2,0.5,2,2,4,0.4,0.5
259587307,15.3,7.65,15.3,1,1,2,15.3,0.5
259591984,50.0,12.5,50.0,3,3,4,16.666666666666668,0.75
259603495,70.0,35.0,70.0,1,1,2,70.0,0.5
259611075,11.5,0.7666666666666667,7.3,10,10,15,1.15,0.6666666666666666
259614031,37.6,9.4,37.0,2,2,4,18.8,0.5
259648553,16.9,8.45,16.9,1,1,2,16.9,0.5
259665776,22.0,11.0,22.0,1,1,2,22.0,0.5
259708463,42.8,10.7,41.0,2,2,4,21.4,0.5
259782663,0.0,0.0,0.0,1,1,1,0.0,1.0
259791209,22.0,11.0,22.0,1,1,2,22.0,0.5
259796248,3.2,1.6,3.2,1,1,2,3.2,0.5
259798464,310.0,25.833333333333332,278.0,9,9,12,34.44444444444444,0.75
259829971,4.3,2.15,4.3,1,1,2,4.3,0.5
259831421,4.4,2.2,4.4,1,1,2,4.4,0.5
259854084,206.0,51.5,206.0,3,3,4,68.66666666666667,0.75
259875529,0.0,0.0,0.0,1,1,1,0.0,1.0
259878911,0.9,0.45,0.9,1,1,2,0.9,0.5
259891015,62.0,8.857142857142858,62.0,6,6,7,10.333333333333334,0.8571428571428571
259931116,503.0,100.6,473.0,3,3,5,167.66666666666666,0.6
259934396,15.4,7.7,15.4,1,1,2,15.4,0.5
259934836,3.5,0.5833333333333334,2.6,3,3,6,1.1666666666666667,0.5
259953528,0.8,0.4,0.8,1,1,2,0.8,0.5
259994621,0.9,0.45,0.9,1,1,2,0.9,0.5
260017289,0.4,0.13333333333333333,0.4,2,2,3,0.2,0.6666666666666666
260048725,107.0,53.5,107.0,1,1,2,107.0,0.5
260057593,0.0,0.0,0.0,1,1,1,0.0,1.0
260118401,21.1,1.5071428571428573,9.5,7,7,14,3.0142857142857147,0.5
260132853,3.5,1.75,3.5,1,1,2,3.5,0.5
260137269,0.0,0.0,0.0,1,1,1,0.0,1.0
260140697,102.0,51.0,102.0,1,1,2,102.0,0.5
260149777,18.0,9.0,18.0,1,1,2,18.0,0.5
260167329,0.0,0.0,0.0,2,2,2,0.0,1.0
260207401,0.1,0.05,0.1,1,1,2,0.1,0.5
260252363,11.5,5.75,11.5,1,1,2,11.5,0.5
260262945,0.0,0.0,0.0,1,1,1,0.0,1.0
260265776,38.7,4.300000000000001,36.0,5,5,9,7.74,0.5555555555555556
260269555,3.2,1.6,3.2,1,1,2,3.2,0.5
260300423,0.3,0.15,0.3,1,1,2,0.3,0.5
260320188,153.8,5.30344827586207,70.0,16,16,29,9.6125,0.5517241379310345
260376156,388.0,14.37037037037037,286.0,23,23,27,16.869565217391305,0.8518518518518519
260455932,0.1,0.05,0.1,1,1,2,0.1,0.5
260499716,11.5,5.75,11.5,1,1,2,11.5,0.5
260538236,173.8,13.36923076923077,84.0,7,7,13,24.82857142857143,0.5384615384615384
260567796,3.2,0.8,3.1,2,2,4,1.6,0.5
260686668,0.8,0.4,0.8,1,1,2,0.8,0.5
260729536,0.5,0.25,0.5,1,1,2,0.5,0.5
260788360,236.5,13.13888888888889,113.0,10,10,18,23.65,0.5555555555555556
260813316,10.4,5.2,10.4,1,1,2,10.4,0.5
261067712,40.4,1.5538461538461539,12.5,14,14,26,2.8857142857142857,0.5384615384615384
261172612,1.3,0.65,1.3,1,1,2,1.3,0.5
261199100,85.0,42.5,85.0,1,1,2,85.0,0.5
261281192,493.6,82.26666666666667,491.0,4,4,6,123.4,0.6666666666666666
261290656,2.4,1.2,2.4,1,1,2,2.4,0.5
261336456,700.0,53.84615384615385,700.0,12,12,13,58.333333333333336,0.9230769230769231
261337836,0.3,0.15,0.3,1,1,2,0.3,0.5
261373664,0.9,0.45,0.9,1,1,2,0.9,0.5
261497568,0.0,0.0,0.0,1,1,1,0.0,1.0
261602452,769.6,23.32121212121212,598.0,22,22,33,34.981818181818184,0.6666666666666666
261670300,1.6,0.8,1.6,1,1,2,1.6,0.5
261745164,66.0,22.0,66.0,2,2,3,33.0,0.6666666666666666
261857176,5.1,1.7,5.1,2,2,3,2.55,0.6666666666666666
262014680,0.7,0.35,0.7,1,1,2,0.7,0.5
262017556,1.6,0.8,1.6,1,1,2,1.6,0.5
262076820,0.9,0.45,0.9,1,1,2,0.9,0.5
262133376,12.8,4.266666666666667,12.8,2,2,3,6.4,0.6666666666666666
262195804,113.8,7.1125,52.0,9,9,16,12.644444444444444,0.5625
262217260,110.0,27.5,110.0,3,3,4,36.666666666666664,0.75
262317184,16.1,1.0733333333333335,8.1,9,9,15,1.788888888888889,0.6
262326400,2.2,0.31428571428571433,2.0,5,5,7,0.44000000000000006,0.7142857142857143
262430736,2.9,1.45,2.9,1,1,2,2.9,0.5
262445620,0.2,0.1,0.2,1,1,2,0.2,0.5
262474788,43.0,2.8666666666666667,23.0,11,11,15,3.909090909090909,0.7333333333333333
262487872,1.4,0.4666666666666666,1.4,2,2,3,0.7,0.6666666666666666
262543812,0.0,0.0,0.0,1,1,1,0.0,1.0
262577480,15.5,7.75,15.5,1,1,2,15.5,0.5
262752300,641.0,160.25,532.0,2,2,4,320.5,0.5
262814808,9.0,1.125,7.9,5,5,8,1.8,0.625
262861632,868.4,17.027450980392157,743.0,33,33,51,26.315151515151513,0.6470588235294118
262894372,29.0,9.666666666666666,29.0,2,2,3,14.5,0.6666666666666666
262942892,0.0,0.0,0.0,11,11,11,0.0,1.0
263021912,0.6,0.3,0.6,1,1,2,0.6,0.5
263042332,0.0,0.0,0.0,1,1,1,0.0,1.0
263079356,0.2,0.1,0.2,1,1,2,0.2,0.5
263133436,0.0,0.0,0.0,1,1,1,0.0,1.0
263171804,4.4,0.24444444444444446,4.4,17,17,18,0.25882352941176473,0.9444444444444444
263385816,723.0,241.0,723.0,2,2,3,361.5,0.6666666666666666
263454788,2.1,1.05,2.1,1,1,2,2.1,0.5
263470824,5.5,2.75,5.5,1,1,2,5.5,0.5
263482524,18.9,9.45,18.9,1,1,2,18.9,0.5
263516648,10.6,5.3,10.6,1,1,2,10.6,0.5
263735764,0.0,0.0,0.0,3,3,3,0.0,1.0
263759304,0.7,0.35,0.7,1,1,2,0.7,0.5
263771716,2.3,0.1769230769230769,0.9,8,8,13,0.2875,0.6153846153846154
263856756,499.0,124.75,499.0,3,3,4,166.33333333333334,0.75
263860732,0.4,0.06666666666666667,0.4,5,5,6,0.08,0.8333333333333334
263936784,10.8,5.4,10.8,1,1,2,10.8,0.5
263993336,18.0,2.0,11.3,5,5,9,3.6,0.5555555555555556
264047092,2.3,0.7666666666666666,2.3,2,2,3,1.15,0.6666666666666666
264125600,0.2,0.1,0.2,1,1,2,0.2,0.5
264198760,11.7,1.4625,4.7,4,4,8,2.925,0.5
264207808,0.6,0.3,0.6,1,1,2,0.6,0.5
264239828,1102.0,275.5,1102.0,3,3,4,367.3333333333333,0.75
264253640,170.5,6.089285714285714,142.0,16,16,28,10.65625,0.5714285714285714
264266684,29.0,14.5,29.0,1,1,2,29.0,0.5
264393036,0.0,0.0,0.0,1,1,1,0.0,1.0
264399888,0.0,0.0,0.0,2,2,2,0.0,1.0
264424976,0.0,0.0,0.0,1,1,1,0.0,1.0
264438536,115.9,2.8975,45.0,27,27,40,4.292592592592593,0.675
264496864,2.3,1.15,2.3,1,1,2,2.3,0.5
264500948,35.9,1.087878787878788,9.0,24,24,33,1.4958333333333333,0.7272727272727273
264625792,93.3,5.488235294117647,84.0,10,10,17,9.33,0.5882352941176471
264626784,461.3,13.978787878787879,262.0,19,19,33,24.278947368421054,0.5757575757575758
264759872,0.5,0.16666666666666666,0.5,2,2,3,0.25,0.6666666666666666
264816680,749.8,34.08181818181818,491.0,12,12,22,62.48333333333333,0.5454545454545454
264929200,2.4,1.2,2.4,1,1,2,2.4,0.5
264929688,4.6,2.3,4.6,1,1,2,4.6,0.5
264977320,0.8,0.4,0.8,1,1,2,0.8,0.5
265054404,0.0,0.0,0.0,1,1,1,0.0,1.0
265103440,0.0,0.0,0.0,1,1,1,0.0,1.0
265119944,1.5,0.75,1.5,1,1,2,1.5,0.5
265337884,123.0,61.5,123.0,1,1,2,123.0,0.5
265528868,0.7,0.35,0.7,1,1,2,0.7,0.5
265545744,2.2,0.31428571428571433,2.2,6,6,7,0.3666666666666667,0.8571428571428571
265558728,470.0,235.0,470.0,1,1,2,470.0,0.5
265586844,10.3,5.15,10.3,1,1,2,10.3,0.5
265592512,23.0,7.666666666666667,23.0,2,2,3,11.5,0.6666666666666666
265619532,28.0,7.0,28.0,3,3,4,9.333333333333334,0.75
265832700,2.0,1.0,2.0,1,1,2,2.0,0.5
265859320,4.4,0.23157894736842108,2.1,13,13,19,0.3384615384615385,0.6842105263157895
266035768,28.0,5.6,28.0,4,4,5,7.0,0.8
266056948,0.7,0.11666666666666665,0.6,4,4,6,0.175,0.6666666666666666
266112568,1.4,0.7,1.4,1,1,2,1.4,0.5
266132196,58.0,14.5,58.0,3,3,4,19.333333333333332,0.75
266132392,68.0,34.0,68.0,1,1,2,68.0,0.5
266278004,31.0,10.333333333333334,31.0,2,2,3,15.5,0.6666666666666666
266279128,30.0,15.0,30.0,1,1,2,30.0,0.5
266367020,66.2,11.033333333333333,50.0,3,3,6,22.066666666666666,0.5
266416340,1.7,0.85,1.7,1,1,2,1.7,0.5
266455892,1.3,0.65,1.3,1,1,2,1.3,0.5
266479412,41.1,0.7472727272727273,18.1,35,35,55,1.1742857142857144,0.6363636363636364
266659008,1.5,0.75,1.5,1,1,2,1.5,0.5
266685720,0.0,0.0,0.0,2,2,2,0.0,1.0
266736356,10.7,1.1888888888888889,4.8,6,6,9,1.7833333333333332,0.6666666666666666
266799152,2.3000000000000003,0.28750000000000003,1.3,5,5,8,0.4600000000000001,0.625
266829332,31.3,1.4904761904761905,20.0,14,14,21,2.2357142857142858,0.6666666666666666
266836892,814.2,162.84,814.0,3,3,5,271.40000000000003,0.6
266845800,295.0,147.5,295.0,1,1,2,295.0,0.5
266874064,99.4,14.200000000000001,60.0,4,4,7,24.85,0.5714285714285714
266885016,14.3,7.15,14.3,1,1,2,14.3,0.5
266888336,7.7,3.85,7.7,1,1,2,7.7,0.5
266972568,1.3,0.65,1.3,1,1,2,1.3,0.5
267053376,243.0,16.2,188.0,8,8,15,30.375,0.5333333333333333
267136496,375.0,125.0,375.0,2,2,3,187.5,0.6666666666666666
267235316,50.1,4.175,48.0,9,9,12,5.566666666666666,0.75
267250336,7.6,3.8,7.6,1,1,2,7.6,0.5
267438860,0.6,0.3,0.6,1,1,2,0.6,0.5
267564972,32.0,6.4,32.0,4,4,5,8.0,0.8
267633580,643.1,128.62,642.0,3,3,5,214.36666666666667,0.6
267722020,5.0,2.5,5.0,1,1,2,5.0,0.5
267901212,1.0,0.3333333333333333,1.0,2,2,3,0.5,0.6666666666666666
268037268,1.1,0.55,1.1,1,1,2,1.1,0.5
268110072,38.0,1.027027027027027,23.0,22,22,37,1.7272727272727273,0.5945945945945946
268158408,5.7,1.9000000000000001,5.7,2,2,3,2.85,0.6666666666666666
268200944,138.0,46.0,138.0,2,2,3,69.0,0.6666666666666666
268245436,1.9,0.95,1.9,1,1,2,1.9,0.5
268252196,0.2,0.06666666666666667,0.2,2,2,3,0.1,0.6666666666666666
268386968,0.0,0.0,0.0,2,2,2,0.0,1.0
268411140,1.8,0.9,1.8,1,1,2,1.8,0.5
268470708,1.2,0.6,1.2,1,1,2,1.2,0.5
268474336,1.9,0.95,1.9,1,1,2,1.9,0.5
268487512,128.5,5.586956521739131,96.0,16,16,23,8.03125,0.6956521739130435
268551184,37.3,4.6625,22.0,4,4,8,9.325,0.5
268562040,473.0,27.823529411764707,473.0,16,16,17,29.5625,0.9411764705882353
268578780,1.4,0.7,1.4,1,1,2,1.4,0.5
268585240,0.6,0.3,0.6,1,1,2,0.6,0.5
268589228,3.6,0.4,3.4,7,7,9,0.5142857142857143,0.7777777777777778
268599796,76.8,8.533333333333333,54.0,6,6,9,12.799999999999999,0.6666666666666666
268640464,17.7,8.85,17.7,1,1,2,17.7,0.5
268698660,3.4,1.7,3.4,1,1,2,3.4,0.5
268845100,34.0,17.0,34.0,1,1,2,34.0,0.5
268934736,53.0,13.25,53.0,3,3,4,17.666666666666668,0.75
268935456,0.3,0.15,0.3,1,1,2,0.3,0.5
269034196,12.9,3.225,11.4,2,2,4,6.45,0.5
269058144,6.2,1.55,6.2,3,3,4,2.066666666666667,0.75
269123804,0.0,0.0,0.0,1,1,1,0.0,1.0
269347396,164.0,41.0,119.0,2,2,4,82.0,0.5
269437356,73.0,36.5,73.0,1,1,2,73.0,0.5
269708364,6.3,3.15,6.3,1,1,2,6.3,0.5
269759752,8.5,1.7,8.5,4,4,5,2.125,0.8
269770460,6.5,3.25,6.5,1,1,2,6.5,0.5
269853648,21.0,10.5,21.0,1,1,2,21.0,0.5
269920248,0.4,0.2,0.4,1,1,2,0.4,0.5
270059336,23.0,4.6,23.0,4,4,5,5.75,0.8
270165540,0.1,0.025,0.1,3,3,4,0.03333333333333333,0.75
270169680,0.7,0.13999999999999999,0.7,4,4,5,0.175,0.8
270228556,1.2,0.6,1.2,1,1,2,1.2,0.5
270228600,376.9,62.81666666666666,309.0,3,3,6,125.63333333333333,0.5
270303324,2.8,1.4,2.8,1,1,2,2.8,0.5
270341392,17.6,8.8,17.6,1,1,2,17.6,0.5
270356700,461.9,6.505633802816901,369.0,42,42,71,10.997619047619047,0.5915492957746479
270590020,0.0,0.0,0.0,1,1,1,0.0,1.0
270607820,0.3,0.15,0.3,1,1,2,0.3,0.5
270660732,26.0,13.0,26.0,1,1,2,26.0,0.5
270705624,193.0,96.5,193.0,1,1,2,193.0,0.5
270777688,91.0,11.375,91.0,7,7,8,13.0,0.875
270787620,0.6,0.19999999999999998,0.6,2,2,3,0.3,0.6666666666666666
270806652,4.7,1.175,3.2,2,2,4,2.35,0.5
270843172,108.0,54.0,108.0,1,1,2,108.0,0.5
270917796,53.7,6.7125,27.0,4,4,8,13.425,0.5
271006912,11.6,5.8,11.6,1,1,2,11.6,0.5
271013192,195.3,32.550000000000004,195.0,3,3,6,65.10000000000001,0.5
271030096,0.4,0.2,0.4,1,1,2,0.4,0.5
271047352,3.2,1.6,3.2,1,1,2,3.2,0.5
271073348,95.1,13.585714285714285,90.0,5,5,7,19.02,0.7142857142857143
271133576,0.7,0.13999999999999999,0.4,3,3,5,0.2333333333333333,0.6
271146672,0.1,0.05,0.1,1,1,2,0.1,0.5
271279768,0.8999999999999999,0.22499999999999998,0.6,2,2,4,0.44999999999999996,0.5
271364180,2.8,1.4,2.8,1,1,2,2.8,0.5
271454872,11.4,5.7,11.4,1,1,2,11.4,0.5
271646756,0.2,0.1,0.2,1,1,2,0.2,0.5
271659144,22.0,5.5,22.0,3,3,4,7.333333333333333,0.75
271808456,47.0,23.5,47.0,1,1,2,47.0,0.5
271886944,0.4,0.2,0.4,1,1,2,0.4,0.5
271938268,76.3,4.238888888888889,28.0,9,9,18,8.477777777777778,0.5
272141796,11.8,5.9,11.8,1,1,2,11.8,0.5
272181160,23.5,1.5666666666666667,10.4,9,9,15,2.611111111111111,0.6
272300684,1.1,0.3666666666666667,1.1,2,2,3,0.55,0.6666666666666666
272404736,0.5,0.25,0.5,1,1,2,0.5,0.5
272425320,5.4,1.8,5.4,2,2,3,2.7,0.6666666666666666
272499996,231.0,7.9655172413793105,110.0,16,16,29,14.4375,0.5517241379310345
272542868,418.0,209.0,418.0,1,1,2,418.0,0.5
272820556,0.7,0.05833333333333333,0.7,11,11,12,0.06363636363636363,0.9166666666666666
272852624,179.4,13.8,133.0,9,9,13,19.933333333333334,0.6923076923076923
272981192,194.1,16.175,191.0,9,9,12,21.566666666666666,0.75
273021336,197.7,14.12142857142857,161.0,7,7,14,28.24285714285714,0.5
273069628,6.0,1.0,6.0,5,5,6,1.2,0.8333333333333334
273082868,356.3,9.376315789473685,265.0,24,24,38,14.845833333333333,0.631578947368421
273163848,0.4,0.2,0.4,1,1,2,0.4,0.5
273268792,10.5,5.25,10.5,1,1,2,10.5,0.5
273293320,0.0,0.0,0.0,5,5,5,0.0,1.0
273402148,5.9,2.95,5.9,1,1,2,5.9,0.5
273416560,0.8,0.4,0.8,1,1,2,0.8,0.5
273437556,0.0,0.0,0.0,1,1,1,0.0,1.0
273437868,66.2,1.6974358974358974,24.0,23,23,39,2.8782608695652177,0.5897435897435898
273539240,0.5,0.25,0.5,1,1,2,0.5,0.5
273544140,1.0,0.5,1.0,1,1,2,1.0,0.5
273597380,379.5,94.875,370.0,2,2,4,189.75,0.5
273624636,8.2,4.1,8.2,1,1,2,8.2,0.5
273741196,8.5,4.25,8.5,1,1,2,8.5,0.5
273817824,44.7,5.5875,38.0,6,6,8,7.45,0.75
273827660,64.0,21.333333333333332,64.0,2,2,3,32.0,0.6666666666666666
273828592,1.1,0.22000000000000003,1.1,4,4,5,0.275,0.8
273901604,31.0,7.75,31.0,3,3,4,10.333333333333334,0.75
273932992,0.0,0.0,0.0,2,2,2,0.0,1.0
274048748,78.7,19.675,77.0,2,2,4,39.35,0.5
274082752,0.0,0.0,0.0,1,1,1,0.0,1.0
274261412,0.9,0.15,0.4,3,3,6,0.3,0.5
274308276,6.7,3.35,6.7,1,1,2,6.7,0.5
274410276,240.0,21.818181818181817,240.0,10,10,11,24.0,0.9090909090909091
274420264,0.0,0.0,0.0,1,1,1,0.0,1.0
274420728,9.6,4.8,9.6,1,1,2,9.6,0.5
274422668,1.1,0.55,1.1,1,1,2,1.1,0.5
274439260,9.0,4.5,9.0,1,1,2,9.0,0.5
274538592,0.2,0.1,0.2,1,1,2,0.2,0.5
274581452,7.0,3.5,7.0,1,1,2,7.0,0.5
274602960,0.0,0.0,0.0,1,1,1,0.0,1.0
274613184,0.0,0.0,0.0,1,1,1,0.0,1.0
274624060,2.2,0.55,1.8,2,2,4,1.1,0.5
274693664,7.0,3.5,7.0,1,1,2,7.0,0.5
274785080,234.7,2.827710843373494,85.0,51,51,83,4.601960784313725,0.6144578313253012
274843696,56.0,28.0,56.0,1,1,2,56.0,0.5
275086284,16.3,1.1642857142857144,11.6,7,7,14,2.3285714285714287,0.5
275120552,0.4,0.2,0.4,1,1,2,0.4,0.5
275151488,2.6,0.65,1.8,2,2,4,1.3,0.5
275437638,46.0,23.0,46.0,1,1,2,46.0,0.5
275442576,1.9,0.95,1.9,1,1,2,1.9,0.5
275513970,4.1,1.025,4.1,3,3,4,1.3666666666666665,0.75
275518260,48.3,2.0124999999999997,12.4,15,15,24,3.2199999999999998,0.625
275521700,35.0,17.5,35.0,1,1,2,35.0,0.5
275529528,14.200000000000001,1.7750000000000001,5.9,4,4,8,3.5500000000000003,0.5
275639648,0.0,0.0,0.0,1,1,1,0.0,1.0
275667776,3.2,0.8,3.2,3,3,4,1.0666666666666667,0.75
275675446,0.0,0.0,0.0,1,1,1,0.0,1.0
275699008,213.3,42.660000000000004,205.0,3,3,5,71.10000000000001,0.6
275764806,40.0,20.0,40.0,1,1,2,40.0,0.5
275775796,0.0,0.0,0.0,1,1,1,0.0,1.0
275798890,48.4,12.1,43.0,2,2,4,24.2,0.5
275875486,84.1,5.25625,42.0,9,9,16,9.344444444444443,0.5625
275889776,50.0,25.0,50.0,1,1,2,50.0,0.5
275935324,1.8,0.9,1.8,1,1,2,1.8,0.5
275982472,4.2,2.1,4.2,1,1,2,4.2,0.5
276028696,6.9,1.3800000000000001,6.0,3,3,5,2.3000000000000003,0.6
276055488,0.9,0.225,0.8,2,2,4,0.45,0.5
276057148,105.6,2.575609756097561,33.0,21,21,41,5.0285714285714285,0.5121951219512195
276073724,28.4,4.733333333333333,27.0,3,3,6,9.466666666666667,0.5
276090576,44.8,1.5448275862068965,12.5,18,18,29,2.488888888888889,0.6206896551724138
276101470,420.0,210.0,420.0,1,1,2,420.0,0.5
276101850,1.1,0.55,1.1,1,1,2,1.1,0.5
276118496,0.6,0.0375,0.6,15,15,16,0.04,0.9375
276137458,0.0,0.0,0.0,1,1,1,0.0,1.0
276186966,28.7,3.5875,25.0,4,4,8,7.175,0.5
276225812,189.9,11.170588235294119,82.0,11,11,17,17.263636363636365,0.6470588235294118
276234796,12.5,1.5625,7.5,4,4,8,3.125,0.5
276239290,1.4,0.7,1.4,1,1,2,1.4,0.5
276285300,86.0,43.0,86.0,1,1,2,86.0,0.5
276374866,0.0,0.0,0.0,1,1,1,0.0,1.0
276467194,1.0,0.25,0.7,2,2,4,0.5,0.5
276505968,1.6,0.8,1.6,1,1,2,1.6,0.5
276520060,0.5,0.125,0.4,2,2,4,0.25,0.5
276526080,43.9,1.8291666666666666,19.7,13,13,24,3.376923076923077,0.5416666666666666
276555062,271.0,67.75,141.0,2,2,4,135.5,0.5
276567244,26.2,6.55,26.0,2,2,4,13.1,0.5
276587942,0.5,0.16666666666666666,0.5,2,2,3,0.25,0.6666666666666666
276609322,0.3,0.15,0.3,1,1,2,0.3,0.5
276680364,2.6,1.3,2.6,1,1,2,2.6,0.5
276745200,8.6,1.2285714285714284,7.4,4,4,7,2.15,0.5714285714285714
276820640,1.8,0.9,1.8,1,1,2,1.8,0.5
276932452,242.0,121.0,242.0,1,1,2,242.0,0.5
276958784,20.8,2.6,12.0,6,6,8,3.466666666666667,0.75
277003854,0.3,0.15,0.3,1,1,2,0.3,0.5
277095274,0.6,0.08571428571428572,0.6,6,6,7,0.09999999999999999,0.8571428571428571
277229584,8.0,1.6,7.8,3,3,5,2.6666666666666665,0.6
277239386,47.0,9.4,47.0,4,4,5,11.75,0.8
277253312,2.0,0.5,1.7,2,2,4,1.0,0.5
277283024,0.0,0.0,0.0,1,1,1,0.0,1.0
277283114,1.9,0.95,1.9,1,1,2,1.9,0.5
277286516,0.0,0.0,0.0,3,3,3,0.0,1.0
277294176,0.0,0.0,0.0,1,1,1,0.0,1.0
277339358,0.1,0.05,0.1,1,1,2,0.1,0.5
277377524,2.7,0.9,2.7,2,2,3,1.35,0.6666666666666666
277408896,3.4,0.5666666666666667,2.4,4,4,6,0.85,0.6666666666666666
277541086,53.5,2.675,51.0,14,14,20,3.8214285714285716,0.7
277557242,7.3,3.65,7.3,1,1,2,7.3,0.5
277605352,346.0,173.0,346.0,1,1,2,346.0,0.5
277635586,246.2,22.38181818181818,208.0,6,6,11,41.03333333333333,0.5454545454545454
277673224,31.0,7.75,31.0,3,3,4,10.333333333333334,0.75
277679482,6.5,1.625,4.6,2,2,4,3.25,0.5
277741936,39.0,19.5,39.0,1,1,2,39.0,0.5
277768228,0.2,0.1,0.2,1,1,2,0.2,0.5
277779002,0.4,0.2,0.4,1,1,2,0.4,0.5
277782286,268.0,134.0,268.0,1,1,2,268.0,0.5
277798812,0.0,0.0,0.0,1,1,1,0.0,1.0
277834336,3.0,1.5,3.0,1,1,2,3.0,0.5
277874860,647.4,107.89999999999999,646.0,3,3,6,215.79999999999998,0.5
277921358,86.5,21.625,86.0,2,2,4,43.25,0.5
277967574,278.4,17.4,194.0,12,12,16,23.2,0.75
277984366,14.4,1.6,13.5,6,6,9,2.4,0.6666666666666666
278021986,3.7,1.85,3.7,1,1,2,3.7,0.5
278099058,11.9,2.975,11.3,2,2,4,5.95,0.5
278136010,0.4,0.06666666666666667,0.4,5,5,6,0.08,0.8333333333333334
278176394,0.0,0.0,0.0,1,1,1,0.0,1.0
278209338,1.4000000000000001,0.15555555555555556,0.8,6,6,9,0.23333333333333336,0.6666666666666666
278222242,0.5,0.25,0.5,1,1,2,0.5,0.5
278247296,0.9,0.05625,0.9,15,15,16,0.060000000000000005,0.9375
278280460,2.0,1.0,2.0,1,1,2,2.0,0.5
278315524,0.0,0.0,0.0,1,1,1,0.0,1.0
278329690,5.8,2.9,5.8,1,1,2,5.8,0.5
278385104,0.0,0.0,0.0,2,2,2,0.0,1.0
278415486,109.0,54.5,109.0,1,1,2,109.0,0.5
278473288,8.7,4.35,8.7,1,1,2,8.7,0.5
278505070,1.6,0.8,1.6,1,1,2,1.6,0.5
278567826,16.2,5.3999999999999995,16.2,2,2,3,8.1,0.6666666666666666
278600042,0.0,0.0,0.0,1,1,1,0.0,1.0
278601876,0.0,0.0,0.0,1,1,1,0.0,1.0
278609380,0.3,0.15,0.3,1,1,2,0.3,0.5
278609462,1.4,0.7,1.4,1,1,2,1.4,0.5
278613910,61.2,10.200000000000001,58.0,4,4,6,15.3,0.6666666666666666
278678644,60.0,12.0,60.0,4,4,5,15.0,0.8
278757028,0.1,0.05,0.1,1,1,2,0.1,0.5
278801828,50.0,25.0,50.0,1,1,2,50.0,0.5
278825568,1.4,0.2333333333333333,0.9,3,3,6,0.4666666666666666,0.5
278828072,1.3,0.26,1.0,3,3,5,0.43333333333333335,0.6
278932462,87.0,29.0,87.0,2,2,3,43.5,0.6666666666666666
279122638,8.2,0.82,7.8,7,7,10,1.1714285714285713,0.7
279130412,0.0,0.0,0.0,1,1,1,0.0,1.0
279157418,5.0,1.6666666666666667,5.0,2,2,3,2.5,0.6666666666666666
279166226,18.3,9.15,18.3,1,1,2,18.3,0.5
279171078,18.8,2.35,9.6,4,4,8,4.7,0.5
279203738,3.9,0.975,3.3,2,2,4,1.95,0.5
279204362,1.0,0.5,1.0,1,1,2,1.0,0.5
279218570,1.2,0.3,0.7,2,2,4,0.6,0.5
279223318,16.7,8.35,16.7,1,1,2,16.7,0.5
279290604,0.3,0.15,0.3,1,1,2,0.3,0.5
279316312,2.4,0.48,2.4,4,4,5,0.6,0.8
279317380,6.6,3.3,6.6,1,1,2,6.6,0.5
279329852,4.7,0.9400000000000001,4.7,4,4,5,1.175,0.8
279391666,118.0,59.0,118.0,1,1,2,118.0,0.5
279406744,37.0,6.166666666666667,37.0,5,5,6,7.4,0.8333333333333334
279464634,32.0,16.0,32.0,1,1,2,32.0,0.5
279487658,316.2,63.239999999999995,316.0,3,3,5,105.39999999999999,0.6
279523978,0.8,0.4,0.8,1,1,2,0.8,0.5
279552440,0.6,0.3,0.6,1,1,2,0.6,0.5
279569452,21.0,10.5,21.0,1,1,2,21.0,0.5
279603258,9.3,4.65,9.3,1,1,2,9.3,0.5
279619836,0.0,0.0,0.0,1,1,1,0.0,1.0
279637570,202.0,101.0,202.0,1,1,2,202.0,0.5
279638854,1.0,0.5,1.0,1,1,2,1.0,0.5
279668062,10.1,5.05,10.1,1,1,2,10.1,0.5
279731066,50.0,25.0,50.0,1,1,2,50.0,0.5
279734186,0.4,0.2,0.4,1,1,2,0.4,0.5
279965238,10.0,1.1111111111111112,6.6,5,5,9,2.0,0.5555555555555556
280027508,266.0,133.0,266.0,1,1,2,266.0,0.5
280061602,3.0,1.5,3.0,1,1,2,3.0,0.5
280096578,30.0,15.0,30.0,1,1,2,30.0,0.5
280275540,4.1,0.3153846153846154,2.0,9,9,13,0.4555555555555555,0.6923076923076923
280288586,3.1,1.55,3.1,1,1,2,3.1,0.5
280317702,0.0,0.0,0.0,1,1,1,0.0,1.0
280348554,194.0,64.66666666666667,194.0,2,2,3,97.0,0.6666666666666666
280352750,2.5,0.625,2.5,3,3,4,0.8333333333333334,0.75
280363186,1.6,0.17777777777777778,1.3,6,6,9,0.26666666666666666,0.6666666666666666
280421462,0.0,0.0,0.0,6,6,6,0.0,1.0
280447750,0.0,0.0,0.0,1,1,1,0.0,1.0
280457098,0.7,0.35,0.7,1,1,2,0.7,0.5
280497428,31.0,6.2,31.0,4,4,5,7.75,0.8
280527612,4.0,2.0,4.0,1,1,2,4.0,0.5
280539948,52.0,26.0,52.0,1,1,2,52.0,0.5
280567820,0.2,0.1,0.2,1,1,2,0.2,0.5
280609756,6.0,3.0,6.0,1,1,2,6.0,0.5
280664166,0.8,0.26666666666666666,0.8,2,2,3,0.4,0.6666666666666666
280721592,0.7,0.2333333333333333,0.7,2,2,3,0.35,0.6666666666666666
280819916,494.0,247.0,494.0,1,1,2,494.0,0.5
280824162,592.0,42.285714285714285,592.0,13,13,14,45.53846153846154,0.9285714285714286
280832360,318.0,159.0,318.0,1,1,2,318.0,0.5
280845170,63.0,31.5,63.0,1,1,2,63.0,0.5
280955228,1.3,0.325,1.0,2,2,4,0.65,0.5
280969114,92.0,46.0,92.0,1,1,2,92.0,0.5
280976178,0.7,0.35,0.7,1,1,2,0.7,0.5
280978702,1.5,0.75,1.5,1,1,2,1.5,0.5
281041560,1.8,0.9,1.8,1,1,2,1.8,0.5
281082462,242.5,60.625,241.0,2,2,4,121.25,0.5
281084246,1.3,0.21666666666666667,0.5,3,3,6,0.43333333333333335,0.5
281157668,0.3,0.15,0.3,1,1,2,0.3,0.5
281168230,12.799999999999999,0.6399999999999999,11.7,17,17,20,0.7529411764705882,0.85
281196596,79.0,26.333333333333332,79.0,2,2,3,39.5,0.6666666666666666
281216836,59.0,19.666666666666668,59.0,2,2,3,29.5,0.6666666666666666
281302904,0.0,0.0,0.0,1,1,1,0.0,1.0
281308924,0.6,0.3,0.6,1,1,2,0.6,0.5
281324958,5.7,2.85,5.7,1,1,2,5.7,0.5
281376430,0.4,0.2,0.4,1,1,2,0.4,0.5
281398000,25.0,12.5,25.0,1,1,2,25.0,0.5
281401386,3.2,1.0666666666666667,3.2,2,2,3,1.6,0.6666666666666666
281406000,1.3,0.65,1.3,1,1,2,1.3,0.5
281437808,3.7,1.85,3.7,1,1,2,3.7,0.5
281515094,0.0,0.0,0.0,1,1,1,0.0,1.0
281535206,332.9,6.793877551020408,105.0,30,30,49,11.096666666666666,0.6122448979591837
281549566,6.6,3.3,6.6,1,1,2,6.6,0.5
281552962,28.0,14.0,28.0,1,1,2,28.0,0.5
281579960,0.5,0.25,0.5,1,1,2,0.5,0.5
281657804,2.3,1.15,2.3,1,1,2,2.3,0.5
281824528,267.5,26.75,167.0,5,5,10,53.5,0.5
281846414,323.0,80.75,311.0,2,2,4,161.5,0.5
281857216,515.2,12.565853658536586,471.0,34,34,41,15.15294117647059,0.8292682926829268
281864662,2.7,0.11739130434782609,0.8,16,16,23,0.16875,0.6956521739130435
281927198,59.0,14.75,59.0,3,3,4,19.666666666666668,0.75
281933068,9.7,4.85,9.7,1,1,2,9.7,0.5
281985866,0.5,0.25,0.5,1,1,2,0.5,0.5
281992088,0.0,0.0,0.0,1,1,1,0.0,1.0
282004804,0.0,0.0,0.0,4,4,4,0.0,1.0
282049154,0.0,0.0,0.0,2,2,2,0.0,1.0
282052972,100.0,10.0,100.0,9,9,10,11.11111111111111,0.9
282061856,0.0,0.0,0.0,5,5,5,0.0,1.0
282096494,8.5,2.8333333333333335,8.5,2,2,3,4.25,0.6666666666666666
282180040,0.0,0.0,0.0,1,1,1,0.0,1.0
282290070,0.2,0.1,0.2,1,1,2,0.2,0.5
282307340,30.0,15.0,30.0,1,1,2,30.0,0.5
282320568,31.7,2.2642857142857142,12.4,7,7,14,4.5285714285714285,0.5
282349848,0.2,0.1,0.2,1,1,2,0.2,0.5
282358910,1.1,0.275,1.1,3,3,4,0.3666666666666667,0.75
282408930,1.0,0.5,1.0,1,1,2,1.0,0.5
282464648,99.5,2.763888888888889,21.0,21,21,36,4.738095238095238,0.5833333333333334
282502466,10.0,5.0,10.0,1,1,2,10.0,0.5
282529842,4.9,0.6125,2.3,4,4,8,1.225,0.5
282532526,1.2,0.6,1.2,1,1,2,1.2,0.5
282533716,1.5,0.75,1.5,1,1,2,1.5,0.5
282565204,34.0,17.0,34.0,1,1,2,34.0,0.5
282567672,61.0,30.5,61.0,1,1,2,61.0,0.5
282599048,11.5,5.75,11.5,1,1,2,11.5,0.5
282638848,1.0,0.25,1.0,3,3,4,0.3333333333333333,0.75
282676810,3.3,1.65,3.3,1,1,2,3.3,0.5
282731606,31.1,6.220000000000001,31.0,3,3,5,10.366666666666667,0.6
282733934,30.0,15.0,30.0,1,1,2,30.0,0.5
282739324,1.0,0.5,1.0,1,1,2,1.0,0.5
282755920,61.7,4.4071428571428575,51.0,10,10,14,6.17,0.7142857142857143
282810196,2.5,1.25,2.5,1,1,2,2.5,0.5
282896672,478.0,239.0,478.0,1,1,2,478.0,0.5
282923824,4.8,0.7999999999999999,4.7,4,4,6,1.2,0.6666666666666666
282935858,0.0,0.0,0.0,1,1,1,0.0,1.0
282945740,0.2,0.1,0.2,1,1,2,0.2,0.5
282974048,19.7,9.85,19.7,1,1,2,19.7,0.5
282998252,1.7,0.85,1.7,1,1,2,1.7,0.5
283068492,16.0,8.0,16.0,1,1,2,16.0,0.5
283079860,2.1,1.05,2.1,1,1,2,2.1,0.5
283111528,5.7,1.425,5.3,2,2,4,2.85,0.5
283212746,3.0,1.5,3.0,1,1,2,3.0,0.5
283264914,18.200000000000003,3.6400000000000006,10.3,3,3,5,6.066666666666667,0.6
283326616,1.5,0.21428571428571427,1.2,5,5,7,0.3,0.7142857142857143
283382726,0.2,0.03333333333333333,0.2,5,5,6,0.04,0.8333333333333334
283398094,0.0,0.0,0.0,4,4,4,0.0,1.0
283401578,2.4,1.2,2.4,1,1,2,2.4,0.5
283473778,1.4,0.7,1.4,1,1,2,1.4,0.5
283482222,2.4,0.3,2.4,7,7,8,0.34285714285714286,0.875
283498338,0.4,0.08,0.4,4,4,5,0.1,0.8
283539952,23.0,11.5,23.0,1,1,2,23.0,0.5
283540468,2.9,1.45,2.9,1,1,2,2.9,0.5
283558096,3.3,0.5499999999999999,3.3,5,5,6,0.6599999999999999,0.8333333333333334
283569430,154.0,77.0,154.0,1,1,2,154.0,0.5
283594208,0.0,0.0,0.0,1,1,1,0.0,1.0
283597302,0.0,0.0,0.0,2,2,2,0.0,1.0
283636252,0.1,0.05,0.1,1,1,2,0.1,0.5
283651572,12.0,3.0,9.0,2,2,4,6.0,0.5
283665212,0.8,0.4,0.8,1,1,2,0.8,0.5
283710888,8.0,4.0,8.0,1,1,2,8.0,0.5
283814678,432.0,216.0,432.0,1,1,2,432.0,0.5
283815388,3.5,0.5833333333333334,1.3,3,3,6,1.1666666666666667,0.5
283840654,2.3,1.15,2.3,1,1,2,2.3,0.5
283853460,1.7,0.85,1.7,1,1,2,1.7,0.5
283858738,0.0,0.0,0.0,1,1,1,0.0,1.0
283872900,850.0,56.666666666666664,467.0,9,9,15,94.44444444444444,0.6
283896040,10.9,1.3625,10.9,7,7,8,1.5571428571428572,0.875
283922576,7.3,0.48666666666666664,6.1,10,10,15,0.73,0.6666666666666666
283975164,67.0,33.5,67.0,1,1,2,67.0,0.5
283979950,0.0,0.0,0.0,1,1,1,0.0,1.0
284019534,732.6,61.050000000000004,729.0,10,10,12,73.26,0.8333333333333334
284064476,0.3,0.15,0.3,1,1,2,0.3,0.5
284096202,1.0,0.16666666666666666,0.7,4,4,6,0.25,0.6666666666666666
284164106,0.5,0.25,0.5,1,1,2,0.5,0.5
284165884,5.7,2.85,5.7,1,1,2,5.7,0.5
284189098,0.7,0.35,0.7,1,1,2,0.7,0.5
284284114,14.7,7.35,14.7,1,1,2,14.7,0.5
284291482,0.0,0.0,0.0,1,1,1,0.0,1.0
284372650,0.4,0.13333333333333333,0.4,2,2,3,0.2,0.6666666666666666
284439080,0.0,0.0,0.0,1,1,1,0.0,1.0
284444506,16.7,8.35,16.7,1,1,2,16.7,0.5
284452410,0.0,0.0,0.0,1,1,1,0.0,1.0
284475590,28.0,14.0,28.0,1,1,2,28.0,0.5
284490460,0.2,0.1,0.2,1,1,2,0.2,0.5
284526944,178.0,59.333333333333336,178.0,2,2,3,89.0,0.6666666666666666
284555178,0.3,0.15,0.3,1,1,2,0.3,0.5
284604128,0.1,0.05,0.1,1,1,2,0.1,0.5
284608638,6.3,3.15,6.3,1,1,2,6.3,0.5
284680706,360.0,22.5,360.0,15,15,16,24.0,0.9375
284701762,30.0,15.0,30.0,1,1,2,30.0,0.5
284729488,86.1,7.827272727272727,46.0,6,6,11,14.35,0.5454545454545454
284769694,5.0,2.5,5.0,1,1,2,5.0,0.5
284863484,1.9,0.95,1.9,1,1,2,1.9,0.5
284897470,46.2,11.55,31.0,2,2,4,23.1,0.5
284897982,2.1,1.05,2.1,1,1,2,2.1,0.5
284934852,46.9,6.7,34.0,5,5,7,9.379999999999999,0.7142857142857143
284999400,88.0,29.333333333333332,88.0,2,2,3,44.0,0.6666666666666666
285055272,88.0,44.0,88.0,1,1,2,88.0,0.5
285085570,104.0,52.0,104.0,1,1,2,104.0,0.5
285167092,2.9,1.45,2.9,1,1,2,2.9,0.5
285252660,167.3,33.46,166.0,3,3,5,55.76666666666667,0.6
285282740,15.2,1.9,15.2,7,7,8,2.1714285714285713,0.875
285316500,0.1,0.05,0.1,1,1,2,0.1,0.5
285380840,33.0,16.5,33.0,1,1,2,33.0,0.5
285386664,43.8,2.433333333333333,16.5,11,11,18,3.9818181818181815,0.6111111111111112
285426740,23.0,5.75,23.0,3,3,4,7.666666666666667,0.75
285478986,3.4,0.85,2.9,2,2,4,1.7,0.5
285480540,14.0,2.8,14.0,4,4,5,3.5,0.8
285509578,0.0,0.0,0.0,1,1,1,0.0,1.0
285536388,0.3,0.15,0.3,1,1,2,0.3,0.5
285537912,36.0,18.0,36.0,1,1,2,36.0,0.5
285543474,2.2,1.1,2.2,1,1,2,2.2,0.5
285545510,0.4,0.2,0.4,1,1,2,0.4,0.5
285596456,1.6,0.32,1.6,4,4,5,0.4,0.8
285600472,5.1,0.36428571428571427,1.8,8,8,14,0.6375,0.5714285714285714
285664668,143.0,71.5,143.0,1,1,2,143.0,0.5
285704870,7.5,3.75,7.5,1,1,2,7.5,0.5
285792368,46.0,15.333333333333334,46.0,2,2,3,23.0,0.6666666666666666
285835754,0.0,0.0,0.0,7,7,7,0.0,1.0
285860790,452.9,10.532558139534883,261.0,28,28,43,16.175,0.6511627906976745
285862168,19.2,2.4,8.5,4,4,8,4.8,0.5
285869008,94.5,3.9375,42.0,13,13,24,7.269230769230769,0.5416666666666666
285882402,76.7,5.113333333333333,55.0,8,8,15,9.5875,0.5333333333333333
285883244,205.3,18.663636363636364,194.0,6,6,11,34.21666666666667,0.5454545454545454
285914210,0.5,0.16666666666666666,0.5,2,2,3,0.25,0.6666666666666666
285926554,18.4,4.6,18.4,3,3,4,6.133333333333333,0.75
285952666,1.1,0.275,1.1,3,3,4,0.3666666666666667,0.75
285972122,2.6,0.37142857142857144,2.6,6,6,7,0.43333333333333335,0.8571428571428571
286084810,16.4,2.733333333333333,10.4,3,3,6,5.466666666666666,0.5
286095646,2.6,1.3,2.6,1,1,2,2.6,0.5
286105002,4.3,2.15,4.3,1,1,2,4.3,0.5
286151784,2.5,0.4166666666666667,1.8,4,4,6,0.625,0.6666666666666666
286170278,0.0,0.0,0.0,1,1,1,0.0,1.0
286178286,2.4,1.2,2.4,1,1,2,2.4,0.5
286222836,38.0,7.6,38.0,4,4,5,9.5,0.8
286230424,1.8,0.45,1.6,2,2,4,0.9,0.5
286244196,0.2,0.1,0.2,1,1,2,0.2,0.5
286394356,0.7,0.35,0.7,1,1,2,0.7,0.5
286445618,3.2,1.6,3.2,1,1,2,3.2,0.5
286458362,0.7,0.35,0.7,1,1,2,0.7,0.5
286468828,2.0,1.0,2.0,1,1,2,2.0,0.5
286511722,9.4,4.7,9.4,1,1,2,9.4,0.5
286545176,88.0,29.333333333333332,88.0,2,2,3,44.0,0.6666666666666666
286637360,2.9,0.3222222222222222,2.9,8,8,9,0.3625,0.8888888888888888
286657812,1.2,0.6,1.2,1,1,2,1.2,0.5
286700638,32.0,16.0,32.0,1,1,2,32.0,0.5
286701848,46.3,4.63,36.0,5,5,10,9.26,0.5
286706280,35.0,11.666666666666666,35.0,2,2,3,17.5,0.6666666666666666
286761300,0.7,0.35,0.7,1,1,2,0.7,0.5
286926470,108.1,5.404999999999999,46.0,11,11,20,9.827272727272726,0.55
286935538,3.0,1.5,3.0,1,1,2,3.0,0.5
286968172,11.8,0.3277777777777778,11.8,35,35,36,0.3371428571428572,0.9722222222222222
286988428,0.0,0.0,0.0,6,6,6,0.0,1.0
287061478,409.0,204.5,409.0,1,1,2,409.0,0.5
287084934,3.9,1.95,3.9,1,1,2,3.9,0.5
287122626,3.4,0.33999999999999997,3.4,9,9,10,0.37777777777777777,0.9
287147708,1.3,0.65,1.3,1,1,2,1.3,0.5
287193260,144.0,72.0,144.0,1,1,2,144.0,0.5
287260444,28.0,14.0,28.0,1,1,2,28.0,0.5
287264958,49.0,2.130434782608696,23.0,14,14,23,3.5,0.6086956521739131
287270696,267.0,53.4,267.0,4,4,5,66.75,0.8
287317468,1.7,0.85,1.7,1,1,2,1.7,0.5
287330018,0.0,0.0,0.0,1,1,1,0.0,1.0
287333204,0.2,0.1,0.2,1,1,2,0.2,0.5
287336000,13.5,6.75,13.5,1,1,2,13.5,0.5
287465432,45.0,3.75,45.0,11,11,12,4.090909090909091,0.9166666666666666
287494342,12.7,6.35,12.7,1,1,2,12.7,0.5
287498478,0.4,0.2,0.4,1,1,2,0.4,0.5
287500646,0.7,0.35,0.7,1,1,2,0.7,0.5
287557416,0.7,0.175,0.5,2,2,4,0.35,0.5
287595170,0.0,0.0,0.0,1,1,1,0.0,1.0
287613958,0.2,0.1,0.2,1,1,2,0.2,0.5
287668512,92.9,23.225,92.0,2,2,4,46.45,0.5
287693866,1.2,0.39999999999999997,1.2,2,2,3,0.6,0.6666666666666666
287706524,0.1,0.05,0.1,1,1,2,0.1,0.5
287713950,0.1,0.05,0.1,1,1,2,0.1,0.5
287725554,1.0,0.5,1.0,1,1,2,1.0,0.5
287778652,7.7,3.85,7.7,1,1,2,7.7,0.5
287778700,188.4,47.1,188.0,2,2,4,94.2,0.5
287812798,34.0,4.857142857142857,34.0,6,6,7,5.666666666666667,0.8571428571428571
287824954,48.1,2.6722222222222225,31.0,9,9,18,5.344444444444445,0.5
287848624,20.0,1.25,9.2,11,11,16,1.8181818181818181,0.6875
287880344,0.3,0.15,0.3,1,1,2,0.3,0.5
287943546,1.9,0.6333333333333333,1.9,2,2,3,0.95,0.6666666666666666
287948400,0.7,0.35,0.7,1,1,2,0.7,0.5
287973020,0.0,0.0,0.0,6,6,6,0.0,1.0
288038138,0.0,0.0,0.0,1,1,1,0.0,1.0
288074578,8.9,2.966666666666667,8.9,2,2,3,4.45,0.6666666666666666
288077180,0.0,0.0,0.0,2,2,2,0.0,1.0
288094442,0.0,0.0,0.0,5,5,5,0.0,1.0
288121778,193.0,96.5,193.0,1,1,2,193.0,0.5
288155906,0.8,0.4,0.8,1,1,2,0.8,0.5
288160158,0.0,0.0,0.0,1,1,1,0.0,1.0
288164462,36.0,12.0,36.0,2,2,3,18.0,0.6666666666666666
288228282,0.0,0.0,0.0,1,1,1,0.0,1.0
288259150,80.0,13.333333333333334,80.0,5,5,6,16.0,0.8333333333333334
288274882,168.6,3.3058823529411763,91.0,30,30,51,5.62,0.5882352941176471
288385496,0.6,0.3,0.6,1,1,2,0.6,0.5
288449536,3.1,1.55,3.1,1,1,2,3.1,0.5
288581914,2.8,1.4,2.8,1,1,2,2.8,0.5
288599336,0.0,0.0,0.0,1,1,1,0.0,1.0
288600692,240.0,120.0,240.0,1,1,2,240.0,0.5
288651880,1.0,0.5,1.0,1,1,2,1.0,0.5
288709050,2.6,1.3,2.6,1,1,2,2.6,0.5
288712080,16.5,5.5,16.5,2,2,3,8.25,0.6666666666666666
288787646,1.9,0.95,1.9,1,1,2,1.9,0.5
288854118,0.7,0.35,0.7,1,1,2,0.7,0.5
288856904,1.8,0.9,1.8,1,1,2,1.8,0.5
288863634,3.6,1.2,3.6,2,2,3,1.8,0.6666666666666666
288916596,155.0,25.833333333333332,155.0,5,5,6,31.0,0.8333333333333334
289006222,7.7,1.925,5.2,2,2,4,3.85,0.5
289075484,1.8,0.9,1.8,1,1,2,1.8,0.5
289190882,0.0,0.0,0.0,1,1,1,0.0,1.0
289193172,0.1,0.03333333333333333,0.1,2,2,3,0.05,0.6666666666666666
289244540,264.3,10.165384615384616,187.0,16,16,26,16.51875,0.6153846153846154
289302686,0.0,0.0,0.0,2,2,2,0.0,1.0
289383568,11.1,2.775,10.9,2,2,4,5.55,0.5
289428854,4.1,1.3666666666666665,4.1,2,2,3,2.05,0.6666666666666666
289524714,3.9,1.95,3.9,1,1,2,3.9,0.5
289540058,0.3,0.075,0.3,3,3,4,0.09999999999999999,0.75
289573026,7.2,3.6,7.2,1,1,2,7.2,0.5
289573472,0.0,0.0,0.0,2,2,2,0.0,1.0
289729300,0.0,0.0,0.0,2,2,2,0.0,1.0
289734724,269.0,134.5,269.0,1,1,2,269.0,0.5
289759310,26.0,8.666666666666666,26.0,2,2,3,13.0,0.6666666666666666
289760650,0.0,0.0,0.0,2,2,2,0.0,1.0
289801262,0.0,0.0,0.0,1,1,1,0.0,1.0
289856966,3.3,1.65,3.3,1,1,2,3.3,0.5
289893544,4.8,1.2,4.8,3,3,4,1.5999999999999999,0.75
289918864,48.0,16.0,48.0,2,2,3,24.0,0.6666666666666666
289934364,0.8,0.4,0.8,1,1,2,0.8,0.5
290030194,2.1,1.05,2.1,1,1,2,2.1,0.5
290081808,28.0,14.0,28.0,1,1,2,28.0,0.5
290225336,9.5,4.75,9.5,1,1,2,9.5,0.5
290332490,1.0,0.16666666666666666,1.0,5,5,6,0.2,0.8333333333333334
290334662,6.0,3.0,6.0,1,1,2,6.0,0.5
290367158,1.9000000000000001,0.47500000000000003,1.8,2,2,4,0.9500000000000001,0.5
290416542,138.0,69.0,138.0,1,1,2,138.0,0.5
290502496,0.4,0.13333333333333333,0.4,2,2,3,0.2,0.6666666666666666
290542222,33.8,2.1125,14.4,11,11,16,3.0727272727272723,0.6875
290573962,8.4,4.2,8.4,1,1,2,8.4,0.5
290582378,152.5,30.5,152.0,3,3,5,50.833333333333336,0.6
290626938,0.0,0.0,0.0,1,1,1,0.0,1.0
290700906,19.3,2.1444444444444444,17.2,6,6,9,3.216666666666667,0.6666666666666666
290749426,1.9,0.95,1.9,1,1,2,1.9,0.5
290842944,0.0,0.0,0.0,1,1,1,0.0,1.0
290864164,22.0,11.0,22.0,1,1,2,22.0,0.5
290895974,163.0,81.5,163.0,1,1,2,163.0,0.5
290948882,2.8000000000000003,0.7000000000000001,2.6,2,2,4,1.4000000000000001,0.5
290991390,1.1,0.275,1.1,3,3,4,0.3666666666666667,0.75
290995026,19.0,2.7142857142857144,16.9,4,4,7,4.75,0.5714285714285714
291038678,6.4,2.1333333333333333,6.4,2,2,3,3.2,0.6666666666666666
291070006,7.8,0.5571428571428572,3.1,8,8,14,0.975,0.5714285714285714
291129250,10.9,5.45,10.9,1,1,2,10.9,0.5
291151096,41.0,20.5,41.0,1,1,2,41.0,0.5
291241250,1.0,0.5,1.0,1,1,2,1.0,0.5
291248270,1.7,0.85,1.7,1,1,2,1.7,0.5
291277170,0.7,0.35,0.7,1,1,2,0.7,0.5
291293152,10.299999999999999,1.2874999999999999,5.3,4,4,8,2.5749999999999997,0.5
291313138,0.7,0.35,0.7,1,1,2,0.7,0.5
291406122,69.0,23.0,69.0,2,2,3,34.5,0.6666666666666666
291439350,56.0,28.0,56.0,1,1,2,56.0,0.5
291447290,8.6,1.4333333333333333,8.6,5,5,6,1.72,0.8333333333333334
291452278,0.0,0.0,0.0,1,1,1,0.0,1.0
291478350,0.6,0.3,0.6,1,1,2,0.6,0.5
291482664,19.7,1.97,17.5,8,8,10,2.4625,0.8
291512840,1.8,0.45,1.8,3,3,4,0.6,0.75
291527866,2.0,0.4,2.0,4,4,5,0.5,0.8
291629654,6.9,3.45,6.9,1,1,2,6.9,0.5
291814106,0.0,0.0,0.0,1,1,1,0.0,1.0
291819440,43.0,7.166666666666667,43.0,5,5,6,8.6,0.8333333333333334
291846968,2.5,0.5,1.4,3,3,5,0.8333333333333334,0.6
291878062,0.7,0.35,0.7,1,1,2,0.7,0.5
291880806,1.2,0.6,1.2,1,1,2,1.2,0.5
291907288,2.7,1.35,2.7,1,1,2,2.7,0.5
291967240,0.8,0.13333333333333333,0.8,5,5,6,0.16,0.8333333333333334
291971046,0.0,0.0,0.0,1,1,1,0.0,1.0
292054386,0.0,0.0,0.0,1,1,1,0.0,1.0
292070264,192.2,19.22,136.0,6,6,10,32.03333333333333,0.6
292129258,74.0,37.0,74.0,1,1,2,74.0,0.5
292150196,0.0,0.0,0.0,1,1,1,0.0,1.0
292158722,4.9,2.45,4.9,1,1,2,4.9,0.5
292167220,1.3,0.43333333333333335,1.3,2,2,3,0.65,0.6666666666666666
292168490,0.0,0.0,0.0,1,1,1,0.0,1.0
292172142,28.0,5.6,14.5,3,3,5,9.333333333333334,0.6
292196792,5.4,2.7,5.4,1,1,2,5.4,0.5
292260290,0.2,0.1,0.2,1,1,2,0.2,0.5
292326196,0.2,0.1,0.2,1,1,2,0.2,0.5
292332406,10.7,1.1888888888888889,8.2,7,7,9,1.5285714285714285,0.7777777777777778
292422780,7.3,3.65,7.3,1,1,2,7.3,0.5
292470488,0.4,0.1,0.4,3,3,4,0.13333333333333333,0.75
292652586,5.6,2.8,5.6,1,1,2,5.6,0.5
292710310,0.2,0.1,0.2,1,1,2,0.2,0.5
292715948,2.6,1.3,2.6,1,1,2,2.6,0.5
292731142,22.0,7.333333333333333,22.0,2,2,3,11.0,0.6666666666666666
292737214,0.3,0.15,0.3,1,1,2,0.3,0.5
292741048,0.0,0.0,0.0,8,8,8,0.0,1.0
292744287,0.7,0.03043478260869565,0.7,22,22,23,0.031818181818181815,0.9565217391304348
292748654,0.0,0.0,0.0,2,2,2,0.0,1.0
292835680,0.0,0.0,0.0,4,4,4,0.0,1.0
292881361,1.3,0.1625,0.6,5,5,8,0.26,0.625
292917073,0.3,0.15,0.3,1,1,2,0.3,0.5
292936227,8.4,2.8000000000000003,8.4,2,2,3,4.2,0.6666666666666666
292939884,15.1,7.55,15.1,1,1,2,15.1,0.5
292967736,0.0,0.0,0.0,1,1,1,0.0,1.0
292975910,5.6,2.8,5.6,1,1,2,5.6,0.5
292976473,1.1,0.55,1.1,1,1,2,1.1,0.5
292989657,0.7,0.35,0.7,1,1,2,0.7,0.5
293002110,1.7,0.85,1.7,1,1,2,1.7,0.5
293042025,258.3,12.915000000000001,55.0,11,11,20,23.481818181818184,0.55
293076852,1.4,0.7,1.4,1,1,2,1.4,0.5
293098247,7.4,3.7,7.4,1,1,2,7.4,0.5
293101422,79.0,39.5,79.0,1,1,2,79.0,0.5
293108035,6.1,3.05,6.1,1,1,2,6.1,0.5
293110570,0.0,0.0,0.0,3,3,3,0.0,1.0
293115480,21.0,10.5,21.0,1,1,2,21.0,0.5
293188300,32.0,16.0,32.0,1,1,2,32.0,0.5
293197798,0.0,0.0,0.0,1,1,1,0.0,1.0
293204747,1.5,0.75,1.5,1,1,2,1.5,0.5
293211305,1.4,0.7,1.4,1,1,2,1.4,0.5
293231906,20.0,10.0,20.0,1,1,2,20.0,0.5
293244157,0.2,0.06666666666666667,0.2,2,2,3,0.1,0.6666666666666666
293269191,74.9,7.49,70.0,7,7,10,10.700000000000001,0.7
293288238,2.3,1.15,2.3,1,1,2,2.3,0.5
293303005,14.9,1.2416666666666667,5.1,7,7,12,2.1285714285714286,0.5833333333333334
293305383,11.5,5.75,11.5,1,1,2,11.5,0.5
293312087,71.4,7.933333333333334,64.0,6,6,9,11.9,0.6666666666666666
293333924,4.4,2.2,4.4,1,1,2,4.4,0.5
293349681,10.4,5.2,10.4,1,1,2,10.4,0.5
293350478,0.2,0.1,0.2,1,1,2,0.2,0.5
293360401,110.4,27.6,100.0,2,2,4,55.2,0.5
293364588,0.7,0.35,0.7,1,1,2,0.7,0.5
293376584,175.0,21.875,175.0,7,7,8,25.0,0.875
293378273,1.5,0.75,1.5,1,1,2,1.5,0.5
293422780,1.2,0.17142857142857143,1.0,5,5,7,0.24,0.7142857142857143
293463755,15.9,1.7666666666666666,8.9,5,5,9,3.18,0.5555555555555556
293478944,8.2,1.3666666666666665,8.2,5,5,6,1.64,0.8333333333333334
293488473,260.0,37.142857142857146,200.0,5,5,7,52.0,0.7142857142857143
293500233,1.5,0.75,1.5,1,1,2,1.5,0.5
293527273,0.4,0.044444444444444446,0.4,8,8,9,0.05,0.8888888888888888
293537600,7.8,3.9,7.8,1,1,2,7.8,0.5
293541342,0.2,0.1,0.2,1,1,2,0.2,0.5
293551083,0.0,0.0,0.0,1,1,1,0.0,1.0
293570114,0.0,0.0,0.0,10,10,10,0.0,1.0
293578749,4.2,0.7000000000000001,3.8,4,4,6,1.05,0.6666666666666666
293587092,94.4,11.8,69.0,5,5,8,18.880000000000003,0.625
293600797,9.3,0.8454545454545456,5.0,6,6,11,1.55,0.5454545454545454
293615878,0.0,0.0,0.0,2,2,2,0.0,1.0
293660635,12.0,3.0,12.0,3,3,4,4.0,0.75
293691139,3.3,0.36666666666666664,1.4,6,6,9,0.5499999999999999,0.6666666666666666
293693492,36.0,18.0,36.0,1,1,2,36.0,0.5
293705270,1.0,0.5,1.0,1,1,2,1.0,0.5
293706250,5.6,1.8666666666666665,5.6,2,2,3,2.8,0.6666666666666666
293714386,4.4,2.2,4.4,1,1,2,4.4,0.5
293714430,23.0,11.5,23.0,1,1,2,23.0,0.5
293744664,4.7,2.35,4.7,1,1,2,4.7,0.5
293758845,1.8,0.2571428571428572,1.6,5,5,7,0.36,0.7142857142857143
293766234,0.0,0.0,0.0,1,1,1,0.0,1.0
293787115,4.1,2.05,4.1,1,1,2,4.1,0.5
293843600,0.0,0.0,0.0,1,1,1,0.0,1.0
293845683,89.0,44.5,89.0,1,1,2,89.0,0.5
293881991,13.3,6.65,13.3,1,1,2,13.3,0.5
293929390,0.0,0.0,0.0,1,1,1,0.0,1.0
293959803,9.1,4.55,9.1,1,1,2,9.1,0.5
293978986,486.0,162.0,486.0,2,2,3,243.0,0.6666666666666666
294006204,114.5,19.083333333333332,114.0,3,3,6,38.166666666666664,0.5
294079146,0.4,0.2,0.4,1,1,2,0.4,0.5
294091752,8.7,4.35,8.7,1,1,2,8.7,0.5
294123013,100.5,25.125,81.0,2,2,4,50.25,0.5
294130030,0.0,0.0,0.0,1,1,1,0.0,1.0
294148344,0.4,0.2,0.4,1,1,2,0.4,0.5
294150681,0.7,0.35,0.7,1,1,2,0.7,0.5
294155812,0.1,0.05,0.1,1,1,2,0.1,0.5
294164990,0.2,0.1,0.2,1,1,2,0.2,0.5
294169103,2.3,1.15,2.3,1,1,2,2.3,0.5
294201005,0.3,0.15,0.3,1,1,2,0.3,0.5
294250383,1.5,0.75,1.5,1,1,2,1.5,0.5
294255087,0.8,0.4,0.8,1,1,2,0.8,0.5
294256282,4.8,2.4,4.8,1,1,2,4.8,0.5
294281624,3.0,1.5,3.0,1,1,2,3.0,0.5
294391279,0.9,0.3,0.9,2,2,3,0.45,0.6666666666666666
294424417,76.3,19.075,75.0,2,2,4,38.15,0.5
294551734,30.0,15.0,30.0,1,1,2,30.0,0.5
294560519,1.0,0.09090909090909091,1.0,10,10,11,0.1,0.9090909090909091
294585971,250.0,125.0,250.0,1,1,2,250.0,0.5
294620986,127.5,3.8636363636363638,67.0,18,18,33,7.083333333333333,0.5454545454545454
294667556,5.6000000000000005,0.9333333333333335,4.9,3,3,6,1.866666666666667,0.5
294715521,0.2,0.1,0.2,1,1,2,0.2,0.5
294750703,0.0,0.0,0.0,1,1,1,0.0,1.0
294757149,0.4,0.2,0.4,1,1,2,0.4,0.5
294759066,8.4,2.8000000000000003,8.4,2,2,3,4.2,0.6666666666666666
294785149,300.7,42.957142857142856,279.0,4,4,7,75.175,0.5714285714285714
294797577,10.1,5.05,10.1,1,1,2,10.1,0.5
294809452,46.0,23.0,46.0,1,1,2,46.0,0.5
294834367,0.6,0.3,0.6,1,1,2,0.6,0.5
294848255,1.5,0.75,1.5,1,1,2,1.5,0.5
294864233,3.2,0.8,1.9,2,2,4,1.6,0.5
294888042,4.6,2.3,4.6,1,1,2,4.6,0.5
294924069,0.6,0.3,0.6,1,1,2,0.6,0.5
294931250,3.4,0.85,1.9,2,2,4,1.7,0.5
294939683,106.4,11.822222222222223,82.0,6,6,9,17.733333333333334,0.6666666666666666
294947971,181.0,90.5,181.0,1,1,2,181.0,0.5
295021107,0.6,0.3,0.6,1,1,2,0.6,0.5
295039588,21.5,5.375,21.0,2,2,4,10.75,0.5
295073214,19.4,9.7,19.4,1,1,2,19.4,0.5
295084996,19.6,6.533333333333334,19.6,2,2,3,9.8,0.6666666666666666
295117160,64.0,32.0,64.0,1,1,2,64.0,0.5
295138491,2.2,1.1,2.2,1,1,2,2.2,0.5
295171886,164.0,82.0,164.0,1,1,2,164.0,0.5
295202708,0.4,0.2,0.4,1,1,2,0.4,0.5
295204318,3.6,1.8,3.6,1,1,2,3.6,0.5
295216756,40.0,20.0,40.0,1,1,2,40.0,0.5
295268274,3.7,1.85,3.7,1,1,2,3.7,0.5
295363571,248.3,62.075,248.0,2,2,4,124.15,0.5
295382643,196.0,49.0,196.0,3,3,4,65.33333333333333,0.75
295386628,3.5,1.75,3.5,1,1,2,3.5,0.5
295387869,21.0,7.0,21.0,2,2,3,10.5,0.6666666666666666
295409380,0.9,0.45,0.9,1,1,2,0.9,0.5
295425801,31.4,7.85,28.0,2,2,4,15.7,0.5
295436578,11.8,5.9,11.8,1,1,2,11.8,0.5
295442416,1.2,0.6,1.2,1,1,2,1.2,0.5
295479185,77.0,15.4,42.0,3,3,5,25.666666666666668,0.6
295479473,20.0,10.0,20.0,1,1,2,20.0,0.5
295480706,1.6,0.8,1.6,1,1,2,1.6,0.5
295504656,12.8,6.4,12.8,1,1,2,12.8,0.5
295571494,8.9,4.45,8.9,1,1,2,8.9,0.5
295601631,11.3,5.65,11.3,1,1,2,11.3,0.5
295613222,1.8,0.9,1.8,1,1,2,1.8,0.5
295626029,4.5,2.25,4.5,1,1,2,4.5,0.5
295649583,16.9,8.45,16.9,1,1,2,16.9,0.5
295693261,0.3,0.075,0.3,3,3,4,0.09999999999999999,0.75
295708462,6.5,3.25,6.5,1,1,2,6.5,0.5
295708676,0.0,0.0,0.0,1,1,1,0.0,1.0
295723032,0.9,0.45,0.9,1,1,2,0.9,0.5
295726552,3.7,1.85,3.7,1,1,2,3.7,0.5
295759540,9.3,4.65,9.3,1,1,2,9.3,0.5
295809791,3.3,1.65,3.3,1,1,2,3.3,0.5
295832595,88.0,44.0,88.0,1,1,2,88.0,0.5
295872242,50.0,25.0,50.0,1,1,2,50.0,0.5
295883706,209.0,104.5,209.0,1,1,2,209.0,0.5
295885446,1.3,0.65,1.3,1,1,2,1.3,0.5
295931804,38.0,19.0,38.0,1,1,2,38.0,0.5
295931968,6.6,3.3,6.6,1,1,2,6.6,0.5
295941603,24.2,2.6888888888888887,20.0,5,5,9,4.84,0.5555555555555556
295981434,36.7,2.6214285714285714,20.0,9,9,14,4.077777777777778,0.6428571428571429
296088638,24.0,12.0,24.0,1,1,2,24.0,0.5
296106225,15.3,7.65,15.3,1,1,2,15.3,0.5
296121101,0.0,0.0,0.0,2,2,2,0.0,1.0
296138964,0.8,0.26666666666666666,0.8,2,2,3,0.4,0.6666666666666666
296139952,0.6,0.3,0.6,1,1,2,0.6,0.5
296141368,4.5,2.25,4.5,1,1,2,4.5,0.5
296153709,0.3,0.15,0.3,1,1,2,0.3,0.5
296188061,3.8,1.9,3.8,1,1,2,3.8,0.5
296207877,32.0,16.0,32.0,1,1,2,32.0,0.5
296212279,0.9,0.45,0.9,1,1,2,0.9,0.5
296222138,0.0,0.0,0.0,1,1,1,0.0,1.0
296225264,0.5,0.25,0.5,1,1,2,0.5,0.5
296254406,62.7,7.8375,61.0,6,6,8,10.450000000000001,0.75
296260221,20.4,0.85,11.0,14,14,24,1.457142857142857,0.5833333333333334
296283194,15.1,0.888235294117647,4.9,9,9,17,1.6777777777777778,0.5294117647058824
296285114,113.0,56.5,113.0,1,1,2,113.0,0.5
296345822,0.9,0.45,0.9,1,1,2,0.9,0.5
296371285,41.0,20.5,41.0,1,1,2,41.0,0.5
296371794,1.3,0.65,1.3,1,1,2,1.3,0.5
296394954,2.2,1.1,2.2,1,1,2,2.2,0.5
296405510,1.0,0.5,1.0,1,1,2,1.0,0.5
296426951,15.1,3.775,10.6,2,2,4,7.55,0.5
296439514,80.9,8.988888888888889,70.0,6,6,9,13.483333333333334,0.6666666666666666
296444878,1.1,0.3666666666666667,1.1,2,2,3,0.55,0.6666666666666666
296449198,63.0,31.5,63.0,1,1,2,63.0,0.5
296458459,26.0,13.0,26.0,1,1,2,26.0,0.5
296463465,1.4,0.7,1.4,1,1,2,1.4,0.5
296479717,0.5,0.25,0.5,1,1,2,0.5,0.5
296508653,2.0,1.0,2.0,1,1,2,2.0,0.5
296514965,0.4,0.2,0.4,1,1,2,0.4,0.5
296557510,4.9,2.45,4.9,1,1,2,4.9,0.5
296578913,0.0,0.0,0.0,1,1,1,0.0,1.0
296613851,0.0,0.0,0.0,1,1,1,0.0,1.0
296625428,0.6,0.3,0.6,1,1,2,0.6,0.5
296636469,0.0,0.0,0.0,4,4,4,0.0,1.0
296656295,4.3,0.5375,2.2,4,4,8,1.075,0.5
296676579,3.9,1.95,3.9,1,1,2,3.9,0.5
296769824,24.4,4.066666666666666,23.0,3,3,6,8.133333333333333,0.5
296801388,61.0,30.5,61.0,1,1,2,61.0,0.5
296840195,10.7,5.35,10.7,1,1,2,10.7,0.5
296883501,5.0,2.5,5.0,1,1,2,5.0,0.5
296898457,22.0,11.0,22.0,1,1,2,22.0,0.5
296917506,46.0,23.0,46.0,1,1,2,46.0,0.5
296923200,28.9,7.225,15.1,2,2,4,14.45,0.5
296947026,4.4,2.2,4.4,1,1,2,4.4,0.5
296979815,609.1,40.60666666666667,600.0,8,8,15,76.1375,0.5333333333333333
296979942,0.0,0.0,0.0,1,1,1,0.0,1.0
297015894,0.0,0.0,0.0,4,4,4,0.0,1.0
297018299,8.1,4.05,8.1,1,1,2,8.1,0.5
297022016,0.5,0.25,0.5,1,1,2,0.5,0.5
297043863,0.2,0.1,0.2,1,1,2,0.2,0.5
297059619,122.7,12.27,97.0,7,7,10,17.52857142857143,0.7
297089707,1.0,0.5,1.0,1,1,2,1.0,0.5
297099122,12.7,4.233333333333333,12.7,2,2,3,6.35,0.6666666666666666
297101826,0.0,0.0,0.0,2,2,2,0.0,1.0
297108494,0.0,0.0,0.0,1,1,1,0.0,1.0
297136903,1.4,0.7,1.4,1,1,2,1.4,0.5
297143782,0.4,0.2,0.4,1,1,2,0.4,0.5
297169314,0.8,0.4,0.8,1,1,2,0.8,0.5
297246490,1.7,0.85,1.7,1,1,2,1.7,0.5
297262910,2.3,1.15,2.3,1,1,2,2.3,0.5
297278471,1.6,0.8,1.6,1,1,2,1.6,0.5
297279953,96.6,24.15,95.0,2,2,4,48.3,0.5
297340487,3.4,0.3090909090909091,1.6,7,7,11,0.4857142857142857,0.6363636363636364
297340678,1.0,0.5,1.0,1,1,2,1.0,0.5
297340723,19.3,9.65,19.3,1,1,2,19.3,0.5
297379779,17.2,4.3,16.8,2,2,4,8.6,0.5
297388936,1.6,0.8,1.6,1,1,2,1.6,0.5
297391224,0.3,0.15,0.3,1,1,2,0.3,0.5
297455922,7.1,3.55,7.1,1,1,2,7.1,0.5
297492378,12.1,6.05,12.1,1,1,2,12.1,0.5
297510921,9.5,0.3275862068965517,4.1,20,20,29,0.475,0.6896551724137931
297517705,23.5,2.9375,15.0,4,4,8,5.875,0.5
297536213,0.8,0.4,0.8,1,1,2,0.8,0.5
297554632,1.0,0.5,1.0,1,1,2,1.0,0.5
297581476,11.3,5.65,11.3,1,1,2,11.3,0.5
297592267,0.0,0.0,0.0,1,1,1,0.0,1.0
297620161,3.9000000000000004,0.43333333333333335,2.2,5,5,9,0.78,0.5555555555555556
297626426,1.5,0.75,1.5,1,1,2,1.5,0.5
297637533,5.7,2.85,5.7,1,1,2,5.7,0.5
297650024,62.3,3.2789473684210524,46.0,12,12,19,5.191666666666666,0.631578947368421
297650159,2.1,0.23333333333333334,1.9,7,7,9,0.3,0.7777777777777778
297690673,34.8,4.971428571428571,26.0,4,4,7,8.7,0.5714285714285714
297699756,130.5,21.75,127.0,3,3,6,43.5,0.5
297703228,8.3,4.15,8.3,1,1,2,8.3,0.5
297730803,76.0,38.0,76.0,1,1,2,76.0,0.5
297771026,1.1,0.55,1.1,1,1,2,1.1,0.5
297771244,2.6,1.3,2.6,1,1,2,2.6,0.5
297811211,44.7,7.45,29.0,3,3,6,14.9,0.5
297821985,6.9,3.45,6.9,1,1,2,6.9,0.5
297838495,0.4,0.2,0.4,1,1,2,0.4,0.5
297921685,3.2,1.6,3.2,1,1,2,3.2,0.5
297925945,118.0,59.0,118.0,1,1,2,118.0,0.5
297973869,0.0,0.0,0.0,1,1,1,0.0,1.0
297996370,27.0,13.5,27.0,1,1,2,27.0,0.5
298008741,42.0,21.0,42.0,1,1,2,42.0,0.5
298020652,0.0,0.0,0.0,1,1,1,0.0,1.0
298060523,0.0,0.0,0.0,1,1,1,0.0,1.0
298071662,0.2,0.1,0.2,1,1,2,0.2,0.5
298088734,120.0,60.0,120.0,1,1,2,120.0,0.5
298093863,0.8,0.4,0.8,1,1,2,0.8,0.5
298144216,27.0,13.5,27.0,1,1,2,27.0,0.5
298173249,0.5,0.25,0.5,1,1,2,0.5,0.5
298178235,65.5,5.954545454545454,54.0,7,7,11,9.357142857142858,0.6363636363636364
298179648,19.8,2.475,16.7,4,4,8,4.95,0.5
298182105,17.7,8.85,17.7,1,1,2,17.7,0.5
298215805,0.0,0.0,0.0,1,1,1,0.0,1.0
298222970,202.7,14.478571428571428,159.0,11,11,14,18.427272727272726,0.7857142857142857
298232692,0.2,0.1,0.2,1,1,2,0.2,0.5
298236235,18.3,9.15,18.3,1,1,2,18.3,0.5
298242221,12.0,2.4,11.8,3,3,5,4.0,0.6
298263185,4.8,2.4,4.8,1,1,2,4.8,0.5
298272852,0.3,0.15,0.3,1,1,2,0.3,0.5
298306205,82.0,16.4,50.0,3,3,5,27.333333333333332,0.6
298327915,186.4,46.6,185.0,2,2,4,93.2,0.5
298346862,3.9,1.95,3.9,1,1,2,3.9,0.5
298360007,4.6,2.3,4.6,1,1,2,4.6,0.5
298367684,2.9,1.45,2.9,1,1,2,2.9,0.5
298381887,87.0,43.5,87.0,1,1,2,87.0,0.5
298389371,237.6,47.519999999999996,231.0,3,3,5,79.2,0.6
298402690,5.4,2.7,5.4,1,1,2,5.4,0.5
298417849,2.9,1.45,2.9,1,1,2,2.9,0.5
298431593,8.4,1.2,6.7,4,4,7,2.1,0.5714285714285714
298446224,21.0,7.0,21.0,2,2,3,10.5,0.6666666666666666
298447605,125.0,62.5,125.0,1,1,2,125.0,0.5
298449280,156.0,78.0,156.0,1,1,2,156.0,0.5
298452474,5.3,2.65,5.3,1,1,2,5.3,0.5
298466854,35.0,17.5,35.0,1,1,2,35.0,0.5
298474942,0.0,0.0,0.0,1,1,1,0.0,1.0
298478157,3.7,1.85,3.7,1,1,2,3.7,0.5
298493475,80.2,4.7176470588235295,70.0,10,10,17,8.02,0.5882352941176471
298504348,0.2,0.1,0.2,1,1,2,0.2,0.5
298504730,0.2,0.06666666666666667,0.2,2,2,3,0.1,0.6666666666666666
298505728,5.0,2.5,5.0,1,1,2,5.0,0.5
298507313,0.4,0.2,0.4,1,1,2,0.4,0.5
298508104,4.0,2.0,4.0,1,1,2,4.0,0.5
298516674,0.7,0.35,0.7,1,1,2,0.7,0.5
298517436,1.9,0.95,1.9,1,1,2,1.9,0.5
298519243,0.4,0.2,0.4,1,1,2,0.4,0.5
298547051,36.6,5.228571428571429,33.0,4,4,7,9.15,0.5714285714285714
298548515,3.8,1.9,3.8,1,1,2,3.8,0.5
298557690,41.0,20.5,41.0,1,1,2,41.0,0.5
298592139,47.4,9.48,47.0,3,3,5,15.799999999999999,0.6
298614625,8.0,4.0,8.0,1,1,2,8.0,0.5
298644485,0.0,0.0,0.0,1,1,1,0.0,1.0
298644721,3.9,0.975,2.8,2,2,4,1.95,0.5
298666122,19.0,9.5,19.0,1,1,2,19.0,0.5
298715051,63.9,3.7588235294117647,62.0,13,13,17,4.915384615384616,0.7647058823529411
298768275,1.2,0.6,1.2,1,1,2,1.2,0.5
298822624,29.0,14.5,29.0,1,1,2,29.0,0.5
298857855,0.2,0.1,0.2,1,1,2,0.2,0.5
298873670,5.5,2.75,5.5,1,1,2,5.5,0.5
298884520,1.6,0.12307692307692308,0.7,8,8,13,0.2,0.6153846153846154
298890193,36.7,3.6700000000000004,27.0,5,5,10,7.340000000000001,0.5
298902962,5.1,1.02,4.6,3,3,5,1.7,0.6
298913000,1.0,0.5,1.0,1,1,2,1.0,0.5
298952330,0.0,0.0,0.0,1,1,1,0.0,1.0
298954577,12.9,6.45,12.9,1,1,2,12.9,0.5
298979438,73.0,36.5,73.0,1,1,2,73.0,0.5
299025375,0.3,0.09999999999999999,0.3,2,2,3,0.15,0.6666666666666666
299037840,2.4,0.48,1.9,3,3,5,0.7999999999999999,0.6
299060755,100.9,14.414285714285715,98.0,5,5,7,20.18,0.7142857142857143
299064114,0.1,0.05,0.1,1,1,2,0.1,0.5
299124379,1.2,0.6,1.2,1,1,2,1.2,0.5
299211913,9.6,1.92,9.4,3,3,5,3.1999999999999997,0.6
299212897,1.5999999999999999,0.39999999999999997,1.4,2,2,4,0.7999999999999999,0.5
299223802,5.4,2.7,5.4,1,1,2,5.4,0.5
299255319,0.1,0.05,0.1,1,1,2,0.1,0.5
299256191,71.0,35.5,71.0,1,1,2,71.0,0.5
299312201,18.8,9.4,18.8,1,1,2,18.8,0.5
299315042,11.8,5.9,11.8,1,1,2,11.8,0.5
299364834,0.2,0.1,0.2,1,1,2,0.2,0.5
299440710,3.2,1.6,3.2,1,1,2,3.2,0.5
299450273,1.4,0.7,1.4,1,1,2,1.4,0.5
299455273,4.2,2.1,4.2,1,1,2,4.2,0.5
299489226,1.1,0.55,1.1,1,1,2,1.1,0.5
299497567,45.2,7.533333333333334,43.0,3,3,6,15.066666666666668,0.5
299510506,16.6,3.3200000000000003,16.5,3,3,5,5.533333333333334,0.6
299523550,0.2,0.1,0.2,1,1,2,0.2,0.5
299561228,28.0,14.0,28.0,1,1,2,28.0,0.5
299581299,1.8,0.6,1.8,2,2,3,0.9,0.6666666666666666
299586690,0.0,0.0,0.0,1,1,1,0.0,1.0
299592766,3.6,1.8,3.6,1,1,2,3.6,0.5
299644153,2.8,0.9333333333333332,2.8,2,2,3,1.4,0.6666666666666666
299670894,3.9,1.95,3.9,1,1,2,3.9,0.5
299736416,7.7,3.85,7.7,1,1,2,7.7,0.5
299764859,133.0,66.5,133.0,1,1,2,133.0,0.5
299776839,9.0,4.5,9.0,1,1,2,9.0,0.5
299797806,96.0,48.0,96.0,1,1,2,96.0,0.5
299821244,0.5,0.25,0.5,1,1,2,0.5,0.5
299833291,142.0,71.0,142.0,1,1,2,142.0,0.5
299833904,14.1,7.05,14.1,1,1,2,14.1,0.5
299848257,3.6999999999999997,0.9249999999999999,3.4,2,2,4,1.8499999999999999,0.5
299875252,0.8,0.4,0.8,1,1,2,0.8,0.5
299884217,46.0,23.0,46.0,1,1,2,46.0,0.5
299889828,0.0,0.0,0.0,2,2,2,0.0,1.0
299905842,28.0,14.0,28.0,1,1,2,28.0,0.5
299914260,83.0,41.5,83.0,1,1,2,83.0,0.5
299938570,2.9,1.45,2.9,1,1,2,2.9,0.5
299950927,4.2,2.1,4.2,1,1,2,4.2,0.5
299965727,115.0,57.5,115.0,1,1,2,115.0,0.5
299978094,126.0,63.0,126.0,1,1,2,126.0,0.5
299980746,317.0,158.5,317.0,1,1,2,317.0,0.5
299991818,2.1999999999999997,0.27499999999999997,1.4,5,5,8,0.43999999999999995,0.625
300035772,8.0,4.0,8.0,1,1,2,8.0,0.5
300041052,1.2,0.6,1.2,1,1,2,1.2,0.5
300078123,0.4,0.2,0.4,1,1,2,0.4,0.5
300089223,65.0,32.5,65.0,1,1,2,65.0,0.5
300093855,180.0,90.0,180.0,1,1,2,180.0,0.5
300136813,42.5,6.071428571428571,41.0,4,4,7,10.625,0.5714285714285714
300162650,60.0,30.0,60.0,1,1,2,60.0,0.5
300177729,2.7,1.35,2.7,1,1,2,2.7,0.5
300187751,1.0,0.5,1.0,1,1,2,1.0,0.5
300187809,0.8,0.4,0.8,1,1,2,0.8,0.5
300199064,2.1,1.05,2.1,1,1,2,2.1,0.5
300217861,9.7,4.85,9.7,1,1,2,9.7,0.5
300237358,3.5,1.75,3.5,1,1,2,3.5,0.5
300240653,1.0,0.5,1.0,1,1,2,1.0,0.5
300248088,1775.0,443.75,888.0,2,2,4,887.5,0.5
300254785,12.6,6.3,12.6,1,1,2,12.6,0.5
300271429,0.4,0.2,0.4,1,1,2,0.4,0.5
300292281,0.6,0.3,0.6,1,1,2,0.6,0.5
300305800,0.2,0.1,0.2,1,1,2,0.2,0.5
300345395,0.5,0.25,0.5,1,1,2,0.5,0.5
300412433,1.0,0.5,1.0,1,1,2,1.0,0.5
300416572,0.0,0.0,0.0,6,6,6,0.0,1.0
300444723,9.8,4.9,9.8,1,1,2,9.8,0.5
300449823,3.4,1.7,3.4,1,1,2,3.4,0.5
300454826,4.3,2.15,4.3,1,1,2,4.3,0.5
300488750,243.0,81.0,243.0,2,2,3,121.5,0.6666666666666666
300513907,1.4,0.7,1.4,1,1,2,1.4,0.5
300516886,1.6,0.4,1.2,2,2,4,0.8,0.5
300518357,0.0,0.0,0.0,1,1,1,0.0,1.0
300534109,0.4,0.2,0.4,1,1,2,0.4,0.5
300538511,1.4,0.7,1.4,1,1,2,1.4,0.5
300589624,0.0,0.0,0.0,1,1,1,0.0,1.0
300601393,25.4,6.35,13.4,2,2,4,12.7,0.5
300620379,26.3,4.383333333333334,11.4,3,3,6,8.766666666666667,0.5
300631922,0.0,0.0,0.0,1,1,1,0.0,1.0
300643399,58.6,11.72,58.0,3,3,5,19.533333333333335,0.6
300645203,2.9,1.45,2.9,1,1,2,2.9,0.5
300655945,0.1,0.05,0.1,1,1,2,0.1,0.5
300658566,1.5,0.75,1.5,1,1,2,1.5,0.5
300669819,41.2,3.1692307692307695,24.0,8,8,13,5.15,0.6153846153846154
300708628,90.3,6.02,80.0,8,8,15,11.2875,0.5333333333333333
300729671,4.7,2.35,4.7,1,1,2,4.7,0.5
300757930,0.4,0.2,0.4,1,1,2,0.4,0.5
300759788,3.5,1.75,3.5,1,1,2,3.5,0.5
300806786,0.3,0.15,0.3,1,1,2,0.3,0.5
300877381,0.0,0.0,0.0,2,2,2,0.0,1.0
300885999,1.2,0.6,1.2,1,1,2,1.2,0.5
300892049,2.9,1.45,2.9,1,1,2,2.9,0.5
300899222,1.2,0.6,1.2,1,1,2,1.2,0.5
300928439,3.5,0.875,3.0,2,2,4,1.75,0.5
300938059,6.3,3.15,6.3,1,1,2,6.3,0.5
300944123,111.0,55.5,111.0,1,1,2,111.0,0.5
300974418,3.0,1.5,3.0,1,1,2,3.0,0.5
300985675,34.0,17.0,34.0,1,1,2,34.0,0.5
300991661,0.3,0.15,0.3,1,1,2,0.3,0.5
301004831,0.7,0.175,0.5,2,2,4,0.35,0.5
301005939,2.1,1.05,2.1,1,1,2,2.1,0.5
301037405,3.2,1.6,3.2,1,1,2,3.2,0.5
301047544,0.8,0.4,0.8,1,1,2,0.8,0.5
301063073,1.7,0.85,1.7,1,1,2,1.7,0.5
301070733,0.2,0.1,0.2,1,1,2,0.2,0.5
301087793,61.0,30.5,61.0,1,1,2,61.0,0.5
301099545,19.6,9.8,19.6,1,1,2,19.6,0.5
301110007,7.9,2.6333333333333333,7.9,2,2,3,3.95,0.6666666666666666
301117259,50.0,25.0,50.0,1,1,2,50.0,0.5
301168432,0.0,0.0,0.0,3,3,3,0.0,1.0
301183534,0.0,0.0,0.0,1,1,1,0.0,1.0
301189920,2.0,1.0,2.0,1,1,2,2.0,0.5
301190190,16.7,8.35,16.7,1,1,2,16.7,0.5
301201297,0.4,0.2,0.4,1,1,2,0.4,0.5
301230271,1.8,0.9,1.8,1,1,2,1.8,0.5
301243329,1.2,0.6,1.2,1,1,2,1.2,0.5
301249176,5.1,1.7,5.1,2,2,3,2.55,0.6666666666666666
301253133,149.0,74.5,149.0,1,1,2,149.0,0.5
301274389,9.8,4.9,9.8,1,1,2,9.8,0.5
301299641,14.2,7.1,14.2,1,1,2,14.2,0.5
301340437,278.0,139.0,278.0,1,1,2,278.0,0.5
301355977,0.2,0.1,0.2,1,1,2,0.2,0.5
301411431,0.0,0.0,0.0,1,1,1,0.0,1.0
301432974,43.0,21.5,43.0,1,1,2,43.0,0.5
301445962,0.8,0.4,0.8,1,1,2,0.8,0.5
301472034,0.4,0.2,0.4,1,1,2,0.4,0.5
301477644,2.4000000000000004,0.6000000000000001,2.2,2,2,4,1.2000000000000002,0.5
301478904,0.2,0.1,0.2,1,1,2,0.2,0.5
301506413,10.7,5.35,10.7,1,1,2,10.7,0.5
301555716,28.5,7.125,28.0,2,2,4,14.25,0.5
301568811,1.2,0.6,1.2,1,1,2,1.2,0.5
301589651,0.0,0.0,0.0,1,1,1,0.0,1.0
301610122,1.9,0.95,1.9,1,1,2,1.9,0.5
301613541,2.0,1.0,2.0,1,1,2,2.0,0.5
301635362,0.0,0.0,0.0,1,1,1,0.0,1.0
301656813,8.4,4.2,8.4,1,1,2,8.4,0.5
301733532,1.7000000000000002,0.2833333333333334,0.8,3,3,6,0.5666666666666668,0.5
301737953,0.2,0.1,0.2,1,1,2,0.2,0.5
301745727,4.3,2.15,4.3,1,1,2,4.3,0.5
301776008,0.1,0.05,0.1,1,1,2,0.1,0.5
301796928,0.0,0.0,0.0,1,1,1,0.0,1.0
301801801,12.3,3.075,6.2,2,2,4,6.15,0.5
301805182,56.0,28.0,56.0,1,1,2,56.0,0.5
301814040,7.4,3.7,7.4,1,1,2,7.4,0.5
301883131,0.3,0.15,0.3,1,1,2,0.3,0.5
301910202,2.0,1.0,2.0,1,1,2,2.0,0.5
301915080,2.2,1.1,2.2,1,1,2,2.2,0.5
301935887,30.0,15.0,30.0,1,1,2,30.0,0.5
301987885,15.8,7.9,15.8,1,1,2,15.8,0.5
302004137,4.9,2.45,4.9,1,1,2,4.9,0.5
302054444,62.0,31.0,62.0,1,1,2,62.0,0.5
302084159,0.0,0.0,0.0,1,1,1,0.0,1.0
302089220,20.0,10.0,20.0,1,1,2,20.0,0.5
302111387,1.0,0.5,1.0,1,1,2,1.0,0.5
302160412,5.3,2.65,5.3,1,1,2,5.3,0.5
302166520,1.0,0.5,1.0,1,1,2,1.0,0.5
302186258,4.2,2.1,4.2,1,1,2,4.2,0.5
302228798,16.2,4.05,14.2,2,2,4,8.1,0.5
302237901,0.1,0.03333333333333333,0.1,2,2,3,0.05,0.6666666666666666
302253205,0.9,0.45,0.9,1,1,2,0.9,0.5
302328584,0.3,0.075,0.3,3,3,4,0.09999999999999999,0.75
302341431,0.6,0.12,0.6,4,4,5,0.15,0.8
302345333,14.5,3.625,12.9,2,2,4,7.25,0.5
302363079,66.7,6.0636363636363635,54.0,7,7,11,9.528571428571428,0.6363636363636364
302365287,10.2,5.1,10.2,1,1,2,10.2,0.5
302378981,15.7,3.925,13.1,2,2,4,7.85,0.5
302387415,1.2,0.3,0.6,2,2,4,0.6,0.5
302394761,10.0,0.5555555555555556,4.5,12,12,18,0.8333333333333334,0.6666666666666666
302396512,10.1,5.05,10.1,1,1,2,10.1,0.5
302437973,43.8,8.76,43.0,3,3,5,14.6,0.6
302442858,53.0,26.5,53.0,1,1,2,53.0,0.5
302465464,62.0,31.0,62.0,1,1,2,62.0,0.5
302472242,50.8,4.233333333333333,37.0,7,7,12,7.257142857142857,0.5833333333333334
302477662,13.4,6.7,13.4,1,1,2,13.4,0.5
302482376,9.3,4.65,9.3,1,1,2,9.3,0.5
302533082,1.8,0.9,1.8,1,1,2,1.8,0.5
302545663,10.1,1.1222222222222222,8.1,5,5,9,2.02,0.5555555555555556
302553338,3.4,0.85,2.5,2,2,4,1.7,0.5
302555311,127.0,63.5,127.0,1,1,2,127.0,0.5
302563555,17.9,4.475,17.9,3,3,4,5.966666666666666,0.75
302573478,28.3,7.075,28.0,2,2,4,14.15,0.5
302575216,0.0,0.0,0.0,1,1,1,0.0,1.0
302606492,54.0,9.0,54.0,5,5,6,10.8,0.8333333333333334
302614540,0.0,0.0,0.0,1,1,1,0.0,1.0
302642693,7.9,3.95,7.9,1,1,2,7.9,0.5
302647549,13.5,6.75,13.5,1,1,2,13.5,0.5
302652704,0.6,0.3,0.6,1,1,2,0.6,0.5
302665101,4.0,2.0,4.0,1,1,2,4.0,0.5
302665353,0.0,0.0,0.0,1,1,1,0.0,1.0
302684420,0.6,0.3,0.6,1,1,2,0.6,0.5
302708380,0.9,0.3,0.9,2,2,3,0.45,0.6666666666666666
302711124,0.0,0.0,0.0,2,2,2,0.0,1.0
302742986,13.9,6.95,13.9,1,1,2,13.9,0.5
302813048,0.4,0.2,0.4,1,1,2,0.4,0.5
302823979,2.1,1.05,2.1,1,1,2,2.1,0.5
302857051,0.1,0.03333333333333333,0.1,2,2,3,0.05,0.6666666666666666
302883346,92.7,11.5875,92.0,5,5,8,18.54,0.625
302916505,32.5,6.5,31.0,3,3,5,10.833333333333334,0.6
302918609,1.2,0.3,0.7,2,2,4,0.6,0.5
302930650,0.0,0.0,0.0,1,1,1,0.0,1.0
302942360,15.2,5.066666666666666,15.2,2,2,3,7.6,0.6666666666666666
302955779,0.7,0.35,0.7,1,1,2,0.7,0.5
302980730,30.8,5.133333333333334,26.0,3,3,6,10.266666666666667,0.5
303007171,32.0,0.8,27.0,35,35,40,0.9142857142857143,0.875
303010440,8.5,4.25,8.5,1,1,2,8.5,0.5
303012193,0.0,0.0,0.0,1,1,1,0.0,1.0
303024195,3.6,1.8,3.6,1,1,2,3.6,0.5
303032390,110.0,55.0,110.0,1,1,2,110.0,0.5
303061131,66.0,33.0,66.0,1,1,2,66.0,0.5
303077093,7.1,3.55,7.1,1,1,2,7.1,0.5
303090541,1.0,0.5,1.0,1,1,2,1.0,0.5
303105690,45.0,22.5,45.0,1,1,2,45.0,0.5
303122483,4.0,1.0,3.2,2,2,4,2.0,0.5
303128637,13.0,3.25,13.0,3,3,4,4.333333333333333,0.75
303129589,2.9,0.11599999999999999,1.1,19,19,25,0.15263157894736842,0.76
303252325,0.0,0.0,0.0,4,4,4,0.0,1.0
303269114,67.0,33.5,67.0,1,1,2,67.0,0.5
303274061,2.3,0.7666666666666666,2.3,2,2,3,1.15,0.6666666666666666
303300985,56.0,28.0,56.0,1,1,2,56.0,0.5
303311021,0.9,0.45,0.9,1,1,2,0.9,0.5
303315809,10.5,5.25,10.5,1,1,2,10.5,0.5
303320631,0.4,0.2,0.4,1,1,2,0.4,0.5
303322239,2.0,1.0,2.0,1,1,2,2.0,0.5
303325128,42.0,21.0,42.0,1,1,2,42.0,0.5
303326013,29.2,7.3,29.0,2,2,4,14.6,0.5
303345566,8.8,4.4,8.8,1,1,2,8.8,0.5
303398143,23.0,11.5,23.0,1,1,2,23.0,0.5
303413869,5.9,2.95,5.9,1,1,2,5.9,0.5
303426048,35.5,8.875,18.1,2,2,4,17.75,0.5
303442756,0.0,0.0,0.0,10,10,10,0.0,1.0
303456254,22.0,11.0,22.0,1,1,2,22.0,0.5
303465665,4.5,2.25,4.5,1,1,2,4.5,0.5
303467308,4.2,0.4666666666666667,2.5,7,7,9,0.6,0.7777777777777778
303486706,35.0,17.5,35.0,1,1,2,35.0,0.5
303525289,19.3,1.4846153846153847,11.6,8,8,13,2.4125,0.6153846153846154
303615424,2.4,0.6,2.0,2,2,4,1.2,0.5
303627886,1.0,0.5,1.0,1,1,2,1.0,0.5
303665569,0.2,0.1,0.2,1,1,2,0.2,0.5
303669225,0.0,0.0,0.0,1,1,1,0.0,1.0
303693006,6.9,3.45,6.9,1,1,2,6.9,0.5
303712259,3.8,1.9,3.8,1,1,2,3.8,0.5
303750703,0.7,0.35,0.7,1,1,2,0.7,0.5
303789064,2.9,0.41428571428571426,2.0,4,4,7,0.725,0.5714285714285714
303789257,1.1,0.275,1.0,2,2,4,0.55,0.5
303832667,6.1,3.05,6.1,1,1,2,6.1,0.5
303846149,7.6,3.8,7.6,1,1,2,7.6,0.5
303854541,0.8999999999999999,0.18,0.7,3,3,5,0.3,0.6
303870889,29.0,14.5,29.0,1,1,2,29.0,0.5
303871659,0.2,0.1,0.2,1,1,2,0.2,0.5
303883231,41.0,20.5,41.0,1,1,2,41.0,0.5
303906239,0.4,0.13333333333333333,0.4,2,2,3,0.2,0.6666666666666666
303918601,22.0,7.333333333333333,22.0,2,2,3,11.0,0.6666666666666666
303951866,0.7,0.175,0.6,2,2,4,0.35,0.5
303962685,4.8,2.4,4.8,1,1,2,4.8,0.5
303986455,1.5,0.75,1.5,1,1,2,1.5,0.5
304032401,72.0,36.0,72.0,1,1,2,72.0,0.5
304037281,1.0,0.25,0.8,2,2,4,0.5,0.5
304056467,22.0,11.0,22.0,1,1,2,22.0,0.5
304062371,35.0,17.5,35.0,1,1,2,35.0,0.5
304081461,4.7,0.39166666666666666,4.0,9,9,12,0.5222222222222223,0.75
304084564,0.9,0.45,0.9,1,1,2,0.9,0.5
304107339,109.6,27.4,108.0,2,2,4,54.8,0.5
304213220,55.0,18.333333333333332,55.0,2,2,3,27.5,0.6666666666666666
304215530,4.7,1.175,3.6,2,2,4,2.35,0.5
304222866,1.6,0.8,1.6,1,1,2,1.6,0.5
304224083,15.799999999999999,3.1599999999999997,15.6,3,3,5,5.266666666666667,0.6
304236660,1.0,0.5,1.0,1,1,2,1.0,0.5
304251785,2.5,1.25,2.5,1,1,2,2.5,0.5
304265629,3.1,0.775,2.5,2,2,4,1.55,0.5
304294579,0.0,0.0,0.0,1,1,1,0.0,1.0
304312065,0.6,0.3,0.6,1,1,2,0.6,0.5
304353788,8.6,2.15,7.0,2,2,4,4.3,0.5
304358859,14.5,7.25,14.5,1,1,2,14.5,0.5
304395604,6.3,3.15,6.3,1,1,2,6.3,0.5
304396588,12.9,3.225,12.9,3,3,4,4.3,0.75
304403687,0.8,0.4,0.8,1,1,2,0.8,0.5
304435173,13.1,6.55,13.1,1,1,2,13.1,0.5
304467587,0.0,0.0,0.0,1,1,1,0.0,1.0
304497512,23.0,11.5,23.0,1,1,2,23.0,0.5
304497842,1.6,0.8,1.6,1,1,2,1.6,0.5
304539641,30.0,15.0,30.0,1,1,2,30.0,0.5
304674551,1.2,0.6,1.2,1,1,2,1.2,0.5
304744338,0.0,0.0,0.0,1,1,1,0.0,1.0
304788598,0.7,0.35,0.7,1,1,2,0.7,0.5
304834885,15.3,3.06,13.9,3,3,5,5.1000000000000005,0.6
304848876,42.0,10.5,42.0,3,3,4,14.0,0.75
304908910,9.3,4.65,9.3,1,1,2,9.3,0.5
304912866,21.0,10.5,21.0,1,1,2,21.0,0.5
304971849,21.2,0.9636363636363636,11.1,14,14,22,1.5142857142857142,0.6363636363636364
305014808,6.9,3.45,6.9,1,1,2,6.9,0.5
305019410,0.0,0.0,0.0,1,1,1,0.0,1.0
305037794,11.2,5.6,11.2,1,1,2,11.2,0.5
305086197,2.0,1.0,2.0,1,1,2,2.0,0.5
305093062,1.2,0.6,1.2,1,1,2,1.2,0.5
305130721,0.1,0.03333333333333333,0.1,2,2,3,0.05,0.6666666666666666
305190256,52.7,7.528571428571429,51.0,4,4,7,13.175,0.5714285714285714
305242867,0.5,0.25,0.5,1,1,2,0.5,0.5
305303802,0.6,0.15,0.6,3,3,4,0.19999999999999998,0.75
305390769,1.7,0.33999999999999997,1.0,3,3,5,0.5666666666666667,0.6
305417173,3.8,1.9,3.8,1,1,2,3.8,0.5
305552753,0.6,0.3,0.6,1,1,2,0.6,0.5
305575697,0.0,0.0,0.0,1,1,1,0.0,1.0
305580641,3.6,1.8,3.6,1,1,2,3.6,0.5
305676867,1.3,0.65,1.3,1,1,2,1.3,0.5
305697665,30.0,15.0,30.0,1,1,2,30.0,0.5
305808638,81.0,40.5,81.0,1,1,2,81.0,0.5
305835588,0.0,0.0,0.0,1,1,1,0.0,1.0
305889009,15.7,7.85,15.7,1,1,2,15.7,0.5
305912574,22.4,5.6,14.5,2,2,4,11.2,0.5
305993961,0.1,0.03333333333333333,0.1,2,2,3,0.05,0.6666666666666666
306041509,1.5,0.75,1.5,1,1,2,1.5,0.5
306042038,1.6,0.2285714285714286,0.8,4,4,7,0.4,0.5714285714285714
306162738,0.3,0.15,0.3,1,1,2,0.3,0.5
306167161,0.3,0.15,0.3,1,1,2,0.3,0.5
306298588,2.6,1.3,2.6,1,1,2,2.6,0.5
306358885,0.3,0.15,0.3,1,1,2,0.3,0.5
306375195,0.4,0.2,0.4,1,1,2,0.4,0.5
306547522,8.1,0.7363636363636363,3.6,7,7,11,1.157142857142857,0.6363636363636364
306592834,0.0,0.0,0.0,1,1,1,0.0,1.0
306617101,82.0,27.333333333333332,82.0,2,2,3,41.0,0.6666666666666666
306636026,0.0,0.0,0.0,1,1,1,0.0,1.0
306690580,20.0,4.0,20.0,4,4,5,5.0,0.8
306778978,0.0,0.0,0.0,1,1,1,0.0,1.0
306839937,7.9,3.95,7.9,1,1,2,7.9,0.5
306860604,0.0,0.0,0.0,1,1,1,0.0,1.0
306893799,47.0,23.5,47.0,1,1,2,47.0,0.5
306931395,0.5,0.25,0.5,1,1,2,0.5,0.5
306950369,0.6,0.3,0.6,1,1,2,0.6,0.5
306955075,48.0,24.0,48.0,1,1,2,48.0,0.5
306957991,2.3,1.15,2.3,1,1,2,2.3,0.5
306971738,8.7,0.6692307692307692,4.7,7,7,13,1.2428571428571427,0.5384615384615384
306993682,15.6,2.6,14.7,4,4,6,3.9,0.6666666666666666
307038639,2.5,1.25,2.5,1,1,2,2.5,0.5
307057657,0.0,0.0,0.0,1,1,1,0.0,1.0
307062543,21.0,10.5,21.0,1,1,2,21.0,0.5
307181486,42.0,21.0,42.0,1,1,2,42.0,0.5
307186538,3.1,1.55,3.1,1,1,2,3.1,0.5
307232663,36.0,18.0,36.0,1,1,2,36.0,0.5
307233796,0.3,0.15,0.3,1,1,2,0.3,0.5
307239317,0.7,0.35,0.7,1,1,2,0.7,0.5
307242646,4.8,2.4,4.8,1,1,2,4.8,0.5
307269300,0.3,0.15,0.3,1,1,2,0.3,0.5
307288211,37.9,9.475,37.0,2,2,4,18.95,0.5
307351018,15.4,3.85,15.4,3,3,4,5.133333333333334,0.75
307389446,0.0,0.0,0.0,1,1,1,0.0,1.0
307519874,1.8,0.9,1.8,1,1,2,1.8,0.5
307541221,0.2,0.1,0.2,1,1,2,0.2,0.5
307597897,1.1,0.55,1.1,1,1,2,1.1,0.5
307631446,14.2,7.1,14.2,1,1,2,14.2,0.5
307639284,16.2,8.1,16.2,1,1,2,16.2,0.5
307663333,0.0,0.0,0.0,1,1,1,0.0,1.0
307671219,0.6,0.3,0.6,1,1,2,0.6,0.5
307674833,1.3,0.325,0.9,2,2,4,0.65,0.5
307688442,65.3,13.059999999999999,65.0,3,3,5,21.766666666666666,0.6
307701164,0.9,0.45,0.9,1,1,2,0.9,0.5
307704705,3.2,1.6,3.2,1,1,2,3.2,0.5
307705649,0.8,0.4,0.8,1,1,2,0.8,0.5
307708163,0.7,0.35,0.7,1,1,2,0.7,0.5
307729778,0.0,0.0,0.0,2,2,2,0.0,1.0
307750400,0.9,0.45,0.9,1,1,2,0.9,0.5
307788609,14.9,7.45,14.9,1,1,2,14.9,0.5
307846753,25.0,12.5,25.0,1,1,2,25.0,0.5
307879703,1.9,0.95,1.9,1,1,2,1.9,0.5
307886547,36.0,18.0,36.0,1,1,2,36.0,0.5
307901099,0.2,0.1,0.2,1,1,2,0.2,0.5
307915393,16.4,3.28,10.1,3,3,5,5.466666666666666,0.6
307949159,0.0,0.0,0.0,1,1,1,0.0,1.0
307998745,0.3,0.15,0.3,1,1,2,0.3,0.5
308098481,8.7,4.35,8.7,1,1,2,8.7,0.5
308100652,0.2,0.1,0.2,1,1,2,0.2,0.5
308101403,23.0,7.666666666666667,23.0,2,2,3,11.5,0.6666666666666666
308114190,2.5,1.25,2.5,1,1,2,2.5,0.5
308118796,0.9,0.45,0.9,1,1,2,0.9,0.5
308122123,6.9,3.45,6.9,1,1,2,6.9,0.5
308161513,0.6,0.3,0.6,1,1,2,0.6,0.5
308165484,0.5,0.25,0.5,1,1,2,0.5,0.5
308178753,14.6,7.3,14.6,1,1,2,14.6,0.5
308202228,24.0,12.0,24.0,1,1,2,24.0,0.5
308220794,1.7,0.85,1.7,1,1,2,1.7,0.5
308221775,2.4,1.2,2.4,1,1,2,2.4,0.5
308238255,18.1,9.05,18.1,1,1,2,18.1,0.5
308280913,2.3,1.15,2.3,1,1,2,2.3,0.5
308305300,2.1,0.42000000000000004,1.1,3,3,5,0.7000000000000001,0.6
308309772,7.1,3.55,7.1,1,1,2,7.1,0.5
308327488,0.0,0.0,0.0,1,1,1,0.0,1.0
308362795,0.9,0.45,0.9,1,1,2,0.9,0.5
308378702,9.8,4.9,9.8,1,1,2,9.8,0.5
308402974,2.2,0.55,1.5,2,2,4,1.1,0.5
308406683,3.6,1.8,3.6,1,1,2,3.6,0.5
308440565,4.9,2.45,4.9,1,1,2,4.9,0.5
308452993,7.0,3.5,7.0,1,1,2,7.0,0.5
308459721,1.3,0.65,1.3,1,1,2,1.3,0.5
308468736,1.2999999999999998,0.25999999999999995,0.7,3,3,5,0.4333333333333333,0.6
308503685,12.3,6.15,12.3,1,1,2,12.3,0.5
308563852,8.4,4.2,8.4,1,1,2,8.4,0.5
308615060,0.8,0.4,0.8,1,1,2,0.8,0.5
308638385,37.0,18.5,37.0,1,1,2,37.0,0.5
308653033,0.6,0.19999999999999998,0.6,2,2,3,0.3,0.6666666666666666
308691324,3.1,1.55,3.1,1,1,2,3.1,0.5
308692673,2.9,1.45,2.9,1,1,2,2.9,0.5
308695132,11.1,1.3875,4.7,4,4,8,2.775,0.5
308760273,2.1,0.35000000000000003,0.9,3,3,6,0.7000000000000001,0.5
308770654,0.8,0.4,0.8,1,1,2,0.8,0.5
308819212,6.4,3.2,6.4,1,1,2,6.4,0.5
308851352,0.0,0.0,0.0,1,1,1,0.0,1.0
308851621,36.0,18.0,36.0,1,1,2,36.0,0.5
308880998,0.6,0.3,0.6,1,1,2,0.6,0.5
308894258,2.1,1.05,2.1,1,1,2,2.1,0.5
308925132,3.8,1.9,3.8,1,1,2,3.8,0.5
308925147,0.0,0.0,0.0,1,1,1,0.0,1.0
308940605,5.8,2.9,5.8,1,1,2,5.8,0.5
308954355,4.1,2.05,4.1,1,1,2,4.1,0.5
308970742,0.6,0.3,0.6,1,1,2,0.6,0.5
308971716,1.3,0.65,1.3,1,1,2,1.3,0.5
308997600,5.1,2.55,5.1,1,1,2,5.1,0.5
309038666,2.3,1.15,2.3,1,1,2,2.3,0.5
309052991,0.8999999999999999,0.18,0.7,3,3,5,0.3,0.6
309058572,5.2,2.6,5.2,1,1,2,5.2,0.5
309107542,6.7,3.35,6.7,1,1,2,6.7,0.5
309138595,0.8,0.4,0.8,1,1,2,0.8,0.5
309167186,1.1,0.55,1.1,1,1,2,1.1,0.5
309181805,3.2,1.0666666666666667,3.2,2,2,3,1.6,0.6666666666666666
309188905,6.8999999999999995,1.7249999999999999,6.1,2,2,4,3.4499999999999997,0.5
309213952,13.8,6.9,13.8,1,1,2,13.8,0.5
309216884,4.0,2.0,4.0,1,1,2,4.0,0.5
309228590,0.3,0.15,0.3,1,1,2,0.3,0.5
309255941,5.7,2.85,5.7,1,1,2,5.7,0.5
309262440,1.2,0.3,1.2,3,3,4,0.39999999999999997,0.75
309265377,2.8,0.7,2.0,2,2,4,1.4,0.5
309375103,0.0,0.0,0.0,1,1,1,0.0,1.0
309404240,18.4,1.8399999999999999,13.0,5,5,10,3.6799999999999997,0.5
309434439,0.8,0.4,0.8,1,1,2,0.8,0.5
309554670,5.9,2.95,5.9,1,1,2,5.9,0.5
309626088,6.7,3.35,6.7,1,1,2,6.7,0.5
309812026,0.0,0.0,0.0,2,2,2,0.0,1.0
309824202,0.7,0.35,0.7,1,1,2,0.7,0.5
309903146,0.2,0.1,0.2,1,1,2,0.2,0.5
